roc,reb,atr_p,atr_m,mkt_t,Full_CAGR,Full_Calmar,Ret_2020,Ret_2021,Ret_2022,Ret_2023,Ret_2024,Ret_2025
8,5,10,3.5,0.42,0.2576018088370646,1.6739038402878346,0.6627540910416667,0.3117361694448384,0.010996185686858118,0.18676770258237307,0.26317040461334096,0.0922127546730167
8,5,10,3.5,0.45,0.2506813479030585,1.6019172698631898,0.6251403155166666,0.31862988816276006,-0.023922749685026945,0.19672893034379024,0.27496765222015207,0.09545478158331133
8,5,10,3.5,0.48,0.25322134664312834,1.618148504780285,0.6251403155166666,0.31862988816276006,-0.01420343907812427,0.19478931150642387,0.27268549343379456,0.10102531186094499
8,5,10,4.0,0.42,0.2585956888187877,1.4910409560475943,0.6576988930500001,0.26610606816270543,0.011430503731263864,0.20080667021699772,0.27632188098683397,0.11523781176741443
8,5,10,4.0,0.45,0.25170142023471986,1.4267706854139715,0.6200851175250004,0.2720082666962189,-0.024884293194606277,0.21195812379329815,0.2890592784613508,0.11935848670092519
8,5,10,4.0,0.48,0.25423170979944,1.441113643722212,0.6200851175250004,0.2720082666962189,-0.014774327660711406,0.209783099952221,0.28659283631848953,0.12486491319361237
8,5,10,4.5,0.42,0.2598996186908349,1.4985593058387954,0.6576988930500001,0.26610606816270543,0.011430503731263864,0.20984909956520137,0.2657790773466153,0.12270981853242002
8,5,10,4.5,0.45,0.2530395291238172,1.43435576195059,0.6200851175250004,0.2720082666962189,-0.024884293194606277,0.22150270892638924,0.27793419088671967,0.12710108566306344
8,5,10,4.5,0.48,0.25555715017004377,1.4486269087021164,0.6200851175250004,0.2720082666962189,-0.014774327660711406,0.2192297426245744,0.2755811583696013,0.1325603745842605
8,5,15,3.5,0.42,0.25423477744679546,1.6256892703211705,0.6868055237499997,0.2849712993587681,0.0093521307984481,0.2062505828746226,0.24768593341101863,0.08052018031178099
8,5,15,3.5,0.45,0.24722467029430417,1.5394535823612339,0.6491917482250005,0.29118527321031773,-0.025842554041498156,0.217350784855888,0.2586995338442306,0.08336458699567162
8,5,15,3.5,0.48,0.24979790588220285,1.555476970073044,0.6491917482250005,0.29118527321031773,-0.016054304600789604,0.21518858860029066,0.25656956481674587,0.08904066106140252
8,5,15,4.0,0.42,0.2591120858862541,1.7190444647768157,0.6524283189999998,0.32460146276565327,0.011270483707806145,0.18909059475202095,0.26017048553526956,0.09565275587956501
8,5,15,4.0,0.45,0.2522313782048802,1.6290014285110228,0.6148145434750001,0.331823527273593,-0.023507596624335436,0.19913209946175003,0.27175911787085627,0.0990027804782092
8,5,15,4.0,0.48,0.2547566412304565,1.6453104900770603,0.6148145434750001,0.331823527273593,-0.013826202184324288,0.1971771941450331,0.26951780853130347,0.10452895688679464
8,5,15,4.5,0.42,0.25908027219141827,1.4938350229499167,0.6576988930500001,0.26610606816270543,0.011430503731263864,0.20455618403479225,0.2754568316468027,0.11495497467355564
8,5,15,4.5,0.45,0.252198730009896,1.429589688215503,0.6200851175250004,0.2720082666962189,-0.024884293194606277,0.21591586042175748,0.2881127765685578,0.11905508720521985
8,5,15,4.5,0.48,0.25472430234843113,1.443905906904909,0.6200851175250004,0.2720082666962189,-0.014774327660711406,0.21370022397584343,0.28566239186035514,0.12454961637035922
8,5,20,3.5,0.42,0.24108303790157048,1.5110335930368053,0.6628517205083331,0.28617466136436676,0.007901700398270428,0.14059960650773995,0.27017183936886235,0.07242510485680209
8,5,20,3.5,0.45,0.23370881067807825,1.4256681534328164,0.6252379449833334,0.29250275089438915,-0.027782430728468865,0.14828167292670313,0.28310740801083023,0.0751275167816643
8,5,20,3.5,0.48,0.2364171437261655,1.4421894996514073,0.6252379449833334,0.29250275089438915,-0.01786503610403367,0.14678435542957224,0.28059915134213265,0.08117776603895832
8,5,20,4.0,0.42,0.25578822041623606,1.6485779800988516,0.6654849532666662,0.28722598348679895,0.01151339143303498,0.2054270440132342,0.26250018196679226,0.08529316256503061
8,5,20,4.0,0.45,0.24881964926876,1.5769290823517434,0.6278711777416666,0.2935675036069818,-0.024022988990173966,0.21658114516833948,0.2742843101528627,0.08829783292718596
8,5,20,4.0,0.48,0.25137748396683124,1.5931397149729645,0.6278711777416666,0.2935675036069818,-0.014129334791549875,0.2144076562596453,0.27200457583774207,0.0939260576700518
8,5,20,4.5,0.42,0.26553204863620383,1.761636848654344,0.6568964595999995,0.3240660510716322,0.011245703652523531,0.20012552179023935,0.27015135547390057,0.10638814490152892
8,5,20,4.5,0.45,0.25881723046588334,1.6715352433658202,0.6192826840749999,0.33125719727333314,-0.023455040334076638,0.21072869671491445,0.282041201641565,0.11004023869680024
8,5,20,4.5,0.48,0.26128102169402667,1.6874472978404158,0.6192826840749999,0.33125719727333314,-0.013795290734430643,0.20866463595288232,0.27974257818102877,0.11538720050773255
8,7,10,3.5,0.42,0.314102645091328,1.8427967840898813,0.743959586358333,0.12494826010915006,-0.04486589152478526,0.2507215445547126,0.6875948576130453,0.2053543811584586
8,7,10,3.5,0.45,0.3066708301336505,1.4813922772660468,0.649698545358333,0.13186628017655044,-0.07769649041235127,0.2724878935324948,0.7348203694577715,0.21357873511554226
8,7,10,3.5,0.48,0.305003170635993,1.5528240631317827,0.649698545358333,0.13186628017655044,-0.066382249214887,0.2691856922319915,0.7277573839936811,0.1979590078700546
8,7,10,4.0,0.42,0.31946727812063647,1.6057310358385535,0.7721891154833327,0.09033400625103916,-0.06469601014191695,0.2764014122518679,0.7436701745123393,0.21387952963049472
8,7,10,4.0,0.45,0.31197886950144627,1.3260760835495116,0.6681505324083328,0.09579514700101321,-0.09657191754122163,0.302119436035019,0.7971743968511535,0.22253950483611362
8,7,10,4.0,0.48,0.31034296298074815,1.3817685922378653,0.6681505324083328,0.09579514700101321,-0.08500774724580296,0.2983010861010731,0.7893615873158284,0.20711443308961863
8,7,10,4.5,0.42,0.32291457914975097,1.6342781849817405,0.835350716491666,0.09089310073013346,-0.06348253994480468,0.2790716473915078,0.6932383907825581,0.22076937826413667
8,7,10,4.5,0.45,0.31462698484930374,1.3417484905202148,0.7126182216416661,0.09721210692178595,-0.0950295064734471,0.30730032786101824,0.747232635082389,0.2307224949455844
8,7,10,4.5,0.48,0.31300664466687245,1.396461442031411,0.7126182216416661,0.09721210692178595,-0.0837745458063951,0.3035254348068934,0.7401447571514606,0.21532687373319126
8,7,15,3.5,0.42,0.3165167265819533,1.7849779803557053,0.7415874629916663,0.1578947347959807,-0.060591541073605204,0.26691656324667745,0.6578315813314792,0.20692799258297634
8,7,15,3.5,0.45,0.31004858005401004,1.5155556938470809,0.6473264219916661,0.16664910269627042,-0.08385854731591169,0.28684240444119413,0.6962409996906631,0.214112575865411
8,7,15,3.5,0.48,0.3084012121622559,1.5880193505656746,0.6473264219916661,0.16664910269627042,-0.07286977765497793,0.28344261762007195,0.6897699803738413,0.1987110397828855
8,7,15,4.0,0.42,0.3166050979230828,1.7872125590018244,0.7403237464583328,0.11930400869455382,-0.046722298894969594,0.26347688095306987,0.6949348857220154,0.21189737351891158
8,7,15,4.0,0.45,0.3082261321291546,1.3742325358848235,0.6460627054583326,0.12592366011813483,-0.09084106332464292,0.29002866790908244,0.749589094349121,0.22153291014464926
8,7,15,4.0,0.48,0.3065678535133223,1.43474721716212,0.6460627054583326,0.12592366011813483,-0.0794418258654691,0.28643725375584683,0.7423253833747356,0.20587273877485468
8,7,15,4.5,0.42,0.3194469569410898,1.6352440349316046,0.7736021682666658,0.08421667745074668,-0.055607662546371284,0.28872500177805516,0.718782658656993,0.2136627168473546
8,7,15,4.5,0.45,0.3101544601330055,1.2773890258746685,0.6508696734166661,0.09028373886662155,-0.09806153159774422,0.3225202540831653,0.7828345463781352,0.2244653342935361
8,7,15,4.5,0.48,0.308507723443884,1.3295158334545365,0.6508696734166661,0.09028373886662155,-0.0863189849061361,0.31837525262204625,0.775151472587301,0.2088824540568659
8,7,20,3.5,0.42,0.30714984237617826,1.662353006587085,0.7170491941083332,0.15919343267887776,-0.06698509855544965,0.2033246709221519,0.7048075251166075,0.21068993490305643
8,7,20,3.5,0.45,0.30155610311589465,1.4922595414894189,0.622788153108333,0.16814906631238413,-0.07960501421192567,0.21614674354592345,0.7416077041594207,0.21706332709377207
8,7,20,3.5,0.48,0.2998571357123747,1.5652171297998896,0.622788153108333,0.16814906631238413,-0.06846803603884588,0.21356259006737077,0.7342515765047908,0.20102526025763057
8,7,20,4.0,0.42,0.3203222425756531,1.9640754837672019,0.7499940982916664,0.1494463095970866,-0.04523792154285855,0.25528639675566334,0.6796898075381677,0.20882914226722016
8,7,20,4.0,0.45,0.31205616917625667,1.4957220804340245,0.6557330572916662,0.15769148960131862,-0.08781600236053955,0.280073611610834,0.7315839414896603,0.2181416306357482
8,7,20,4.0,0.48,0.3104207196120812,1.5659433021983953,0.6557330572916662,0.15769148960131862,-0.07679636622918218,0.27673056877927515,0.7246997903870149,0.20280116231715106
8,7,20,4.5,0.42,0.3212909973322533,1.8867010819119012,0.7385443220749994,0.1130701722377494,-0.03700992005836279,0.28925955668508574,0.6957709851288303,0.20674908334737996
8,7,20,4.5,0.45,0.31195846046783826,1.374707849462245,0.6400431271499996,0.1196494617183359,-0.090965645415371,0.32253272555182244,0.7566894222720262,0.2171708156062504
8,7,20,4.5,0.48,0.3103224332733818,1.435093818136657,0.6400431271499996,0.1196494617183359,-0.07946058997994687,0.3185016576292321,0.7494694036427685,0.20184135987128382
8,9,10,3.5,0.42,0.28963397966774473,2.085445638324588,0.6893266383083332,0.203554042591088,0.024511018047089328,0.33167172434757286,0.16892666495900754,0.264573839972281
8,9,10,3.5,0.45,0.2883102526029828,2.0759144333302473,0.6893266383083332,0.203554042591088,0.012584965601311504,0.33557809715946085,0.17040843504805525,0.26654974107022
8,9,10,3.5,0.48,0.28202090877567176,2.0306293992067106,0.6893266383083332,0.203554042591088,0.012584965601311504,0.33557809715946085,0.17040843504805525,0.23155814791279838
8,9,10,4.0,0.42,0.2904412101783538,1.9330058768792633,0.7688969746083332,0.15296610159477164,0.022754793381897453,0.3275231318847529,0.18292660729940735,0.2585490573452174
8,9,10,4.0,0.45,0.2874087910279315,1.8628947409742236,0.7097468771333335,0.1580498709072391,0.024169954997486753,0.3364986966513961,0.1866572170073595,0.2629768974534097
8,9,10,4.0,0.48,0.28109831690412723,1.8219922027594255,0.7097468771333335,0.1580498709072391,0.024169954997486753,0.3364986966513961,0.1866572170073595,0.22794390921957386
8,9,10,4.5,0.42,0.2890431373097513,1.8806483846662743,0.7736296062999997,0.16016890380106696,0.010144481219930057,0.33174539128217884,0.1647937518483047,0.2706634840865356
8,9,10,4.5,0.45,0.2860090295383544,1.8122256845221687,0.7140772965249997,0.16551524380712057,0.011510025930857815,0.3408272962717931,0.16814025238193242,0.27535195784091293
8,9,10,4.5,0.48,0.279665572192473,1.7720319313758701,0.7140772965249997,0.16551524380712057,0.011510025930857815,0.3408272962717931,0.16814025238193242,0.23975469974864705
8,9,15,3.5,0.42,0.28500446608433894,1.8845270723419392,0.6311827352999992,0.21321106421525582,0.0015541179591591625,0.32589499498469565,0.19391515817122618,0.27805105142344355
8,9,15,3.5,0.45,0.2836579863708337,1.8756237821327644,0.6311827352999992,0.21321106421525582,-0.010682737721435909,0.32992598703619525,0.195708566235969,0.28019389690859575
8,9,15,3.5,0.48,0.277258653354977,1.8333096511333407,0.6311827352999992,0.21321106421525582,-0.010682737721435909,0.32992598703619525,0.195708566235969,0.2440852072219828
8,9,15,4.0,0.42,0.29294916872866583,2.2950946644210304,0.7575066010333338,0.20604053291847757,0.033075975838122496,0.30215222751702897,0.16819196604784792,0.25122387246104627
8,9,15,4.0,0.45,0.2885402756502091,2.202737652618356,0.698356503558333,0.21293231718439376,0.022219221550103585,0.31381803132532404,0.17310850309054437,0.2574621177373271
8,9,15,4.0,0.48,0.28225630967825976,2.15476539493962,0.698356503558333,0.21293231718439376,0.022219221550103585,0.31381803132532404,0.17310850309054437,0.2227570815473614
8,9,15,4.5,0.42,0.2888248828551436,1.9664126610574266,0.7768602471749999,0.154540220526858,0.019231648644711274,0.3279998229537924,0.17411634854185287,0.2556319285258082
8,9,15,4.5,0.45,0.2857883301950823,1.8947223940484934,0.7173079374,0.1596893545212399,0.020863826130496532,0.3369255734356511,0.17764136856848967,0.2600110595649272
8,9,15,4.5,0.48,0.2794396531407639,1.8526318699910982,0.7173079374,0.1596893545212399,0.020863826130496532,0.3369255734356511,0.17764136856848967,0.2248074196029457
8,9,20,3.5,0.42,0.2844418584451607,1.9834223740166173,0.647561666458333,0.21690738440976465,0.004088554135570188,0.28537749746408103,0.19061533278894638,0.2985780579313251
8,9,20,3.5,0.45,0.2830925814278471,1.9740138212828002,0.647561666458333,0.21690738440976465,-0.007994125402703833,0.2888534091875803,0.19240645296194536,0.30092226056297267
8,9,20,3.5,0.48,0.2766797209177436,1.9292967353844213,0.647561666458333,0.21690738440976465,-0.007994125402703833,0.2888534091875803,0.19240645296194536,0.2641362514087102
8,9,20,4.0,0.42,0.2945470796257825,2.252059199321073,0.7156277386583332,0.20798915750218594,0.04957377602206492,0.30717890251451685,0.182112672654841,0.2477377216458898
8,9,20,4.0,0.45,0.29016409113791997,2.1604064371694,0.6564776411833328,0.21511487187707834,0.03893976829082857,0.31911062970105464,0.18744684029555403,0.2538275543389177
8,9,20,4.0,0.48,0.28391792948063244,2.113900862344186,0.6564776411833328,0.21511487187707834,0.03893976829082857,0.31911062970105464,0.18744684029555403,0.21947142863936664
8,9,20,4.5,0.42,0.3003387391963559,2.2745525660789925,0.770785248525,0.19807182151546865,0.04014607241375079,0.3215604800663747,0.1922155407509254,0.23914046249104426
8,9,20,4.5,0.45,0.2960274636492859,2.184502941601747,0.71123293875,0.20469389514772351,0.02949738232344412,0.33394119826615865,0.19773487838925208,0.24485446843128544
8,9,20,4.5,0.48,0.2899155085271685,2.1394004238197435,0.71123293875,0.20469389514772351,0.02949738232344412,0.33394119826615865,0.19773487838925208,0.2116182750608313
8,11,10,3.5,0.42,0.30160754487964914,1.522731999246335,0.733746604583333,0.3174245805489748,0.05752140289068075,0.2747469142205816,0.2905016056787637,0.14484903155499396
8,11,10,3.5,0.45,0.2956884503885464,1.3961465281564467,0.6134277153916667,0.34107984391090773,0.06250346452676037,0.2886947084597653,0.3018779530569118,0.14924988440989995
8,11,10,3.5,0.48,0.3011005680371637,1.4217008210453377,0.6134277153916667,0.34107984391090773,0.06250346452676037,0.2886947084597653,0.3018779530569118,0.17700426584998685
8,11,10,4.0,0.42,0.3132036293078886,1.8146170727394462,0.7541791221666665,0.30062964694662453,0.08564576599777962,0.27607788757336227,0.3269780962671638,0.1407041460752827
8,11,10,4.0,0.45,0.3061719821466613,1.6600365397884624,0.6338602329749996,0.3227533267490157,0.07943388095822135,0.2931555558204968,0.3425285248688832,0.14573610478596621
8,11,10,4.0,0.48,0.31194630659560074,1.6913443998696691,0.6338602329749996,0.3227533267490157,0.07943388095822135,0.2931555558204968,0.3425285248688832,0.17503735162020462
8,11,10,4.5,0.42,0.31691298552106795,1.371035717005201,0.7713574369333327,0.26544159851926286,0.07644739398552614,0.28202171930081565,0.342942772199784,0.1704602243359159
8,11,10,4.5,0.45,0.30907558629974097,1.2520963773606708,0.6510385477416665,0.2847726413053433,0.060890046732126946,0.3024217696394571,0.3618759023075584,0.17743735164332897
8,11,10,4.5,0.48,0.3149743844144981,1.2759930035507012,0.6510385477416665,0.2847726413053433,0.060890046732126946,0.3024217696394571,0.3618759023075584,0.20813639506125559
8,11,15,3.5,0.42,0.28228193406196356,1.301802137809315,0.6583273347833329,0.3251841284706063,0.051506432540108005,0.2697062864773665,0.3128624495900232,0.09073469798424916
8,11,15,3.5,0.45,0.27631720566171225,1.205094887316545,0.5646798998416662,0.3446329550411775,0.04632871185860843,0.28312954099003185,0.3249977265629127,0.09341850846906952
8,11,15,3.5,0.48,0.2821234450593597,1.2304174849299818,0.5646798998416662,0.3446329550411775,0.04632871185860843,0.28312954099003185,0.3249977265629127,0.12220277977134097
8,11,15,4.0,0.42,0.30530028449201474,1.5575126164722517,0.7319366492333332,0.3343034289172422,0.06528253014217822,0.2733493308548587,0.2975446049976904,0.13654665638420882
8,11,15,4.0,0.45,0.29840949962574514,1.423626307487592,0.6116177600416661,0.3592445056837945,0.061157233706315095,0.28951330204623305,0.3111095431756963,0.1413413865950437
8,11,15,4.0,0.48,0.3040243262887814,1.4504130383373344,0.6116177600416661,0.3592445056837945,0.061157233706315095,0.28951330204623305,0.3111095431756963,0.16988716896770462
8,11,15,4.5,0.42,0.3088281775971857,1.6660627998231168,0.7579984797249992,0.26780664840723034,0.0768853804374463,0.2737498480689824,0.33368759219236277,0.15136208626690695
8,11,15,4.5,0.45,0.30075526082200965,1.5185958977461174,0.637679590533333,0.28746891415155296,0.061258849185746866,0.2936645654175494,0.3523389292114092,0.15768000854179953
8,11,15,4.5,0.48,0.3068320919452274,1.5492794867539779,0.637679590533333,0.28746891415155296,0.061258849185746866,0.2936645654175494,0.3523389292114092,0.18898606939146756
8,11,20,3.5,0.42,0.27209161055673303,1.2473349587691325,0.6480579786583329,0.32987814922476755,0.04294316033004586,0.20778330622481533,0.32713233025237387,0.09607700335773006
8,11,20,3.5,0.45,0.2664853416174473,1.1548970308697177,0.5544105437166662,0.34973797158579223,0.04229489077108406,0.21721157693132542,0.33932724543605497,0.09878040634508567
8,11,20,3.5,0.48,0.2725047538467056,1.1809840241315495,0.5544105437166662,0.34973797158579223,0.04229489077108406,0.21721157693132542,0.33932724543605497,0.1290151554965786
8,11,20,4.0,0.42,0.29116595034704584,1.3944298666291588,0.6719257112416666,0.35130111558537,0.09053011367964436,0.2623723728428051,0.3118936463715807,0.07052999330700249
8,11,20,4.0,0.45,0.28533224768770116,1.2950341946408297,0.5782782762999996,0.3721310621159759,0.086645498745205,0.27471882778580703,0.32340738324490537,0.07251667580465604
8,11,20,4.0,0.48,0.29121859776187575,1.32175050409922,0.5782782762999996,0.3721310621159759,0.086645498745205,0.27471882778580703,0.32340738324490537,0.10094154452866122
8,11,20,4.5,0.42,0.3115650868224109,1.7026968564448455,0.7565791216333331,0.33306297722443334,0.0730924520563343,0.2688281426388812,0.30821267830721233,0.13894938088480546
8,11,20,4.5,0.45,0.30391354190365427,1.5545770347830017,0.6362602324416662,0.3575375361872579,0.06113617983080344,0.2866106951525895,0.323967503612381,0.1443657510162133
8,11,20,4.5,0.48,0.3096061788090876,1.583695982708495,0.6362602324416662,0.3575375361872579,0.06113617983080344,0.2866106951525895,0.323967503612381,0.1732641494106073
10,5,10,3.5,0.42,0.261828815243504,1.5421163424433706,0.6146181042583336,0.4646103912406305,-0.04748710855257976,0.22462786705879756,0.14018884178914037,0.16314316991167122
10,5,10,3.5,0.45,0.25697397051171733,1.49806957325649,0.5915786800916667,0.4710303904908433,-0.07230615189995471,0.23281023251356836,0.14436117934724946,0.16739291055445094
10,5,10,3.5,0.48,0.2591259443099303,1.510614837911616,0.5915786800916667,0.4710303904908433,-0.06348882708726722,0.23061830624598878,0.14324874665388077,0.17092237729096604
10,5,10,4.0,0.42,0.26505895818974445,1.359036582808521,0.6498057070583334,0.3982850550431505,-0.05310059735638217,0.242318267338832,0.16105469546224138,0.1795513082543898
10,5,10,4.0,0.45,0.26026304424631674,1.3208314618445338,0.6267662828916669,0.403674823461297,-0.07862925037806623,0.2514402684137951,0.16593527354765203,0.18422545366860055
10,5,10,4.0,0.48,0.2623887378029428,1.3316193281586413,0.6267662828916669,0.403674823461297,-0.06957911015162133,0.24899452615612594,0.16463350723596748,0.1876390979800986
10,5,10,4.5,0.42,0.2659041572050507,1.3598572472133459,0.6346208653000003,0.40729720278595805,-0.05322933779790073,0.2567064583634522,0.1509081915475825,0.18378031927106164
10,5,10,4.5,0.45,0.26112351849509774,1.3217485914693632,0.6115814411333333,0.4128585288534743,-0.0788217319510428,0.2663957791458853,0.15543898645246812,0.18856335486041975
10,5,10,4.5,0.48,0.2632424007492986,1.3324738974514514,0.6115814411333333,0.4128585288534743,-0.0697494373072779,0.2637977468552397,0.1542307567669967,0.19194688885737476
10,5,15,3.5,0.42,0.2632833316531116,1.5963272556933115,0.5765546171416671,0.4800287374429739,-0.04965785611211748,0.23792786443715097,0.15456458195845557,0.16070042702522058
10,5,15,3.5,0.45,0.25845513208422277,1.5289383077185157,0.553515192975,0.4868167499827871,-0.07480867220811271,0.24672706090994612,0.15918302644105298,0.1648493491924432
10,5,15,3.5,0.48,0.26059522291289317,1.5519819746925112,0.553515192975,0.4868167499827871,-0.06588083659174826,0.2443689692143689,0.1579515487297687,0.1683646919598234
10,5,15,4.0,0.42,0.2636503130952792,1.6428287265213652,0.6132242992583334,0.478982422126383,-0.0509976691658135,0.22483066577464372,0.1398255659607066,0.16674449898985122
10,5,15,4.0,0.45,0.25882880795976226,1.572438918332837,0.5901848750916665,0.4856065518895454,-0.07562589001906272,0.23297578346225611,0.1439636871158465,0.17106508744188753
10,5,15,4.0,0.48,0.2609659134038793,1.596036663101592,0.5901848750916665,0.4856065518895454,-0.06688800121047023,0.23079414128679554,0.14286050876176093,0.17455135898995877
10,5,15,4.5,0.42,0.2648684813426909,1.3547349433567193,0.6442769472250001,0.3995652681707449,-0.053222912811133116,0.2465300877243226,0.1581966644486399,0.1803105868608914
10,5,15,4.5,0.45,0.26006911668706145,1.316582522896048,0.6212375230583336,0.40498997704971673,-0.07881212565258056,0.25583407286753257,0.16298588694274718,0.1850117546545167
10,5,15,4.5,0.48,0.26219634897340516,1.3273514941834397,0.6212375230583336,0.40498997704971673,-0.06974093668320169,0.25333937078797075,0.16170851461735314,0.18842532756378083
10,5,20,3.5,0.42,0.24323096915309383,1.3206097232343699,0.5535117650249999,0.4784542957966256,-0.05653515264866005,0.14197556715697113,0.17117984601176373,0.1585205842471331
10,5,20,3.5,0.45,0.2387327291141521,1.2655086255581376,0.5304723408583327,0.4853171047643945,-0.07742348460677129,0.14659637759624577,0.17607815469278765,0.16238417103853897
10,5,20,3.5,0.48,0.2410377814459026,1.2870791665712034,0.5304723408583327,0.4853171047643945,-0.06835801751838755,0.14516990190991486,0.1745699983109552,0.16623971508098845
10,5,20,4.0,0.42,0.26362531078506724,1.588896428689703,0.5758583783583338,0.47259259943279264,-0.05238177357152096,0.23937749213824744,0.1567246929334274,0.1687534758950826
10,5,20,4.0,0.45,0.25880334992066945,1.5436857200391962,0.5528189541916668,0.4792783156867655,-0.07769810499157936,0.24830725097455275,0.16144266416058706,0.17313435343174355
10,5,20,4.0,0.48,0.260940658595453,1.556434136478128,0.5528189541916668,0.4792783156867655,-0.06872079045176194,0.24591362694465824,0.16018444836252654,0.17661322314592431
10,5,20,4.5,0.42,0.2719523592544546,1.723342779910534,0.6490032736083333,0.4693493559809283,-0.05026510997867073,0.22548438861490294,0.15849823265362284,0.1729524607351134
10,5,20,4.5,0.45,0.26727931126094395,1.651978416781023,0.6259638494416668,0.4757037927101495,-0.07452956233346786,0.2335252317697618,0.16311289866441703,0.17728842252488763
10,5,20,4.5,0.48,0.2693502264521608,1.6757566355686837,0.6259638494416668,0.4757037927101495,-0.06591834429082732,0.23137238284382833,0.1618830992438438,0.18062180748833878
10,7,10,3.5,0.42,0.29891325411380887,1.470955683182112,0.7919731263416667,0.1546909776418659,0.0413780469556817,0.05479708241643344,0.5160090538291349,0.28410842295842054
10,7,10,3.5,0.45,0.29119962312800096,1.3578930655695114,0.7030702699916667,0.16239307245104473,0.013406307729260103,0.05875582248901878,0.5515432252489845,0.2968889151014764
10,7,10,3.5,0.48,0.29081942263152416,1.3669154479673988,0.7030702699916667,0.16239307245104473,0.023943465434399736,0.05815118034952382,0.5461303809659412,0.2863756631144183
10,7,10,4.0,0.42,0.3015468234833698,1.481479621216748,0.8112006663166662,0.1394376996129425,0.02696320712574929,0.05752214599040495,0.5296046438623798,0.30659580294088995
10,7,10,4.0,0.45,0.2947811739081716,1.3799250553968117,0.7125202678916658,0.14710331151563216,0.011413490737467002,0.06124574400175842,0.5622092976202815,0.31884192704293324
10,7,10,4.0,0.48,0.294405921055642,1.3892382247772341,0.7125202678916658,0.14710331151563216,0.022036091388029977,0.06060918225451806,0.5566491824626238,0.3081776263024507
10,7,10,4.5,0.42,0.302561538254986,1.5280389877688059,0.8839533050166666,0.13771723413384307,0.024011508882937793,0.05337972540559566,0.49518947139145775,0.30267467863521924
10,7,10,4.5,0.45,0.29448011132551044,1.4052954279400403,0.7610416066666663,0.14689915435661804,0.00813871025030477,0.057416083050916056,0.5309229197286596,0.3171347474957822
10,7,10,4.5,0.48,0.2941044455947528,1.4146024920371096,0.7610416066666663,0.14689915435661804,0.018479693032122047,0.056833117351854145,0.52577617477232,0.30648105775473566
10,7,15,3.5,0.42,0.2987274009637182,1.3798889261676925,0.7054871942333332,0.16053724607644404,0.032236636377955374,0.05821515719227932,0.5804636830267318,0.2923789630734477
10,7,15,3.5,0.45,0.2918820621817291,1.2833227045219024,0.6165843378833329,0.16893729768637367,0.011128189365229302,0.06213024963176483,0.6175716704466196,0.30409088058120193
10,7,15,3.5,0.48,0.2915028104951132,1.292165211722354,0.6165843378833329,0.16893729768637367,0.022146764346465453,0.06146049570008927,0.6112400132884936,0.29350490205002133
10,7,15,4.0,0.42,0.29902472948326153,1.4843638303500033,0.7844472430583334,0.14661604626468772,0.04436148234191695,0.059424729076625216,0.5114503956038201,0.29388089667212514
10,7,15,4.0,0.45,0.29131427942164034,1.3698217711932845,0.6955443867083331,0.1539469876893702,0.016192220421068937,0.06375632069626191,0.5468211023311316,0.3071993286157719
10,7,15,4.0,0.48,0.290934238535286,1.378997285763841,0.6955443867083331,0.1539469876893702,0.02685318463512054,0.06309439174328935,0.5414319012930966,0.2965415720878033
10,7,15,4.5,0.42,0.29861025044320977,1.4338975917551313,0.8203858412666658,0.132960272289536,0.02597550923541303,0.05130137917076416,0.5185574715429537,0.3096292512624046
10,7,15,4.5,0.45,0.29039774762496573,1.31551254071789,0.697474142916666,0.14214162234092287,0.00946335033434953,0.05533866802207288,0.5575934657492061,0.324801172887057
10,7,15,4.5,0.48,0.29001642858304555,1.3244652647075348,0.697474142916666,0.14214162234092287,0.020224259857948068,0.05475497831464993,0.5519651603202467,0.3138410892369625
10,7,20,3.5,0.42,0.29160944016193224,1.2487947948464917,0.6790775762083328,0.15308394815913928,0.022801368431921265,0.04355849509152354,0.5991694536557519,0.295470559356537
10,7,20,3.5,0.45,0.28546270545556784,1.1696206217239755,0.5901747198583334,0.16122048000138745,0.009397477555671108,0.04618782714018588,0.6340871187667123,0.30615533046048893
10,7,20,3.5,0.48,0.28507441393218924,1.1777926169348045,0.5901747198583334,0.16122048000138745,0.020668179138219056,0.045677799271106156,0.6273246688034428,0.29523430781440774
10,7,20,4.0,0.42,0.3013055538549687,1.4398799848291033,0.6997145185250004,0.1677115617317333,0.04564907404399898,0.059828730187009294,0.5699020804549384,0.29284068452701484
10,7,20,4.0,0.45,0.29365983414902175,1.3279861891364806,0.6108116621749997,0.1765169235127515,0.01668348334009684,0.06431991061016751,0.6104808294393838,0.3059623819663084
10,7,20,4.0,0.48,0.2932830406894531,1.3371141132086946,0.6108116621749997,0.1765169235127515,0.02766789525083535,0.06363241575363987,0.6042880905046764,0.29543191514470357
10,7,20,4.5,0.42,0.2990146080447187,1.4671466026496471,0.7853279950749998,0.14463817249980515,0.044417950083860624,0.05605511023567411,0.5202275263643175,0.29205709016538894
10,7,20,4.5,0.45,0.2907930356866735,1.3465476101623999,0.6866475966499994,0.15270596850534313,0.01629260144842748,0.0604342859141489,0.5589110477103008,0.3061782264869113
10,7,20,4.5,0.48,0.2904122685345816,1.35561394790747,0.6866475966499994,0.15270596850534313,0.02701965656987837,0.059803059518355406,0.553351767488754,0.2955108854718125
10,9,10,3.5,0.42,0.3451584349090211,2.528370126360031,0.7828876285833324,0.5163164446706219,0.05856048601225994,0.16315823507059557,0.2646375666739802,0.26130235684502834
10,9,10,3.5,0.45,0.3438690598667622,2.5217470269552322,0.7849634024583325,0.5157386755427278,0.0471012754464466,0.1648215404831075,0.2669632516971403,0.26311937085158155
10,9,10,3.5,0.48,0.34106772816167297,2.5012035971347033,0.7849634024583325,0.5157386755427278,0.0471012754464466,0.1648215404831075,0.2669632516971403,0.24811985097119904
10,9,10,4.0,0.42,0.3481155829012226,2.5909616058768723,0.8563982317166665,0.4827799213604709,0.05857613002402595,0.16523845101686807,0.2751869651397405,0.24341432073618985
10,9,10,4.0,0.45,0.3453489245619308,2.494217353508342,0.7993239081166665,0.49751997756910926,0.05705889819834975,0.1688628343185774,0.28037219272888136,0.24700526760693342
10,9,10,4.0,0.48,0.3425622089165714,2.4740908263133745,0.7993239081166665,0.49751997756910926,0.05705889819834975,0.1688628343185774,0.28037219272888136,0.23229011112692
10,9,10,4.5,0.42,0.34473261451850923,2.325120622922906,0.8611308634083337,0.4703364520332902,0.058588207131898606,0.17203564352377199,0.2565896368032936,0.24405296547751787
10,9,10,4.5,0.45,0.3419152122076836,2.237481692272816,0.8036543275083334,0.48476436438609105,0.05707019269160707,0.1758564186642666,0.26145593687926927,0.24773126521202227
10,9,10,4.5,0.48,0.3390944398382367,2.2190226524016303,0.8036543275083334,0.48476436438609105,0.05707019269160707,0.1758564186642666,0.26145593687926927,0.23279054852935843
10,9,15,3.5,0.42,0.3395398627164523,2.392368296632263,0.7411408458249991,0.501499832015621,0.03303419276953057,0.15903230545442382,0.30192351873093615,0.2714592428804845
10,9,15,3.5,0.45,0.3391808034038899,2.392577382397827,0.7432166196999987,0.5009257225918764,0.029226799917787982,0.1594983638028855,0.3026899590895673,0.2719895824927021
10,9,15,3.5,0.48,0.3363325472101657,2.3724858168375427,0.7432166196999987,0.5009257225918764,0.029226799917787982,0.1594983638028855,0.3026899590895673,0.2565794864835551
10,9,15,4.0,0.42,0.3482464833259544,2.6640804540100476,0.838125116308333,0.5139307759246816,0.06421934975762977,0.1519110607050127,0.26099073088119584,0.25168274972097504
10,9,15,4.0,0.45,0.3444304843629362,2.5560765519568283,0.7810507927083323,0.5297768152044293,0.054184180072107235,0.15646031134908212,0.26777696196999945,0.256857457296537
10,9,15,4.0,0.48,0.34163470859696066,2.5353286297943725,0.7810507927083323,0.5297768152044293,0.054184180072107235,0.15646031134908212,0.26777696196999945,0.24196794324554993
10,9,15,4.5,0.42,0.34520734449357793,2.2448930591659755,0.8643615042833332,0.4608225196064848,0.06252199122298951,0.1665275111939668,0.26715317451203746,0.24344037785147887
10,9,15,4.5,0.45,0.34239466512507266,2.1604430393731358,0.806884968383333,0.4749342534213128,0.0610784635954702,0.1702302294578002,0.27225018328637307,0.24710009680288048
10,9,15,4.5,0.48,0.3395786784530923,2.1426747169542537,0.806884968383333,0.4749342534213128,0.0610784635954702,0.1702302294578002,0.27225018328637307,0.23219744599927328
10,9,20,3.5,0.42,0.3329540920496836,2.274837654681031,0.7250673505666658,0.5051360407817862,0.021067657877371415,0.13175220615879035,0.3067159272096589,0.28473859245548483
10,9,20,3.5,0.45,0.3325865666437524,2.274954241712603,0.7271431244416655,0.5045525967424518,0.01724459473355866,0.132145420129828,0.307528165618719,0.28531681528795283
10,9,20,3.5,0.48,0.32967067786594906,2.2550090177958135,0.7271431244416655,0.5045525967424518,0.01724459473355866,0.132145420129828,0.307528165618719,0.26929894346044825
10,9,20,4.0,0.42,0.3488882698371747,2.5067724516599084,0.8126433741833323,0.4910187014686498,0.07821405591382558,0.14868936643910535,0.28891107949802386,0.2509750577176262
10,9,20,4.0,0.45,0.34508091146496334,2.4042514173536866,0.7555690505833328,0.5063696112453877,0.06817112021954896,0.15321493867298575,0.2965682036883339,0.256117918395681
10,9,20,4.0,0.48,0.34229155565437996,2.3848173877151635,0.7555690505833328,0.5063696112453877,0.06817112021954896,0.15321493867298575,0.2965682036883339,0.24127831282220535
10,9,20,4.5,0.42,0.353997846318336,2.7366916441175224,0.8582865056333333,0.502369107998597,0.06943239972874782,0.1644602999082614,0.28439838816715834,0.23580950333671602
10,9,20,4.5,0.45,0.35024143325727497,2.6269455329511837,0.8008099697333331,0.517803075008052,0.05954006393902245,0.16936897834098108,0.29168674048043775,0.2404991302120405
10,9,20,4.5,0.48,0.3475023826687118,2.6064015994672554,0.8008099697333331,0.517803075008052,0.05954006393902245,0.16936897834098108,0.29168674048043775,0.22616181373500432
10,11,10,3.5,0.42,0.3088831769965694,1.2779326826729394,0.652331485541666,0.2126063979306123,0.10028545330281657,0.25041515085625154,0.3711010145057394,0.2559205470488386
10,11,10,3.5,0.45,0.3044561318936736,1.1934633470032436,0.5607654660666666,0.22507064157989087,0.10613292013384679,0.2611522097447665,0.38363449486869694,0.2622472954867132
10,11,10,3.5,0.48,0.3089889817214069,1.2112320485012937,0.5607654660666666,0.22507064157989087,0.10613292013384679,0.2611522097447665,0.38363449486869694,0.2875645173586878
10,11,10,4.0,0.42,0.31897917207463333,1.6488490655470636,0.6786803734916662,0.22951035613098303,0.1128904177143395,0.2604032617907579,0.38050399847094063,0.24026281698808005
10,11,10,4.0,0.45,0.3132235394333416,1.5311049714181737,0.5837074963666669,0.24326420565927998,0.1052189600234068,0.27499431926035567,0.3971199584233014,0.24786380179117073
10,11,10,4.0,0.48,0.31792341959881454,1.554079010660064,0.5837074963666669,0.24326420565927998,0.1052189600234068,0.27499431926035567,0.3971199584233014,0.27364789115692356
10,11,10,4.5,0.42,0.318511642784731,1.2190974382558177,0.6890426499499998,0.1719541376139937,0.13327387514638112,0.274231797588407,0.38680638429150416,0.2485177869964057
10,11,10,4.5,0.45,0.31185493226859884,1.1288528464170478,0.5940697728250002,0.1821918806492413,0.11640428444939688,0.29256294948446504,0.4066806264228262,0.2577070854542143
10,11,10,4.5,0.48,0.3162275903472538,1.1446809992142166,0.5940697728250002,0.1821918806492413,0.11640428444939688,0.29256294948446504,0.4066806264228262,0.28189639709573644
10,11,15,3.5,0.42,0.2901222589337531,1.003799370346849,0.5524321714583333,0.22853072062153856,0.09577922146878448,0.2508076261441654,0.4003504857190372,0.20279341700857323
10,11,15,3.5,0.45,0.2863038228698185,0.9573534373366791,0.49775817918333254,0.23686683519390717,0.08899780569052429,0.25990281022075146,0.41187371147976304,0.20698238240396094
10,11,15,3.5,0.48,0.29114366344236076,0.9735370773657949,0.49775817918333254,0.23686683519390717,0.08899780569052429,0.25990281022075146,0.41187371147976304,0.23321329948303826
10,11,15,4.0,0.42,0.31356358196198153,1.4051105503000232,0.6530310429083332,0.2524786751836421,0.10208859624423483,0.2589948407664058,0.36355474109455277,0.2361855659609291
10,11,15,4.0,0.45,0.30819643912120775,1.3078678225332547,0.5614650234333336,0.267273840672134,0.09724225036990997,0.2723047853896061,0.37814577300902874,0.24314895840541317
10,11,15,4.0,0.48,0.3126689724160352,1.3268475433833484,0.5614650234333336,0.267273840672134,0.09724225036990997,0.2723047853896061,0.37814577300902874,0.2676777421622185
10,11,15,4.5,0.42,0.3123339217311687,1.3537574449467402,0.6587230770416661,0.1660157029677629,0.13643593463155113,0.26472573575424074,0.3849916445965422,0.2519580933220864
10,11,15,4.5,0.45,0.3055256113157929,1.2514482615349494,0.5637501999166667,0.176091394977675,0.1193103644808422,0.282816140591299,0.40536352382791696,0.26156554179262104
10,11,15,4.5,0.48,0.3099983588694173,1.269768860342237,0.5637501999166667,0.176091394977675,0.1193103644808422,0.282816140591299,0.40536352382791696,0.2865102472874963
10,11,20,3.5,0.42,0.2750022212377139,0.9253785714178199,0.5236779743083328,0.24047111782412411,0.07816510752299344,0.18836158300416161,0.41547831080156383,0.20181162172788158
10,11,20,3.5,0.45,0.27154286564379637,0.8826621246972153,0.4690039820333327,0.24941434934109896,0.07647443260510012,0.19434206574864876,0.42652325531584134,0.20562560158330734
10,11,20,3.5,0.48,0.2766508937191061,0.8992659964405455,0.4690039820333327,0.24941434934109896,0.07647443260510012,0.19434206574864876,0.42652325531584134,0.23361677532369307
10,11,20,4.0,0.42,0.3006090433490587,1.2686086587809968,0.5963161218833333,0.2596797603266714,0.11214210454798534,0.25612836399153793,0.38607870550784185,0.18279746589962698
10,11,20,4.0,0.45,0.2963515408889159,1.2017316504065436,0.5314215566583331,0.27067586089472795,0.1061375089466825,0.2661998725444179,0.3980684639471759,0.18690852361858412
10,11,20,4.0,0.48,0.3010184738717958,1.2206564754944458,0.5314215566583331,0.27067586089472795,0.1061375089466825,0.2661998725444179,0.3980684639471759,0.21157938044979963
10,11,20,4.5,0.42,0.31920603589465,1.530817493952535,0.657716218858333,0.2636249433403366,0.1257715334464531,0.25918430928147207,0.3495157475933539,0.23815467616092634
10,11,20,4.5,0.45,0.3130602831717664,1.4217230876982268,0.5661501993833333,0.27902709489015853,0.11278221979174119,0.2743218963730172,0.36543542498325876,0.24619554503423413
10,11,20,4.5,0.48,0.31710672333270873,1.4400994762375696,0.5661501993833333,0.27902709489015853,0.11278221979174119,0.2743218963730172,0.36543542498325876,0.2683418263693418
12,5,10,3.5,0.42,0.28736355472356445,1.6371220827326514,0.6428066389750005,0.3657189094491671,-0.023412619604921803,0.2486748464996842,0.30123805484285304,0.15465862199835723
12,5,10,3.5,0.45,0.2827884397886353,1.595238834343686,0.6192348622916675,0.3708121295711515,-0.05058579089538173,0.25840721840764314,0.31065532858726264,0.15834741044712564
12,5,10,3.5,0.48,0.28419568313033117,1.603177239568888,0.6192348622916675,0.3708121295711515,-0.04123341542589731,0.2558865617958499,0.3082300052656439,0.15868510104924205
12,5,10,4.0,0.42,0.29448758686525744,1.4891070360804792,0.6809840684833333,0.310518933890666,-0.023870703801696758,0.2660130531195253,0.32564214838733685,0.17692375971997087
12,5,10,4.0,0.45,0.29003139593943805,1.452291496205738,0.6574122918000003,0.31474801558430454,-0.05158585566018303,0.27664100513057654,0.3358864489549447,0.18108997095414803
12,5,10,4.0,0.48,0.2914018087957444,1.4591536461845642,0.6574122918000003,0.31474801558430454,-0.04204858674515444,0.27388679482058853,0.3332477593394685,0.1812893945890548
12,5,10,4.5,0.42,0.2957582249694275,1.502844790700503,0.6866784256250005,0.31325368658919195,-0.02374312300608017,0.27107254686824134,0.3183611547003544,0.17880648056566018
12,5,10,4.5,0.45,0.29132284660025465,1.4659249192026707,0.6631066489416675,0.31750602332071787,-0.05130728793124695,0.2818409932834933,0.32827849485133287,0.18299974539012198
12,5,10,4.5,0.48,0.2926868153823745,1.4727883555931152,0.6631066489416675,0.31750602332071787,-0.04182152102792125,0.2790508262898064,0.32572458801636417,0.1831871487408201
12,5,15,3.5,0.42,0.28471269106572095,1.6316111734175898,0.5816849711416667,0.3690987080800765,-0.025935054624267817,0.26120003302970307,0.3210512740589724,0.15447009071376772
12,5,15,3.5,0.45,0.2800923365048642,1.5889312475050945,0.5581131944583337,0.3744315762211188,-0.054084858887189946,0.2718191086148123,0.33136878748616105,0.1581985484016295
12,5,15,3.5,0.48,0.2815135943595841,1.5969938780086868,0.5581131944583337,0.3744315762211188,-0.044405534813154235,0.2690658222180726,0.32870994349450156,0.1585411615823824
12,5,15,4.0,0.42,0.29105813853197726,1.7587782502279634,0.6427283204083338,0.3777170432588226,-0.022903470288114458,0.24803602559125704,0.29878953888735693,0.16565821929452462
12,5,15,4.0,0.45,0.2865451761412381,1.7144756529115492,0.6191565437250008,0.38297759997950176,-0.04983221354073997,0.2576502883171554,0.3080458117653482,0.16958144837295075
12,5,15,4.0,0.48,0.2879331691332023,1.7227803824595407,0.6191565437250008,0.38297759997950176,-0.04056218879605411,0.2551608882536138,0.3056624377364252,0.1698501996191959
12,5,15,4.5,0.42,0.2941023718376228,1.4837622111681872,0.6754553086499999,0.311500630771552,-0.023928612513734127,0.2680186489483687,0.32593664609206696,0.17572148231461693
12,5,15,4.5,0.45,0.2896398476868054,1.446985471249403,0.6518835319666669,0.3157566782343826,-0.05171230733496668,0.2787544099822734,0.3361997760942137,0.179862270913149
12,5,15,4.5,0.48,0.2910122215537596,1.453841589502691,0.6518835319666669,0.3157566782343826,-0.04215165984820113,0.27597205651617096,0.3335561806236005,0.1800690716615556
12,5,20,3.5,0.42,0.2654262353323824,1.5124676930051648,0.5717236426666668,0.3866068942993215,-0.03224554454502393,0.16066751695259907,0.3492923205223295,0.12658844995026852
12,5,20,3.5,0.45,0.26111542631528684,1.4502590637859354,0.5481518659833331,0.3922270424366743,-0.055269187354030413,0.16631271686711457,0.3598759256084303,0.12940891578531155
12,5,20,3.5,0.48,0.26264024775527006,1.4696946140950364,0.5481518659833331,0.3922270424366743,-0.04565530226987502,0.1646373145184694,0.3567452191249436,0.12995728977373422
12,5,20,4.0,0.42,0.2886492940395051,1.6668050598403938,0.6022372895833332,0.36295051235392095,-0.02371624825364549,0.26442732489084153,0.3224294026261325,0.1587327515235437
12,5,20,4.0,0.45,0.2840959265508436,1.6240781286618502,0.5786655129000002,0.3681293089386537,-0.051619177163145014,0.2750644922143404,0.33265537033791137,0.16251022356068057
12,5,20,4.0,0.48,0.28549643364896693,1.6320843432342043,0.5786655129000002,0.3681293089386537,-0.04201673296885933,0.27230735487466284,0.3300209163769887,0.16282237542243805
12,5,20,4.5,0.42,0.29899373537755514,1.8341004917661707,0.6785072947583337,0.3703010607869788,-0.022555012194938606,0.25189893501982064,0.31419263157432264,0.17082293307225105
12,5,20,4.5,0.45,0.29461081971894987,1.78970310012642,0.6549355180750007,0.3753515666835783,-0.04906649141867869,0.26150515504946714,0.32373859493806556,0.17474352021929884
12,5,20,4.5,0.48,0.295958546778911,1.7978902783829338,0.6549355180750007,0.3753515666835783,-0.039938909935383626,0.2590189490822459,0.32128168573934945,0.1749743693518624
12,7,10,3.5,0.42,0.3115675703642351,1.7331811555369687,0.9196921020583335,0.2340844475631474,-0.036682960120160035,0.1531171011582113,0.5018623129906994,0.17564118666315687
12,7,10,3.5,0.45,0.3025211688433893,1.4355068984805994,0.7918880721083335,0.2500273576755552,-0.06276134256901622,0.16605961382109946,0.5384456445964836,0.1840469832847602
12,7,10,3.5,0.48,0.301742073479214,1.4918915594143312,0.7918880721083335,0.2500273576755552,-0.05345332166615169,0.16442663956642312,0.5338731937934236,0.17340021738029554
12,7,10,4.0,0.42,0.319029938667202,1.7053287567805266,0.9486807061750002,0.23155518404920739,-0.052013107751989196,0.16015564213988154,0.5373541733531193,0.18315275541570863
12,7,10,4.0,0.45,0.3100424930391894,1.431742236699715,0.8110991341500002,0.24836030717036262,-0.07635513491492019,0.17405128256233193,0.577287136384476,0.19186634828981375
12,7,10,4.0,0.48,0.3092843419196598,1.4860154223752058,0.8110991341500002,0.24836030717036262,-0.06713015512233156,0.17233012116631485,0.57239061681246,0.18145267677954124
12,7,10,4.5,0.42,0.3213628299734057,1.6743580566715726,1.0169871069250007,0.2172235229441719,-0.05096900604483501,0.1627761234185583,0.5056032983004961,0.19012668797940857
12,7,10,4.5,0.45,0.31118919046418236,1.390349956558682,0.8551742349750004,0.23534381320491105,-0.07623638103846897,0.17865913480747642,0.5476900347545055,0.20045257183417764
12,7,10,4.5,0.48,0.3103864660768829,1.4403193045565683,0.8551742349750004,0.23534381320491105,-0.0671274194554693,0.17691463161448562,0.5431212779633277,0.18972155805506885
12,7,15,3.5,0.42,0.3090830752119511,1.6564736055270068,0.8407157921749999,0.2586977902065033,-0.04680625925368809,0.1601317132074931,0.5308696516109561,0.17025150769151476
12,7,15,3.5,0.45,0.3007992264955559,1.420095353899759,0.7129117622250001,0.27709117517799653,-0.06664371336418984,0.17275622132819146,0.5667611505940355,0.1776720776802032
12,7,15,3.5,0.48,0.3000152377801255,1.4767539455425176,0.7129117622250001,0.27709117517799653,-0.057130055512755296,0.17101309271216913,0.5618499575422224,0.1670379849555219
12,7,15,4.0,0.42,0.31393145927759614,1.7289989486517052,0.9121662187749999,0.23951218902917448,-0.04007974463856512,0.1581754848077428,0.5081014447943881,0.18108860041144226
12,7,15,4.0,0.45,0.3039326375346849,1.376741727745261,0.7843621888250001,0.25589045559381507,-0.07526237493302956,0.17324547158753378,0.5495945465609859,0.19072760153029855
12,7,15,4.0,0.48,0.30315752561284426,1.428099165341116,0.7843621888250001,0.25589045559381507,-0.06596057930632204,0.17152017612970094,0.5448965349535955,0.18004957751542738
12,7,15,4.5,0.42,0.31740738785407685,1.6936993634508537,0.9578658811250003,0.2183460516449529,-0.05150894397496231,0.1713524481155737,0.5206513437125453,0.18331619819084088
12,7,15,4.5,0.45,0.30707392356967156,1.3959439399710647,0.7960530091750004,0.2371325587460147,-0.07768105641784828,0.18862495835994797,0.565053527827537,0.19340438416091588
12,7,15,4.5,0.48,0.30625916622296034,1.4485580433465697,0.7960530091750004,0.2371325587460147,-0.06829588308903323,0.18672491531385926,0.5602304962053226,0.18258231517037138
12,7,20,3.5,0.42,0.2994209365420497,1.522830977101579,0.8164795143749997,0.2501629862732162,-0.05392981389633822,0.14861971499049575,0.5407367957116107,0.15728052966550643
12,7,20,3.5,0.45,0.29159535227760025,1.3445929174303042,0.6886754844250003,0.2681926435917428,-0.06804666991498809,0.1595570364151231,0.5752581344712873,0.16372068513460625
12,7,20,3.5,0.48,0.2907845667919742,1.3976028744330726,0.6886754844250003,0.2681926435917428,-0.058332734378968576,0.15791109753348143,0.5701032172033258,0.15285884112841575
12,7,20,4.0,0.42,0.31078964856544244,1.699165813683563,0.8108843828749996,0.26584282941990334,-0.04135853929964717,0.1666072082212935,0.5409603948061346,0.1698052465134121
12,7,20,4.0,0.45,0.3006745313181409,1.3460695456131575,0.6830803529249998,0.28506320336984947,-0.07780056695078985,0.18306100029568184,0.5863796149301346,0.17888283315685927
12,7,20,4.0,0.48,0.29989018680265644,1.3972405384930981,0.6830803529249998,0.28506320336984947,-0.068185072169205,0.1811719748674756,0.581227389675143,0.16822526277578254
12,7,20,4.5,0.42,0.31724565534326077,1.7993102565014618,0.9207351328000002,0.2347768877559564,-0.040061313790225817,0.16918797213871617,0.519922845942776,0.17690505198792206
12,7,20,4.5,0.45,0.30688591018911415,1.4203461551873917,0.7831535607750002,0.2520707627451171,-0.07554432658232435,0.18614726981486518,0.5641065900984867,0.18661151098544781
12,7,20,4.5,0.48,0.30607059788549185,1.4746685641067825,0.7831535607750002,0.2520707627451171,-0.06620768410656797,0.18428605241510865,0.559317551681606,0.1758792322929872
12,9,10,3.5,0.42,0.3296491295755357,3.0509493245146837,0.8966173393333325,0.4549395389635933,0.04412022282572159,0.10619048846155321,0.24753442084889987,0.24449463138215966
12,9,10,3.5,0.45,0.3282106503865496,3.040697001652699,0.8986931132083327,0.45445986102291025,0.03233058650262466,0.10732530512361471,0.24992523463647265,0.2463888694483618
12,9,10,3.5,0.48,0.3238102365681095,2.9999295095313943,0.8986931132083327,0.45445986102291025,0.03233058650262466,0.10732530512361471,0.24992523463647265,0.22293332682427658
12,9,10,4.0,0.42,0.32805358155238307,2.570750434309094,0.9646536073999994,0.3949472820094664,0.04930679492414081,0.09865764999780469,0.2638040737945486,0.23229805504743872
12,9,10,4.0,0.45,0.32511191386540084,2.4791868723359847,0.9075792837999994,0.40634558164221013,0.04782300725629507,0.10082650090244583,0.2690765408841804,0.235966102329064
12,9,10,4.0,0.48,0.3206621956806206,2.4452549170958915,0.9075792837999994,0.40634558164221013,0.04782300725629507,0.10082650090244583,0.2690765408841804,0.21239359581963035
12,9,10,4.5,0.42,0.32731737641420966,2.402630903427727,0.9498902257249993,0.40362113608345584,0.04555736228459195,0.09569559604829458,0.25282822094284496,0.24837264474870202
12,9,10,4.5,0.45,0.3243801162923452,2.3160516898640315,0.8924136898249999,0.41544250976286534,0.04424083335567275,0.09780051230592646,0.2578981273568177,0.25234269762054296
12,9,10,4.5,0.48,0.3199186560709828,2.2841971711498354,0.8924136898249999,0.41544250976286534,0.04424083335567275,0.09780051230592646,0.2578981273568177,0.22838220062985393
12,9,15,3.5,0.42,0.3222228850033506,2.5806861379997756,0.7952930255666655,0.4821573348707877,0.018726402479752657,0.10649308688847725,0.26914061113544707,0.2565768888871287
12,9,15,3.5,0.45,0.3217629937088753,2.580031690801051,0.7973687994416656,0.48162137479223155,0.014400276843610893,0.10686694536624075,0.2699949565118822,0.25721994843946616
12,9,15,3.5,0.48,0.3172592296439505,2.5439186068150463,0.7973687994416656,0.48162137479223155,0.014400276843610893,0.10686694536624075,0.2699949565118822,0.23289220075117645
12,9,15,4.0,0.42,0.33096198688485523,2.742564796724012,0.923784921791666,0.46490941986245016,0.05039124278102114,0.08618246224184811,0.24750624474907257,0.2411937892324394
12,9,15,4.0,0.45,0.3268273688660761,2.6253001125862108,0.8667105981916665,0.4786099803816928,0.03963978931073231,0.08881052846571413,0.2544436956441356,0.24659728507147438
12,9,15,4.0,0.48,0.32240502836489293,2.5897768604915914,0.8667105981916665,0.4786099803816928,0.03963978931073231,0.08881052846571413,0.2544436956441356,0.22299745889021172
12,9,15,4.5,0.42,0.3245109509542268,2.5258673812459036,0.9531208665999995,0.3958358703471878,0.04573845199169413,0.09560487197565104,0.2513717294028195,0.23958922019663498
12,9,15,4.5,0.45,0.32154397906607635,2.4345364329587844,0.8956443306999997,0.4074101728550319,0.04442034649060034,0.09771596264122295,0.2564324186960534,0.24343860185021482
12,9,15,4.5,0.48,0.31703665262192415,2.400409684650827,0.8956443306999997,0.4074101728550319,0.04442034649060034,0.09771596264122295,0.2564324186960534,0.21935469208749803
12,9,20,3.5,0.42,0.32154753175052897,2.4260737673104185,0.767284577208333,0.5052815187642681,0.008780774620031684,0.09796870414835523,0.28405436029176867,0.2598663894661961
12,9,20,3.5,0.45,0.32108652785861835,2.425462770679544,0.7693603510833331,0.5047113016343343,0.004463637012732891,0.09831591670889406,0.28497174694872696,0.2605213203623231
12,9,20,3.5,0.48,0.3165717496405489,2.391358485585951,0.7693603510833331,0.5047113016343343,0.004463637012732891,0.09831591670889406,0.28497174694872696,0.23605810097908453
12,9,20,4.0,0.42,0.3308607555403835,2.551306756730552,0.8648113729500002,0.46324870011842334,0.0638839259419457,0.08914658660476094,0.26782933816462795,0.24009087645425242
12,9,20,4.0,0.45,0.3267246380438058,2.44013492980191,0.8077370493499996,0.47732906672624686,0.05306273785354687,0.09191715062251204,0.2754586659127598,0.24546717001632912
12,9,20,4.0,0.48,0.32230066381842226,2.4070945870211053,0.8077370493499996,0.47732906672624686,0.05306273785354687,0.09191715062251204,0.2754586659127598,0.22187828459506997
12,9,20,4.5,0.42,0.3355637877902322,2.796204066435311,0.9470458679499996,0.45954807017808585,0.05371446548554548,0.09728066579856076,0.26183309110488606,0.22513540023715795
12,9,20,4.5,0.45,0.3314784739894492,2.677384701119371,0.8895693320499996,0.4730269845449726,0.043121473090215856,0.10022683452644476,0.2690460681274607,0.23003504869180014
12,9,20,4.5,0.48,0.3271293341424557,2.642256264725822,0.8895693320499996,0.4730269845449726,0.043121473090215856,0.10022683452644476,0.2690460681274607,0.20721062064951346
12,11,10,3.5,0.42,0.3485714170308538,1.7358581108480085,0.7393992335416661,0.48203801966962234,-0.003578255419391496,0.3234224187508836,0.3155649231360793,0.24831292228374768
12,11,10,3.5,0.45,0.3436836682817921,1.5979813203478417,0.6205644228000002,0.5173614532595923,-0.0017647353396653687,0.3385049835792784,0.32650074865110024,0.2548578129545356
12,11,10,3.5,0.48,0.3483784915461845,1.6198102303927682,0.6205644228000002,0.5173614532595923,-0.0017647353396653687,0.3385049835792784,0.32650074865110024,0.28016629379396574
12,11,10,4.0,0.42,0.34404367917076795,1.8489292012877347,0.7703430319749998,0.38507569692773114,0.0004814968931823316,0.3327278114726433,0.33696338375006873,0.2530948229665013
12,11,10,4.0,0.45,0.3378159769146054,1.6970824962745172,0.6511816726333337,0.41284701048164973,-0.009581325408293484,0.35335697017662393,0.3523138782063322,0.2616990473530667
12,11,10,4.0,0.48,0.3429679038002982,1.7229641760566592,0.6511816726333337,0.41284701048164973,-0.009581325408293484,0.35335697017662393,0.3523138782063322,0.2897692066397475
12,11,10,4.5,0.42,0.3503033849033137,1.6720956504992253,0.7667884973666665,0.40243259510108165,0.008438642729047485,0.3330716013701056,0.33567937177939355,0.2642064904203103
12,11,10,4.5,0.45,0.34332816690627244,1.5340747145095333,0.6476271380250005,0.43151824404023165,-0.009822217796095045,0.35643106038481087,0.35293947096584954,0.2743385290147229
12,11,10,4.5,0.48,0.3480692079090939,1.5552588520896777,0.6476271380250005,0.43151824404023165,-0.009822217796095045,0.35643106038481087,0.35293947096584954,0.30030195602842613
12,11,15,3.5,0.42,0.3327307441480112,1.388108251216482,0.6580710516333335,0.4960039139620569,-0.004923361405901772,0.31965945157779174,0.3355380630160274,0.20611225393350208
12,11,15,3.5,0.45,0.327818071432151,1.291940306394738,0.5644236166916672,0.5256740991241267,-0.01129055247074573,0.33439790762575017,0.34713173159846344,0.21144742367976543
12,11,15,3.5,0.48,0.3327810460775438,1.3114995300701937,0.5644236166916672,0.5256740991241267,-0.01129055247074573,0.33439790762575017,0.34713173159846344,0.2375995820865595
12,11,15,4.0,0.42,0.34894563240199505,1.7779689930843328,0.7597607334416665,0.4988787351227655,-0.0020733821862398694,0.31468139821182306,0.30534437007423576,0.23771091106815523
12,11,15,4.0,0.45,0.3431540620374254,1.633427167133364,0.6405993741000009,0.5350893375749108,-0.008491093327290589,0.3317679275078964,0.31772805840285256,0.24509182122840656
12,11,15,4.0,0.48,0.3478575511883586,1.6558159650797903,0.6405993741000009,0.5350893375749108,-0.008491093327290589,0.3317679275078964,0.31772805840285256,0.2702600748772279
12,11,15,4.5,0.42,0.3435648250528962,1.787647816015317,0.7741623895333332,0.3839066398954114,0.008516481602598214,0.31983079947060733,0.33134594944352913,0.25638045779637286
12,11,15,4.5,0.45,0.3364201998926266,1.6734508332376936,0.6550010301916671,0.4115297895364305,-0.009917461989909726,0.34248132174365487,0.34872691125652633,0.2664441639890811
12,11,15,4.5,0.48,0.3412769468189498,1.6976096893149273,0.6550010301916671,0.4115297895364305,-0.009917461989909726,0.34248132174365487,0.34872691125652633,0.29301967923448125
12,11,20,3.5,0.42,0.3132078204819593,1.318319459401383,0.6369306802250001,0.5178479426588303,-0.008625441758773778,0.2583039180187712,0.3388072819174186,0.1624891072729242
12,11,20,3.5,0.45,0.30844271441023197,1.2254906009313158,0.5432832452833336,0.5492488310486612,-0.010793035898809644,0.2690549605595891,0.3499192731875449,0.16647493567806504
12,11,20,3.5,0.48,0.3137585457762677,1.2466112209714713,0.5432832452833336,0.5492488310486612,-0.010793035898809644,0.2690549605595891,0.3499192731875449,0.19386701521903604
12,11,20,4.0,0.42,0.33491183644721967,1.5819513341905467,0.6805431705333336,0.5181218406972177,0.0019167779055886403,0.3136865413382124,0.3211593102477903,0.19342752600521362
12,11,20,4.0,0.45,0.3299838435725462,1.4741859374848132,0.5868957355916664,0.5486764940016604,-0.0044862351975897274,0.32778688732968675,0.33203172533982905,0.19838779926919448
12,11,20,4.0,0.48,0.3349091491009739,1.4961894879290278,0.5868957355916664,0.5486764940016604,-0.0044862351975897274,0.32778688732968675,0.33203172533982905,0.22401778452381182
12,11,20,4.5,0.42,0.35545306644003705,1.9784689625128506,0.7727430314416663,0.5316137261754685,0.005176724177906378,0.304549788168504,0.30373840483611203,0.23784251169756487
12,11,20,4.5,0.45,0.34901197563566444,1.8187674526867843,0.6535816721000007,0.5698976222192176,-0.007842510654547108,0.3227678557936875,0.3174037600225623,0.24603521761317415
12,11,20,4.5,0.48,0.35331353192647397,1.8411836765523846,0.6535816721000007,0.5698976222192176,-0.007842510654547108,0.3227678557936875,0.3174037600225623,0.2689531846314457
14,5,10,3.5,0.42,0.30593839329327066,1.9125532456481542,0.8090781858833334,0.3389411048575346,-0.03394707584932544,0.345012905322448,0.1926888149128152,0.18929998598402098
14,5,10,3.5,0.45,0.301670303692674,1.85785249499609,0.7810743640333329,0.34405282210265264,-0.05741257943049782,0.35757221514331894,0.19790081356293632,0.19357424821199043
14,5,10,3.5,0.48,0.30576538575877454,1.883072274141038,0.7810743640333329,0.34405282210265264,-0.04876665487390375,0.3543221793750151,0.1965611221304675,0.20835661572320863
14,5,10,4.0,0.42,0.3041145833559338,1.6331811123279565,0.8095062831333335,0.26292861898463293,-0.035983474899622725,0.36743930735554886,0.2109331592577508,0.21457551158916166
14,5,10,4.0,0.45,0.2998179494251241,1.5909663058671828,0.781502461283333,0.2668930450844944,-0.060897632016690184,0.38167957322063395,0.21690385891620734,0.2195665098192865
14,5,10,4.0,0.48,0.3039404292171981,1.6128420022969128,0.781502461283333,0.2668930450844944,-0.05172688342266585,0.37798835035636613,0.21536775562785637,0.234640385498724
14,5,10,4.5,0.42,0.3129116505588603,1.8779120799587041,0.8207294001083334,0.2923574215392486,-0.034116358436585226,0.3681856454743411,0.2136164344689815,0.2200902425571909
14,5,10,4.5,0.45,0.3086499003787797,1.8249838125740985,0.7927255782583331,0.29673909621386785,-0.0591374601012854,0.38234858019820916,0.21961344492124346,0.22515621070707725
14,5,10,4.5,0.48,0.3126436966835644,1.8485983143056903,0.7927255782583331,0.29673909621386785,-0.05023178083071245,0.37876341725415696,0.21810675552038084,0.23969472825050953
14,5,15,3.5,0.42,0.3032821728700521,1.8185264484263313,0.7518853373249998,0.3586847898386838,-0.03422071253574499,0.3528817701177842,0.20251449108151554,0.1784866339978397
14,5,15,3.5,0.45,0.2989724334806807,1.7652165488624623,0.723881515475,0.36426618349919004,-0.058076607660193735,0.3659487340340477,0.20805295294100423,0.18252714601114972
14,5,15,3.5,0.48,0.30310749234604395,1.7896310885398512,0.723881515475,0.36426618349919004,-0.04928799307282272,0.36256581432889257,0.20662903884847128,0.19741012933507052
14,5,15,4.0,0.42,0.30928404352710825,1.9417251937278994,0.8087038496833334,0.3515459887019847,-0.03335534076081792,0.3441492474943708,0.1893603263593524,0.19911353913778895
14,5,15,4.0,0.45,0.30506771699286994,1.8867932686336446,0.7807000278333331,0.35684887469980975,-0.05659751302639959,0.3565506756688963,0.19443400149940637,0.20357992310909068
14,5,15,4.0,0.48,0.30911311566479416,1.9118133889477993,0.7807000278333331,0.35684887469980975,-0.04803145004507192,0.35334233906580237,0.19313010533183506,0.2182097297181136
14,5,15,4.5,0.42,0.30405706063292604,1.6328721990765456,0.8095062831333335,0.26292861898463293,-0.03511984907799415,0.3684131212622994,0.2101812881147067,0.21305456700139747
14,5,15,4.5,0.45,0.29965550264383123,1.590104291581417,0.781502461283333,0.2668930450844944,-0.060897632016690184,0.38303396615613994,0.21626753988643332,0.2181268183181031
14,5,15,4.5,0.48,0.3037803956452989,1.6119927935647893,0.781502461283333,0.2668930450844944,-0.05172688342266585,0.37932964495881594,0.21473744585983012,0.23320210185422008
14,5,20,3.5,0.42,0.2837980536989546,1.6791103464340502,0.7276272199916671,0.3559535965348528,-0.03617389043743868,0.2616752188904734,0.22165620920100815,0.16205741056660505
14,5,20,3.5,0.45,0.2791671283724575,1.6260627322230377,0.6996233981416669,0.3615681717776771,-0.06042655137386843,0.27154144233289257,0.22829241810592182,0.16600734261475303
14,5,20,3.5,0.48,0.2836104827406465,1.6519439059353414,0.6996233981416669,0.3615681717776771,-0.05150010799414484,0.26898593407120264,0.22658308383865888,0.1821255492949414
14,5,20,4.0,0.42,0.30341526683079145,1.8358722561832865,0.7685088364916663,0.3358368967593588,-0.03448384232792756,0.35897029988557194,0.20142030475737904,0.18465285046328161
14,5,20,4.0,0.45,0.2991076261459049,1.7823275885267873,0.7405050146416665,0.3410149308190713,-0.05853439081662393,0.3723760063950816,0.20694995806898953,0.1888528083812846
14,5,20,4.0,0.48,0.3032406705998094,1.8069556438181904,0.7405050146416665,0.3410149308190713,-0.04967518037614049,0.36890460657944124,0.2055282008446806,0.2037700427696234
14,5,20,4.5,0.42,0.3147299520621838,1.9793619789748738,0.8087038496833334,0.35182334877234167,-0.033348492739949664,0.3513957828980976,0.20678670805286514,0.20341633192074493
14,5,20,4.5,0.45,0.31059625443676153,1.9243372093747342,0.7807000278333331,0.35713041860067696,-0.056585764033264985,0.3640555539230934,0.21229533242008358,0.20788606939252108
14,5,20,4.5,0.48,0.3145623449976005,1.9489096101456722,0.7807000278333331,0.35713041860067696,-0.04802147926814826,0.3607804007907278,0.2108798159671852,0.2221951030592808
14,7,10,3.5,0.42,0.33814875542814615,1.7393199345308612,0.7769154479166667,0.31773374265530485,-0.06575913595337302,0.31932812558477863,0.4837590395382585,0.23444170336907688
14,7,10,3.5,0.45,0.3357431317493236,1.548502668644509,0.7822736325666675,0.31681288616971526,-0.09051384570533516,0.3272861723841207,0.4929293920448359,0.23744554808924567
14,7,10,3.5,0.48,0.335721629910094,1.6095792226700536,0.7822736325666675,0.31681288616971526,-0.08151419914896751,0.32407930748592184,0.4892468726751431,0.2310684808566199
14,7,10,4.0,0.42,0.3450033232206935,1.748834592701938,0.871095425350001,0.2866277169788576,-0.07868672725779968,0.3175907065830541,0.5018943179937843,0.24148894153880307
14,7,10,4.0,0.45,0.3393246880005467,1.5590829220448512,0.7738354707249999,0.3017755287994104,-0.09606818703024866,0.3370532353915021,0.5251222631877643,0.2488831581200317
14,7,10,4.0,0.48,0.339303456498518,1.6212961838093087,0.7738354707249999,0.3017755287994104,-0.08692046335406078,0.33367645413884994,0.5211393734508953,0.24248731917093247
14,7,10,4.5,0.42,0.3494909540483566,1.8255215310311583,0.9742700879416675,0.2622460148185797,-0.07611131496633938,0.31548745971146763,0.47542940923837484,0.24389810167115922
14,7,10,4.5,0.45,0.34268018406583645,1.6026326072055765,0.850799190866667,0.2791340248189724,-0.09463388858374533,0.33840826092981247,0.50148197496345,0.2528788149572305
14,7,10,4.5,0.48,0.3426166697860602,1.6661081620158469,0.850799190866667,0.2791340248189724,-0.08570132005664721,0.3351020601803165,0.4977776906339433,0.24630749634629945
14,7,15,3.5,0.42,0.3333927155253751,1.5636592701442875,0.6694305160500005,0.3801329317585467,-0.08315703674972597,0.3343019666759779,0.4948579499186023,0.22711128821771487
14,7,15,3.5,0.45,0.33179170666015745,1.451270807927761,0.6747887007000004,0.37896322570937047,-0.10029948889504903,0.33989902075484646,0.5011017046158788,0.2290377422717007
14,7,15,3.5,0.48,0.33176990171062415,1.5061652311833045,0.6747887007000004,0.37896322570937047,-0.0911729477084906,0.336485717415814,0.497300060384535,0.22263898669499205
14,7,15,4.0,0.42,0.3442856203560909,1.8380797153075712,0.849877067233334,0.31275061355385314,-0.06346050329285702,0.31005960523041054,0.4783540107322204,0.23237437237084535
14,7,15,4.0,0.45,0.3378618529100754,1.5609919450565322,0.7623946546833336,0.3277103812157338,-0.09075042365132768,0.33105650621483207,0.5029245828226248,0.2403877525235225
14,7,15,4.0,0.48,0.33784051149312133,1.6228280182688641,0.7623946546833336,0.3277103812157338,-0.08172725452909835,0.3278034652644999,0.499167265061244,0.23403825209471107
14,7,15,4.5,0.42,0.3450940318405098,1.8364461422813514,0.9104794843416677,0.2683469570815007,-0.07739137125799844,0.3302100372998009,0.4788645068515853,0.24003684989966212
14,7,15,4.5,0.45,0.3381733079490987,1.6046976522669054,0.7870085872666668,0.2862225874210962,-0.09654654171736576,0.35496191353060347,0.5056121915206175,0.24902269674964006
14,7,15,4.5,0.48,0.3381087764700379,1.671019113333982,0.7870085872666668,0.2862225874210962,-0.08735326855562775,0.351386311141785,0.5018071715957968,0.24236432216069614
14,7,20,3.5,0.42,0.3238375867000387,1.4625633167080743,0.6609790798749999,0.37473192514621,-0.09096802090614153,0.32511005417271055,0.4957902063625601,0.2065210735150449
14,7,20,3.5,0.45,0.3229504156692782,1.4011190302940708,0.6663372645250003,0.37357321473168614,-0.10119870191625979,0.3280582879534908,0.49920928849162394,0.20747994399454495
14,7,20,3.5,0.48,0.32292791354674555,1.4541107032789595,0.6663372645250003,0.37357321473168614,-0.09199033873076623,0.3247313631526423,0.4953499669895829,0.20106225856366655
14,7,20,4.0,0.42,0.33935134347907403,1.707377083045066,0.7488912489666666,0.350149341426216,-0.06516169411648154,0.32214177421181756,0.48816755992186445,0.22220110421520656
14,7,20,4.0,0.45,0.3328134021886928,1.4912181352508016,0.6614088364166668,0.3678768434053743,-0.0932747094075842,0.34462609010687784,0.5137555956901951,0.22996552268219062
14,7,20,4.0,0.48,0.3327916761061218,1.5499443837791715,0.6614088364166668,0.3678768434053743,-0.08400055459983302,0.341136878703431,0.509839372956985,0.22358514309719868
14,7,20,4.5,0.42,0.34650072052903824,1.9157698730986783,0.8540292787000006,0.31207445028373826,-0.0633543142455002,0.3250473886916718,0.4770173609725721,0.2286087435597528
14,7,20,4.5,0.45,0.33969881668022683,1.6656915335071658,0.7567693240750004,0.3287214530832576,-0.09096454413378563,0.34858279447865015,0.5028721131262919,0.23692704671402764
14,7,20,4.5,0.48,0.3396346317028496,1.7358374037977395,0.7567693240750004,0.3287214530832576,-0.08192008535528805,0.34514873316735817,0.4991544681943336,0.2304356647091157
14,9,10,3.5,0.42,0.3341866538039351,2.7328553831517204,1.062494300833333,0.4296487920856682,0.024236337177250267,0.16315917231973187,0.20652567050546367,0.20143046647198792
14,9,10,3.5,0.45,0.3329812448895293,2.7229979929683124,1.062494300833333,0.4296487920856682,0.015412563753713693,0.1645769995358921,0.20807858322306494,0.20268730619996833
14,9,10,3.5,0.48,0.33117613393761536,2.708236460375756,1.062494300833333,0.4296487920856682,0.015412563753713693,0.1645769995358921,0.20807858322306494,0.1933932107282228
14,9,10,4.0,0.42,0.3338167755808603,2.747684558411412,1.1213191771416664,0.3863440939209797,0.020961008644624357,0.15871558536241626,0.22721843632844774,0.1919200903969389
14,9,10,4.0,0.45,0.33114645561575307,2.6533827319869743,1.062169079666666,0.39706181872698765,0.021314271257150574,0.1618125176988381,0.2310644949481051,0.194565482671472
14,9,10,4.0,0.48,0.3293295124980402,2.638824081541577,1.062169079666666,0.39706181872698765,0.021314271257150574,0.1618125176988381,0.2310644949481051,0.18526107009553128
14,9,10,4.5,0.42,0.33530824358376377,2.5958812594171374,1.1184907485666664,0.40595759040498436,0.0068768484818959585,0.16467534914801374,0.22617022324903502,0.1957552943603711
14,9,10,4.5,0.45,0.3326638877028254,2.50632209412858,1.058938438791666,0.417313205549696,0.007170795582113421,0.1678777454939795,0.22996570301311126,0.19843277504709422
14,9,10,4.5,0.48,0.33085673689601003,2.4927068441361016,1.058938438791666,0.417313205549696,0.007170795582113421,0.1678777454939795,0.22996570301311126,0.1891589247045542
14,9,15,3.5,0.42,0.3261818208411278,2.4882732039224327,0.9872918839166667,0.4324392611163643,-0.00018722591337794192,0.15845324049270992,0.23256289386067297,0.2098045525041734
14,9,15,3.5,0.45,0.3259437395408169,2.486457004238493,0.9872918839166667,0.4324392611163643,-0.0019426840646539212,0.15873193995032397,0.23291878340128047,0.21006563157299318
14,9,15,3.5,0.48,0.324092728836195,2.4723365964101007,0.9872918839166667,0.4324392611163643,-0.0019426840646539212,0.15873193995032397,0.23291878340128047,0.20042679945633357
14,9,15,4.0,0.42,0.33754513605696745,2.979350458413183,1.098379137991666,0.446696759559589,0.023911491376428673,0.14902135293981078,0.20871514920399292,0.19712267971891606
14,9,15,4.0,0.45,0.3337161062886027,2.8652041986171435,1.0392290405166662,0.45922352556721124,0.01563094477461746,0.15312471985390497,0.21373741238171862,0.2010403638205258
14,9,15,4.0,0.48,0.33191570802113146,2.849746423047029,1.0392290405166662,0.45922352556721124,0.01563094477461746,0.15312471985390497,0.21373741238171862,0.1917882338770931
14,9,15,4.5,0.42,0.3315230954293895,2.6984034541894584,1.1217213894416664,0.3881697894050058,0.01100639398153569,0.15867491305084025,0.22908705961186282,0.188397101361369
14,9,15,4.5,0.45,0.3288428272086319,2.604280281788525,1.062169079666666,0.39901138496199495,0.011386213729551953,0.16178325628964596,0.2329803889704236,0.19100040145341146
14,9,15,4.5,0.48,0.3270108946960697,2.5897722392670253,1.062169079666666,0.39901138496199495,0.011386213729551953,0.16178325628964596,0.2329803889704236,0.18163131448662995
14,9,20,3.5,0.42,0.3218477337870145,2.509793931919492,0.9712183886583334,0.4349413303922003,-0.009569136251133203,0.1288109503124939,0.2559308406466061,0.2150574092853481
14,9,20,3.5,0.45,0.32160593963135464,2.507908402083665,0.9712183886583334,0.4349413303922003,-0.011335337005723756,0.12904106473466048,0.2563392321301281,0.2153312792605766
14,9,20,3.5,0.48,0.31972592971490066,2.4932479369477285,0.9712183886583334,0.4349413303922003,-0.011335337005723756,0.12904106473466048,0.2563392321301281,0.20546718346144455
14,9,20,4.0,0.42,0.3325306661669942,2.545290909128608,1.0558027093999995,0.41955922964939707,0.0284728914950525,0.14350168181198852,0.22658126545117874,0.20112523477538802
14,9,20,4.0,0.45,0.32863250012748146,2.445461994256473,0.9966526119249999,0.4315673653986931,0.01994958125342383,0.14759503575710342,0.23225833719924127,0.20522505418796366
14,9,20,4.0,0.48,0.32679919157000525,2.4318197452418016,0.9966526119249999,0.4315673653986931,0.01994958125342383,0.14759503575710342,0.23225833719924127,0.19573547252878676
14,9,20,4.5,0.42,0.34044581907124427,3.0381700280109287,1.1223486016916668,0.4315586177781825,0.02575953648778473,0.15764770812059403,0.2305259023592896,0.17885377568016314
14,9,20,4.5,0.45,0.3363409014319507,2.9108296303870627,1.0560940810166661,0.4450069155347651,0.01755903238221257,0.16234670911750504,0.2364825936331072,0.18260039260451433
14,9,20,4.5,0.48,0.3345572143925992,2.89539288432562,1.0560940810166661,0.4450069155347651,0.01755903238221257,0.16234670911750504,0.2364825936331072,0.1735922782144177
14,11,10,3.5,0.42,0.34025538456137605,2.2511883690997445,0.7329972597999994,0.6886443800773641,-0.011229269239044437,0.2422496332669788,0.275132436262459,0.19268206955449396
14,11,10,3.5,0.45,0.33492203312798163,2.069411193692224,0.6072203045833329,0.7426152466054765,-0.009900041028659712,0.25289220087751296,0.2848250592244004,0.19801186552151728
14,11,10,3.5,0.48,0.34234961353152804,2.115304615171827,0.6072203045833329,0.7426152466054765,-0.009900041028659712,0.25289220087751296,0.2848250592244004,0.2366776581141341
14,11,10,4.0,0.42,0.34021448427816425,2.036345139460605,0.7512750212249995,0.6222441245654886,0.013540560244869049,0.23055237521835603,0.2992181818280848,0.18756823900780217
14,11,10,4.0,0.45,0.33329192334132185,1.9071852906855387,0.625171517408333,0.6705967891852744,0.002991433578499292,0.24390393074799355,0.31321554111569205,0.1943090167474828
14,11,10,4.0,0.48,0.34113692960319275,1.952076509164463,0.625171517408333,0.6705967891852744,0.002991433578499292,0.24390393074799355,0.31321554111569205,0.23510219177532954
14,11,10,4.5,0.42,0.3463299283058998,1.9291660162603859,0.7551541132833333,0.618976189153446,-0.0018230231900512317,0.24545831721952305,0.31733160728140053,0.20572488126194055
14,11,10,4.5,0.45,0.3395568364347361,1.8091688226440512,0.6290506094666657,0.6669602137400141,-0.013090338330709494,0.2599016899641682,0.33222373950959705,0.21303524589759415
14,11,10,4.5,0.48,0.3469186950070813,1.8483930218845859,0.6290506094666657,0.6669602137400141,-0.013090338330709494,0.2599016899641682,0.33222373950959705,0.25169899353066905
14,11,15,3.5,0.42,0.3250777555593847,2.023099559585997,0.6545615551249995,0.7153966704820398,-0.022179496407014332,0.23613258977027485,0.29165277872467876,0.15676101643963425
14,11,15,3.5,0.45,0.31971238263983004,1.8766245906881853,0.553971975708333,0.7617752394049548,-0.028325555901624444,0.24644217805638413,0.3019189170265253,0.16103803536108097
14,11,15,3.5,0.48,0.3275463025196059,1.9226075662816897,0.553971975708333,0.7617752394049548,-0.028325555901624444,0.24644217805638413,0.3019189170265253,0.2010511693545607
14,11,15,4.0,0.42,0.34268178020330864,2.4746378854708504,0.7406927226916666,0.7312991661227655,-0.003620918589782196,0.23601125167381976,0.26533899641733005,0.17548472646756874
14,11,15,4.0,0.45,0.3361567489453059,2.269019954728017,0.6145892188750002,0.7884991600855495,-0.01164275631435574,0.24841321429052154,0.27655864387127505,0.18134769884732505
14,11,15,4.0,0.48,0.34356510014093544,2.319025485621736,0.6145892188750002,0.7884991600855495,-0.01164275631435574,0.24841321429052154,0.27655864387127505,0.2193400504150771
14,11,15,4.5,0.42,0.3368608353049616,1.8457167843425495,0.7512750212249995,0.5895162181904903,-0.001861235887275825,0.23602591704883524,0.3125991117260287,0.19610083317078897
14,11,15,4.5,0.45,0.3298545891122242,1.727410130145806,0.625171517408333,0.6353256985226574,-0.013377875929989846,0.25022346695016595,0.32771404916006586,0.2033070608322669
14,11,15,4.5,0.48,0.33746954164717846,1.7672887511613957,0.625171517408333,0.6353256985226574,-0.013377875929989846,0.25022346695016595,0.32771404916006586,0.2432905110778969
14,11,20,3.5,0.42,0.30794408367095194,1.9009009901360534,0.6401841246916664,0.7318450650030042,-0.027888124136839276,0.18136847197293182,0.3009174781806252,0.12183954308077038
14,11,20,3.5,0.45,0.3028375925934037,1.7622640179031634,0.5395945452749997,0.7797337123732997,-0.029802364418116678,0.18846275953124203,0.31087249875486567,0.12494365553919917
14,11,20,3.5,0.48,0.31115383791748474,1.8106576792487683,0.5395945452749997,0.7797337123732997,-0.029802364418116678,0.18846275953124203,0.31087249875486567,0.16667699277192183
14,11,20,4.0,0.42,0.3313112976469812,2.1539221548781233,0.682359668416666,0.7346850176761961,0.009826737191602763,0.22426537792057988,0.2800196971433333,0.13916476166181013
14,11,20,4.0,0.45,0.3257803141172515,2.002733915515684,0.5817700889999995,0.7814757473466796,0.002796833425055878,0.23397578312687162,0.2898911164413216,0.14300141006204647
14,11,20,4.0,0.48,0.33346211146224225,2.0499577513592278,0.5817700889999995,0.7814757473466796,0.002796833425055878,0.23397578312687162,0.2898911164413216,0.1814383349253259
14,11,20,4.5,0.42,0.34788781163481963,2.5656824037263064,0.7536750206916665,0.7280544287878143,-0.002018860320820548,0.23906175794747608,0.2824653361277214,0.17407333239111855
14,11,20,4.5,0.45,0.3414826312992756,2.355107027552377,0.627571516875,0.7845457386688441,-0.009923691143038593,0.25152903039777263,0.29428879247175055,0.1797505129311736
14,11,20,4.5,0.48,0.34844274360210314,2.403108910794799,0.627571516875,0.7845457386688441,-0.009923691143038593,0.25152903039777263,0.29428879247175055,0.21522450107940583
