roc,reb,atr_p,atr_m,mkt_t,mkt_s,Full_CAGR,Full_Calmar,Ret_2020,Ret_2021,Ret_2022,Ret_2023,Ret_2024,Ret_2025
10,7,10,4.0,0.35,14,0.3039510569265522,1.495049984064207,0.8112006663166662,0.1394376996129425,0.02147881475169333,0.07343525807539963,0.5288389932070192,0.31920857985588236
10,7,10,4.0,0.35,20,0.30478075229036716,1.521625491723902,0.8112006663166662,0.1394376996129425,0.04136315770449839,0.07202179707063339,0.5192624308278275,0.3080368604901391
10,7,10,4.0,0.38,14,0.303394137142456,1.5158903981662397,0.8112006663166662,0.1394376996129425,0.0494608784431001,0.056289023002647376,0.5187641924153008,0.29926692652424314
10,7,10,4.0,0.38,20,0.3068786161543646,1.5547730508660316,0.8112006663166662,0.1394376996129425,0.06831222397220937,0.055295751748880795,0.510016676386182,0.30435846260535593
10,7,10,4.0,0.4,14,0.29880994166501007,1.4455613775150589,0.8112006663166662,0.1394376996129425,0.006701682566507383,0.05867987364087823,0.5397627999068402,0.3072379986574638
10,7,10,4.0,0.4,20,0.3023524597139944,1.4838550822611731,0.8112006663166662,0.1394376996129425,0.02555302809561666,0.05760124138754352,0.5302992443281389,0.3123710593194866
10,7,10,4.0,0.42,14,0.3015468234833698,1.481479621216748,0.8112006663166662,0.1394376996129425,0.02696320712574929,0.05752214599040495,0.5296046438623798,0.30659580294088995
10,7,10,4.0,0.42,20,0.3017268423795998,1.4684246883146441,0.8112006663166662,0.1394376996129425,0.014516578475159303,0.0582278582532878,0.5357989606034348,0.31771990960337737
10,7,10,4.3,0.35,14,0.3049531576554647,1.5413462946276149,0.8795070670666665,0.13512004966546587,0.021834804212994552,0.07006180657793748,0.4924337646479826,0.3174216106035328
10,7,10,4.3,0.35,20,0.3057798523770874,1.5681749465751995,0.8795070670666665,0.13512004966546587,0.04109168387734474,0.0687558179600285,0.4837734941200469,0.3063346639602109
10,7,10,4.3,0.38,14,0.3041780508563139,1.5588007397075576,0.8795070670666665,0.13512004966546587,0.04692160020039182,0.05366420427613483,0.4842117037520546,0.2979890479017231
10,7,10,4.3,0.38,20,0.30765271996233357,1.5982122094836764,0.8795070670666665,0.13512004966546587,0.0651780793421346,0.05274443372788018,0.4762637472557314,0.3030727392406236
10,7,10,4.3,0.4,14,0.29960699149144654,1.4876520534772617,0.8795070670666665,0.13512004966546587,0.005511698374907059,0.055874252587068574,0.5032614318434239,0.3058901011124511
10,7,10,4.3,0.4,20,0.30313933523748227,1.5264794712205916,0.8795070670666665,0.13512004966546587,0.023768177516649835,0.05487786771272063,0.4946813416518758,0.3110157343927529
10,7,10,4.3,0.42,14,0.3020413723674997,1.5225372959377803,0.8795070670666665,0.13512004966546587,0.025133857436419493,0.054804759599637265,0.49405125234812775,0.3035779201067961
10,7,10,4.3,0.42,20,0.30222106855449504,1.5094301817930287,0.8795070670666665,0.13512004966546587,0.013079990194230895,0.055456839694840276,0.499668662963068,0.31462865951051944
10,7,10,4.5,0.35,14,0.3061020453363421,1.5569282755750842,0.8839533050166666,0.13771723413384307,0.026527493696228976,0.06817635999105276,0.4909184608677353,0.3153234878397493
10,7,10,4.5,0.35,20,0.3069253160223968,1.583853084311962,0.8839533050166666,0.13771723413384307,0.04569582108275205,0.06691701860973787,0.4823487557093067,0.30433397253391936
10,7,10,4.5,0.38,14,0.3053301601513292,1.5744574968783804,0.8839533050166666,0.13771723413384307,0.0514989286819072,0.05198431654596325,0.48278243729367953,0.296041667140271
10,7,10,4.5,0.38,20,0.30879047202514553,1.6139880336862384,0.8839533050166666,0.13771723413384307,0.069671455862518,0.05110116088146488,0.47491570347382694,0.301114292448061
10,7,10,4.5,0.4,14,0.3007783234317096,1.5030704520706077,0.8839533050166666,0.13771723413384307,0.010279449250660377,0.05410528066950593,0.5016297026509433,0.30383843884951567
10,7,10,4.5,0.4,20,0.30429577894143733,1.542019635482519,0.8839533050166666,0.13771723413384307,0.028451976431271175,0.05314925189411013,0.49314216249586584,0.30895363684633104
10,7,10,4.5,0.42,14,0.302561538254986,1.5280389877688059,0.8839533050166666,0.13771723413384307,0.024011508882937793,0.05337972540559566,0.49518947139145775,0.30267467863521924
10,7,10,4.5,0.42,20,0.30274089577259455,1.5149063359838446,0.8839533050166666,0.13771723413384307,0.012013071046734103,0.05401259600313679,0.5008074230894686,0.31368536993581997
10,7,10,5.0,0.35,14,0.30887248521437094,1.6703837878923111,0.8839533050166666,0.1445056709512602,0.025372597987979972,0.08566988653683438,0.4924857142850483,0.3014994415818426
10,7,10,5.0,0.35,20,0.3096875694618706,1.6747917671651975,0.8839533050166666,0.1445056709512602,0.04442574366472862,0.08409506233567843,0.48406723517313033,0.29091486589978244
10,7,10,5.0,0.38,14,0.30821687342967685,1.666838236414833,0.8839533050166666,0.1445056709512602,0.05118947368682503,0.06894404700511836,0.4840607063775191,0.28262622383773994
10,7,10,5.0,0.38,20,0.31164152450611327,1.6853587648241444,0.8839533050166666,0.1445056709512602,0.06925280288112345,0.06777934674556807,0.47634130724427703,0.2877312103232874
10,7,10,5.0,0.4,14,0.3037127687841621,1.6302093790416894,0.8839533050166666,0.1445056709512602,0.010217680452770272,0.07174023766112314,0.5025328318057913,0.28989569387329484
10,7,10,5.0,0.4,20,0.30719325641845674,1.6613025110187487,0.8839533050166666,0.1445056709512602,0.0282810096470687,0.07048001062474607,0.4942180950237085,0.2950490045672538
10,7,10,5.0,0.42,14,0.3068463948082989,1.6594266818724661,0.8839533050166666,0.1445056709512602,0.023867224689975597,0.07078384260917714,0.49622430075428325,0.2966354826146318
10,7,10,5.0,0.42,20,0.3070229917573368,1.6501720926382983,0.8839533050166666,0.1445056709512602,0.011940884985065736,0.07161807330891667,0.501727570444203,0.30734392193044635
10,7,15,4.0,0.35,14,0.3014509801372536,1.4981555509675875,0.7844472430583334,0.14661604626468772,0.03883272173403807,0.07522309886989431,0.5107187987025581,0.3065225791134376
10,7,15,4.0,0.35,20,0.30228821924630256,1.5246744751605354,0.7844472430583334,0.14661604626468772,0.05887792720676832,0.07378775453894582,0.5015662818484703,0.2954895920500853
10,7,15,4.0,0.38,14,0.300888981144779,1.5187973478265475,0.7844472430583334,0.14661604626468772,0.06704115776718123,0.05816167229771696,0.5010900093758206,0.2867162268196932
10,7,15,4.0,0.38,20,0.30440503404694774,1.5578902560592536,0.7844472430583334,0.14661604626468772,0.08604500896132516,0.05714394673714818,0.492726602532332,0.2919564634589169
10,7,15,4.0,0.4,14,0.29626249619210876,1.4483240843802507,0.7844472430583334,0.14661604626468772,0.023936043897973658,0.06061013138083715,0.5211546317572455,0.2943632618965675
10,7,15,4.0,0.4,20,0.2998377696709966,1.486827020571711,0.7844472430583334,0.14661604626468772,0.04293989509211782,0.059505728410887526,0.51211408305415,0.2996527640660809
10,7,15,4.0,0.42,14,0.29902472948326153,1.4843638303500033,0.7844472430583334,0.14661604626468772,0.04436148234191695,0.059424729076625216,0.5114503956038201,0.29388089667212514
10,7,15,4.0,0.42,20,0.2992064050885479,1.4714133318624698,0.7844472430583334,0.14661604626468772,0.03181416160137163,0.06014736030557377,0.5173683859747806,0.3049216341257617
10,7,15,4.3,0.35,14,0.30803275215681425,1.5545126386283257,0.7956979042749992,0.17153849404885158,0.03519713258625434,0.0710205747665551,0.5108384871677483,0.316615743082592
10,7,15,4.3,0.35,20,0.308850307307279,1.581433322086463,0.7956979042749992,0.17153849404885158,0.0546911063517137,0.06969770254268592,0.5018692719988123,0.3056917946125661
10,7,15,4.3,0.38,14,0.3074840057327406,1.5756409548885477,0.7956979042749992,0.17153849404885158,0.06262985273186783,0.05450007303320703,0.501402356546301,0.2970936330585918
10,7,15,4.3,0.38,20,0.3109176681557555,1.614991360705958,0.7956979042749992,0.17153849404885158,0.08111110886692297,0.05356841133734158,0.4932003319645908,0.3021114999278407
10,7,15,4.3,0.4,14,0.30296784119624265,1.5044144935309482,0.7956979042749992,0.17153849404885158,0.0207101048865983,0.05673834745428219,0.5210572326470873,0.30484914346605163
10,7,15,4.3,0.4,20,0.306457668878245,1.5431867622518738,0.7956979042749992,0.17153849404885158,0.03919136102165366,0.05572929756095779,0.5122052452750174,0.3099082683306227
10,7,15,4.3,0.42,14,0.3053728515882326,1.5393224828246466,0.7956979042749992,0.17153849404885158,0.04057385543362657,0.055655256259555586,0.5115551459525478,0.30258499625143953
10,7,15,4.3,0.42,20,0.3055503920401126,1.5261014317220654,0.7956979042749992,0.17153849404885158,0.0283715788505432,0.056315640933878086,0.5173507438991642,0.3134581681916506
10,7,15,4.5,0.35,14,0.3013358413381173,1.4486930946764178,0.8203858412666658,0.132960272289536,0.020486321138843078,0.06715942210973846,0.5178019269700826,0.32415429713858623
10,7,15,4.5,0.35,20,0.3021734298620151,1.4745624743772785,0.8203858412666658,0.132960272289536,0.040388051576836226,0.06586439482407047,0.5083532144827667,0.3127525586266984
10,7,15,4.5,0.38,14,0.3007736070768545,1.4688846480666151,0.8203858412666658,0.132960272289536,0.048492853213194076,0.0501996350837326,0.5078617009514796,0.3038466620621618
10,7,15,4.5,0.38,20,0.30429112238224265,1.5069161068452555,0.8203858412666658,0.132960272289536,0.06736068294255748,0.04931225166932274,0.4992334328534065,0.308961902522364
10,7,15,4.5,0.4,14,0.2961451630405374,1.400247557175914,0.8203858412666658,0.132960272289536,0.005696267371707142,0.052335839683244734,0.5285831667565268,0.3120656763338816
10,7,15,4.5,0.4,20,0.2997219539699405,1.4376993941564904,0.8203858412666658,0.132960272289536,0.02456409710107077,0.05137205058046401,0.5192429185484593,0.31722079168863115
10,7,15,4.5,0.42,14,0.29861025044320977,1.4338975917551313,0.8203858412666658,0.132960272289536,0.02597550923541303,0.05130137917076416,0.5185574715429537,0.3096292512624046
10,7,15,4.5,0.42,20,0.2987922000746699,1.4212518754428254,0.8203858412666658,0.132960272289536,0.013517996867326909,0.05193194277939717,0.5246706568051884,0.3209494079686801
10,7,15,5.0,0.35,14,0.3088488722167617,1.5463644693799772,0.8839533050166666,0.13771723413384307,0.024524471489105304,0.06735755891412998,0.5120549303714688,0.31606500857076636
10,7,15,5.0,0.35,20,0.3096640258216192,1.5730035558205133,0.8839533050166666,0.13771723413384307,0.0436927988756286,0.06611093599723916,0.5030919987304256,0.3051905319189907
10,7,15,5.0,0.38,14,0.3083017425303576,1.567274687761694,0.8839533050166666,0.13771723413384307,0.0514989286819072,0.051062871125697296,0.5026253834109429,0.2966264900697524
10,7,15,5.0,0.38,20,0.31172535189662653,1.6062070595456088,0.8839533050166666,0.13771723413384307,0.069671455862518,0.050195369793053723,0.49442819575875063,0.3016300067895685
10,7,15,5.0,0.4,14,0.30379903192690927,1.496795541897157,0.8839533050166666,0.13771723413384307,0.010279449250660377,0.05314624020504155,0.5222653167359663,0.30433856902103495
10,7,15,5.0,0.4,20,0.3072784399226165,1.5351594203029013,0.8839533050166666,0.13771723413384307,0.028451976431271175,0.052207157470206544,0.5134206444981222,0.30938330250582013
10,7,15,5.0,0.42,14,0.30693168517079616,1.528247503498497,0.8839533050166666,0.13771723413384307,0.024011508882937793,0.05243354573491499,0.5155540733001991,0.31102659263613575
10,7,15,5.0,0.42,20,0.30710822769498547,1.5151230337307453,0.8839533050166666,0.13771723413384307,0.012013071046734103,0.05305519841612161,0.5214084259112521,0.32195949991203743
10,7,20,4.0,0.35,14,0.30426157433700296,1.4557353021128754,0.6997145185250004,0.1677115617317333,0.039959841199718404,0.07607729987375755,0.5690643976877376,0.30850108359954787
10,7,20,4.0,0.35,20,0.30509033849560385,1.481818188413703,0.6997145185250004,0.1677115617317333,0.06058685861539259,0.07458560472183295,0.5585903006057931,0.29756192857752417
10,7,20,4.0,0.38,14,0.3037052815123653,1.4762587273280858,0.6997145185250004,0.1677115617317333,0.06898702688340386,0.058522558972176064,0.5580455397866693,0.288880621242978
10,7,20,4.0,0.38,20,0.30718586287369387,1.514289909893159,0.6997145185250004,0.1677115617317333,0.08854246472013538,0.05747121343342276,0.5484840288737143,0.29404146253233354
10,7,20,4.0,0.4,14,0.29912630542203233,1.407369131325787,0.6997145185250004,0.1677115617317333,0.024630787397890153,0.0610559989907673,0.5810197510602344,0.29650122114753685
10,7,20,4.0,0.4,20,0.3026647808856746,1.4448193691462756,0.6997145185250004,0.1677115617317333,0.04418622523462168,0.059912547024088214,0.5706620637411277,0.30170902956632273
10,7,20,4.0,0.42,14,0.3013055538549687,1.4398799848291033,0.6997145185250004,0.1677115617317333,0.04564907404399898,0.059828730187009294,0.5699020804549384,0.29284068452701484
10,7,20,4.0,0.42,20,0.30148573044223226,1.4270599995789828,0.6997145185250004,0.1677115617317333,0.032737567410287216,0.060576721807604095,0.5766806475038546,0.30375344938101456
10,7,20,4.3,0.35,14,0.30637720400836477,1.5486478172449178,0.780411845725,0.16603327468244267,0.03826113199465908,0.0802700536097063,0.5258016326598227,0.2962160169149126
10,7,20,4.3,0.35,20,0.30719965718599695,1.575560902708132,0.780411845725,0.16603327468244267,0.0580112864573048,0.07875988318521943,0.5165552183151523,0.28562150192767755
10,7,20,4.3,0.38,14,0.3058251600999151,1.5697129094654638,0.780411845725,0.16603327468244267,0.06605436013403398,0.0632736474805482,0.5160738867438981,0.2771065683925291
10,7,20,4.3,0.38,20,0.309279325380031,1.6091618502397544,0.780411845725,0.16603327468244267,0.08477848830423818,0.062181494660414005,0.5076188518741498,0.28230349152358625
10,7,20,4.3,0.4,14,0.30128155198892537,1.498400555756507,0.780411845725,0.16603327468244267,0.023583722544165076,0.06589900395305603,0.5363368265413739,0.2842792709139872
10,7,20,4.3,0.4,20,0.3047926344097076,1.5372672675321932,0.780411845725,0.16603327468244267,0.042307850714369266,0.06471518729518433,0.5272106767888081,0.2895282659612324
10,7,20,4.3,0.42,14,0.30399410467046994,1.5348367451951699,0.780411845725,0.16603327468244267,0.043708513222112444,0.06462833916145971,0.5265404625934438,0.2839331480784697
10,7,20,4.3,0.42,20,0.3041725334621068,1.5216339392272198,0.780411845725,0.16603327468244267,0.03134588002011052,0.06540303217859988,0.5325154795506137,0.2945751096852771
10,7,20,4.5,0.35,14,0.3017362165145516,1.4822317629514643,0.7853279950749998,0.14463817249980515,0.03888215191522426,0.0718275396730117,0.5194800662859567,0.30637876918742646
10,7,20,4.5,0.35,20,0.3025725907682808,1.5084875243885596,0.7853279950749998,0.14463817249980515,0.058952872935003287,0.07045532599281223,0.5101299003223785,0.2953623823935685
10,7,20,4.5,0.38,14,0.30117479984551965,1.5026879834191593,0.7853279950749998,0.14463817249980515,0.06712649447363339,0.05486225262633471,0.5096433834947078,0.28660091090119044
10,7,20,4.5,0.38,20,0.3046872330558845,1.5413563863085573,0.7853279950749998,0.14463817249980515,0.08615453567470488,0.05390113598126267,0.5011007416778348,0.2918354759698567
10,7,20,4.5,0.4,14,0.29655316381120267,1.4329509158141616,0.7853279950749998,0.14463817249980515,0.023966512094224957,0.057174685531786285,0.5301430796454321,0.2942343045399003
10,7,20,4.5,0.4,20,0.30012468146978666,1.4710353426770426,0.7853279950749998,0.14463817249980515,0.042994553295296445,0.05613160983352916,0.5209056127499521,0.2995180768500607
10,7,20,4.5,0.42,14,0.2990146080447187,1.4671466026496471,0.7853279950749998,0.14463817249980515,0.044417950083860624,0.05605511023567411,0.5202275263643175,0.29205709016538894
10,7,20,4.5,0.42,20,0.29919629033567485,1.4543296695257493,0.7853279950749998,0.14463817249980515,0.03185465785561359,0.056737606288209896,0.5262741861860187,0.3030685692937638
10,7,20,5.0,0.35,14,0.304262026640695,1.5026129992785495,0.8248320792166661,0.13509735555608837,0.026394993579134107,0.07354830264992773,0.5157716360590627,0.321192454102444
10,7,20,5.0,0.35,20,0.30509078944381285,1.529138885209292,0.8248320792166661,0.13509735555608837,0.04621180726198992,0.07214410219295986,0.5065088676383576,0.3099952622231903
10,7,20,5.0,0.38,14,0.30370573472867,1.5233812660669916,0.8248320792166661,0.13509735555608837,0.0542820273096698,0.056534564263129194,0.5060268776916506,0.30122288349391724
10,7,20,5.0,0.38,20,0.30718631041646804,1.5586958544228855,0.8248320792166661,0.13509735555608837,0.07306935173412588,0.055544755730913,0.4975633891758595,0.3062929810230588
10,7,20,5.0,0.4,14,0.2991267662356567,1.4531164543447364,0.8248320792166661,0.13509735555608837,0.011668046051835912,0.0589159411103386,0.5263340587652097,0.30924717219709574
10,7,20,5.0,0.4,20,0.3026652358149442,1.4914043661108798,0.8248320792166661,0.13509735555608837,0.030455370476291987,0.057841782120899854,0.5171837913549306,0.31435761781594995
10,7,20,5.0,0.42,14,0.3009206752525524,1.4776822017755722,0.8248320792166661,0.13509735555608837,0.025864676865123615,0.05810062123060811,0.5193901667664007,0.3080225929675624
10,7,20,5.0,0.42,20,0.3011011037384954,1.4647098663219638,0.8248320792166661,0.13509735555608837,0.013460318243173841,0.05881175015093176,0.5254471948391688,0.3192009505463709
10,8,10,4.0,0.35,14,0.3194971879513775,1.1640771921829294,0.41082966974166624,0.9021385856778379,-0.037147123534346016,0.3263960824543084,0.19134539248055926,0.20837269310812268
10,8,10,4.0,0.35,20,0.3175230241148985,1.1568843930524806,0.41082966974166624,0.9021385856778379,-0.02042091936846635,0.3207852522897494,0.18885638803336757,0.1849163428076417
10,8,10,4.0,0.38,14,0.31475336877798354,1.1467932475604548,0.41082966974166624,0.9021385856778379,-0.017474910857831816,0.2997834826910579,0.1900478262028551,0.17694958438813058
10,8,10,4.0,0.38,20,0.3187737001351121,1.1614411888079483,0.41082966974166624,0.9021385856778379,0.000426307295806172,0.2944192799673053,0.18742212716655993,0.18373059162000183
10,8,10,4.0,0.4,14,0.31805951953720113,1.1588390959680757,0.41082966974166624,0.9021385856778379,0.008375241955936863,0.2920983982937295,0.18627931981947432,0.17398413800010437
10,8,10,4.0,0.4,20,0.32203283276915107,1.1733157282676234,0.41082966974166624,0.9021385856778379,0.02627646010957485,0.28700336069574606,0.18375602837712224,0.18068682839340666
10,8,10,4.0,0.42,14,0.3236127427764046,1.17907207691325,0.41082966974166624,0.9021385856778379,0.008596739937932307,0.29203425054943866,0.18624767490927008,0.20241107078708032
10,8,10,4.0,0.42,20,0.32773436409220924,1.194089064697422,0.41082966974166624,0.9021385856778379,0.028335662829581,0.2864286474748028,0.18347014776709458,0.20854116685518798
10,8,10,4.3,0.35,14,0.31675672855830683,1.1488571571397512,0.4033309988416667,0.871542105177197,-0.040971823307350275,0.35339454394553727,0.17960778041328473,0.2127336603142651
10,8,10,4.3,0.35,20,0.31476299184991263,1.1416259968189713,0.4033309988416667,0.871542105177197,-0.023881124350778493,0.34716414548467855,0.17725859677538658,0.18886629458059256
10,8,10,4.3,0.38,14,0.31196558896015203,1.131479988726476,0.4033309988416667,0.871542105177197,-0.020870916889514812,0.32536821558170415,0.17838306290213435,0.1807970940914967
10,8,10,4.3,0.38,20,0.31602608739366533,1.1462071666087852,0.4033309988416667,0.871542105177197,-0.002579598226560398,0.319401409906364,0.17590506087637636,0.18763662369777423
10,8,10,4.3,0.4,14,0.3153048231594473,1.1435911856272862,0.4033309988416667,0.871542105177197,0.00554255835806905,0.3168214810480101,0.1748266555309128,0.17772089968582794
10,8,10,4.3,0.4,20,0.3193172657360521,1.1581440678745727,0.4033309988416667,0.871542105177197,0.023833877021023575,0.31116130238115525,0.17244581658262303,0.1844812360022312
10,8,10,4.3,0.42,14,0.3209350177768113,1.164011554948842,0.4033309988416667,0.871542105177197,0.00595133897261535,0.31669273676913035,0.17477272976759006,0.20655704685161225
10,8,10,4.3,0.42,20,0.32509591061844034,1.1791028571698052,0.4033309988416667,0.871542105177197,0.026120409344022377,0.31046793309517073,0.17215274840834272,0.21272565670400367
10,8,10,4.5,0.35,14,0.32200399336830476,1.2033620022391829,0.4113861961666663,0.8629461648533641,-0.04092610477885639,0.36643164895547753,0.18166161524661906,0.22521845599789203
10,8,10,4.5,0.35,20,0.32004752934325253,1.196050495192738,0.4113861961666663,0.8629461648533641,-0.023854476528544777,0.35997884034629846,0.17931065245968814,0.20150755542522503
10,8,10,4.5,0.38,14,0.3173029607753106,1.185793760508632,0.4113861961666663,0.8629461648533641,-0.02084762801605311,0.3380805857740943,0.1804360522745143,0.19360561331562653
10,8,10,4.5,0.38,20,0.32128697471541723,1.2006824298750145,0.4113861961666663,0.8629461648533641,-0.0025767197743582493,0.33188758879533964,0.17795579272604,0.20021162756369693
10,8,10,4.5,0.4,14,0.3205791998195695,1.198037402380502,0.4113861961666663,0.8629461648533641,0.005536373678165285,0.32920977912667526,0.17687617626770868,0.19035157146518245
10,8,10,4.5,0.4,20,0.3245171233715607,1.2127538272316958,0.4113861961666663,0.8629461648533641,0.023807281919860035,0.3233346874244434,0.17449217229695346,0.19688527086689134
10,8,10,4.5,0.42,14,0.3261051884417552,1.2186885895387258,0.4113861961666663,0.8629461648533641,0.005944698153671046,0.32907614910641647,0.17682218630127045,0.21883363171504944
10,8,10,4.5,0.42,20,0.33019065550527116,1.2339563996494272,0.4113861961666663,0.8629461648533641,0.02609126280909968,0.3226149753737979,0.17419866777826187,0.2247726263219747
10,8,10,5.0,0.35,14,0.31857820609816145,1.1929063042422294,0.4143311070166662,0.8611507455429026,-0.04368945939896529,0.368268332891704,0.1677014908463641,0.2239333996445103
10,8,10,5.0,0.35,20,0.3165975048687282,1.1854896293467618,0.4143311070166662,0.8611507455429026,-0.026636930287499583,0.3617718401162817,0.16552715271187735,0.19991090976514347
10,8,10,5.0,0.38,14,0.3138185824754829,1.175084039829189,0.4143311070166662,0.8611507455429026,-0.023633445731649272,0.33981785004621323,0.16656798952055607,0.19189113382216183
10,8,10,5.0,0.38,20,0.3178523289964157,1.1901882797377195,0.4143311070166662,0.8611507455429026,-0.005382978341186617,0.3335824504341873,0.16427412995682156,0.19860769312886095
10,8,10,5.0,0.4,14,0.31713578245140495,1.1875051932162173,0.4143311070166662,0.8611507455429026,0.002721038466974468,0.33088642862800355,0.16327568726074992,0.18862209502889438
10,8,10,5.0,0.4,20,0.3211221656236176,1.2024320825207304,0.4143311070166662,0.8611507455429026,0.020971505857437345,0.324971638703921,0.1610710100711008,0.19526368216430923
10,8,10,5.0,0.42,14,0.32254548319557075,1.207761651436686,0.4143311070166662,0.8611507455429026,0.0016286466495785135,0.33124729852557455,0.1634095653633778,0.21770249445779388
10,8,10,5.0,0.42,20,0.32668270328402693,1.2232533449395249,0.4143311070166662,0.8611507455429026,0.021752672035173948,0.3247231863535358,0.16097797228208854,0.22374141217659171
10,8,15,4.0,0.35,14,0.31416760814604827,1.3110560473795716,0.41315466922499944,0.8919987225177366,-0.013891090026267094,0.32584430858234903,0.16459745719032504,0.18405636042049567
10,8,15,4.0,0.35,20,0.3121551622662051,1.3026578889686447,0.41315466922499944,0.8919987225177366,0.0028971583394810096,0.32035363239594306,0.16249798103414115,0.16080150035523522
10,8,15,4.0,0.38,14,0.30700264176191316,1.281155853140499,0.41315466922499944,0.8919987225177366,-0.011886017234166046,0.3051488332140091,0.16575097246228077,0.1544891360894063
10,8,15,4.0,0.38,20,0.31113584903257707,1.2984041825251058,0.41315466922499944,0.8919987225177366,0.006081603717500883,0.2996991772926867,0.1634746615563547,0.1616343776057354
10,8,15,4.0,0.4,14,0.31040176515498263,1.295340769614133,0.41315466922499944,0.8919987225177366,0.014060024164478602,0.29734120440442013,0.16248380243902472,0.15186271721100275
10,8,15,4.0,0.4,20,0.3144850069123122,1.312380587405823,0.41315466922499944,0.8919987225177366,0.03202764511614542,0.29216448837425135,0.16029575296877607,0.1589184592189905
10,8,15,4.0,0.42,14,0.31561611286753366,1.3171008171951741,0.41315466922499944,0.8919987225177366,0.010428965398099344,0.29840972423493906,0.16293325883561272,0.18116057849655287
10,8,15,4.0,0.42,20,0.3198563559994836,1.3347958190233649,0.41315466922499944,0.8919987225177366,0.030241107871724626,0.2926711297186799,0.160510670810307,0.18766653779538123
10,8,15,4.3,0.35,14,0.3189152982727992,1.2340853910492453,0.39754073464166617,0.920338541429623,-0.01808848872617641,0.3208629184806109,0.17145807384533396,0.2068033892551362
10,8,15,4.3,0.35,20,0.31693699808014175,1.2264300939214792,0.39754073464166617,0.920338541429623,-0.0013633931259257048,0.315453522561546,0.1692618678776261,0.18333582460453268
10,8,15,4.3,0.38,14,0.31183216294048544,1.2066762517455674,0.39754073464166617,0.920338541429623,-0.016407011580701458,0.3002970351195473,0.17270748169025807,0.1774585481211377
10,8,15,4.3,0.38,20,0.31589459588703517,1.2223963792484058,0.39754073464166617,0.920338541429623,0.0014930201306952995,0.2949297221743439,0.1703249936885609,0.1843223495464188
10,8,15,4.3,0.4,14,0.3151729905216103,1.219604030796022,0.39754073464166617,0.920338541429623,0.009441427957860071,0.2926074262517995,0.16928800955556422,0.17444582602019487
10,8,15,4.3,0.4,20,0.3191873173230775,1.2351380051378562,0.39754073464166617,0.920338541429623,0.027341459669256718,0.2875091386672768,0.16699830498588497,0.18122946219567804
10,8,15,4.3,0.42,14,0.3202995449670689,1.2394419187299752,0.39754073464166617,0.920338541429623,0.005824028234269862,0.29365977536370313,0.16975838139602684,0.203756661762569
10,8,15,4.3,0.42,20,0.32446982363199783,1.255579369660883,0.39754073464166617,0.920338541429623,0.025561642885791214,0.288008098036467,0.1672231955676855,0.20996381977545164
10,8,15,4.5,0.35,14,0.31288054821428535,1.1227690991735577,0.39768774788333316,0.8885186460069538,-0.04058562010131417,0.3411145647852145,0.16685097763307044,0.2099474385607516
10,8,15,4.5,0.35,20,0.31085872252116187,1.1155137954318899,0.39768774788333316,0.8885186460069538,-0.023580291084778104,0.3351327676498981,0.16466074023679922,0.18576505520459485
10,8,15,4.5,0.38,14,0.3080214881251535,1.1053324047218198,0.39768774788333316,0.8885186460069538,-0.020585119944212193,0.3135709341578734,0.16570909851326743,0.17756108073309873
10,8,15,4.5,0.38,20,0.31213964204243005,1.1201103638833845,0.39768774788333316,0.8885186460069538,-0.002385168450113828,0.3078503137228643,0.16339888035411554,0.1845381326596871
10,8,15,4.5,0.4,14,0.31140821198947144,1.117485633562641,0.39768774788333316,0.8885186460069538,0.005696417060017778,0.3053764870367306,0.16239356619423106,0.17449660604251838
10,8,15,4.5,0.4,20,0.31547679906450643,1.1320857225461776,0.39768774788333316,0.8885186460069538,0.023896368554116254,0.29994836225555277,0.16017425051268375,0.18139085818437417
10,8,15,4.5,0.42,14,0.3170941274918895,1.1378894914025175,0.39768774788333316,0.8885186460069538,0.005921611373262969,0.3053081228148051,0.16236573012295574,0.20377146068727892
10,8,15,4.5,0.42,20,0.321312139590582,1.1530257907710186,0.39768774788333316,0.8885186460069538,0.02598993499741553,0.29933630768803643,0.15992284355990583,0.21006435186760863
10,8,15,5.0,0.35,14,0.3211358477256723,1.1951655977702815,0.40522159576666605,0.8667288722783351,-0.0453466492312663,0.37220646982022565,0.18287467441046346,0.22278940680273318
10,8,15,5.0,0.35,20,0.3191732759057553,1.187861528981543,0.40522159576666605,0.8667288722783351,-0.02823490179374044,0.3656066351413507,0.1805014689034108,0.1990635915042256
10,8,15,5.0,0.38,14,0.3164200510573323,1.177614900817588,0.40522159576666605,0.8667288722783351,-0.02522098703562603,0.3435022124142517,0.1816374947805306,0.19113463079309945
10,8,15,5.0,0.38,20,0.32041659667500255,1.1924887738715841,0.40522159576666605,0.8667288722783351,-0.006907141238264303,0.3371676118844975,0.17913386884683424,0.19778114486876008
10,8,15,5.0,0.4,14,0.3197066113254783,1.1898464339687616,0.40522159576666605,0.8667288722783351,0.0012250183929702896,0.3344290658114799,0.17804414120474465,0.18791653753902637
10,8,15,5.0,0.4,20,0.32365674756011,1.2045475860437256,0.40522159576666605,0.8667288722783351,0.019538864190332017,0.3284217594139056,0.17563793828068874,0.19448952421023447
10,8,15,5.0,0.42,14,0.32524967894746615,1.2104759705802377,0.40522159576666605,0.8667288722783351,0.0016343024515830251,0.33429241265868925,0.17798964654607752,0.21644871481237593
10,8,15,5.0,0.42,20,0.32934751247423,1.2257268050518895,0.40522159576666605,0.8667288722783351,0.021828212549829695,0.327685949023369,0.17534171298799306,0.22242816095016482
10,8,20,4.0,0.35,14,0.3052199094355761,1.154544785017078,0.3198845572083324,0.9045408174530378,-0.01333981986074606,0.3309827898034987,0.19103838891337177,0.18503997360824687
10,8,20,4.0,0.35,20,0.3031411413315668,1.1466815008748934,0.3198845572083324,0.9045408174530378,0.00451629224973793,0.3250579025234297,0.18844718029507246,0.1608370543270563
10,8,20,4.0,0.38,14,0.2978160342683367,1.126538402736639,0.3198845572083324,0.9045408174530378,-0.011207208775572575,0.308938479298116,0.19246388579667495,0.15426648111860963
10,8,20,4.0,0.38,20,0.30208800462497387,1.1426978371133931,0.3198845572083324,0.9045408174530378,0.007903293230474784,0.3030808047890381,0.18965208753725737,0.16170385577256918
10,8,20,4.0,0.4,14,0.30132946507376923,1.139828535812924,0.3198845572083324,0.9045408174530378,0.01638920354476814,0.30055036023251014,0.18842969526512898,0.15153820519711902
10,8,20,4.0,0.4,20,0.3055477134731537,1.1557847580017782,0.3198845572083324,0.9045408174530378,0.03549970555081505,0.29500360031422934,0.1857337109435777,0.15887864719598732
10,8,20,4.0,0.42,14,0.30668793611977363,1.1600978387337915,0.3198845572083324,0.9045408174530378,0.01230275855132068,0.30176361635028326,0.18901637300934815,0.18204458415319658
10,8,20,4.0,0.42,20,0.3110655059835845,1.1766567207105831,0.3198845572083324,0.9045408174530378,0.03337510805740185,0.2956101215134419,0.18602961756201086,0.1887989041944349
10,8,20,4.3,0.35,14,0.31308680831909563,1.3034334152176403,0.40958387355833303,0.8906262767320663,-0.015586327913929887,0.33146570842664014,0.171129602547879,0.17281758609415077
10,8,20,4.3,0.35,20,0.3110664893764652,1.2950224852478993,0.40958387355833303,0.8906262767320663,0.001256675504521576,0.3258527279232366,0.16894512795414585,0.1497965279579414
10,8,20,4.3,0.38,14,0.30589349168663205,1.273486419637303,0.40958387355833303,0.8906262767320663,-0.013574715555340178,0.31061800197389444,0.17232983700211046,0.14332617465048192
10,8,20,4.3,0.38,20,0.31004316183984626,1.2907621993766976,0.40958387355833303,0.8906262767320663,0.004451506985410525,0.3050435474683211,0.16996134451739797,0.15056869034177311
10,8,20,4.3,0.4,14,0.30930617582738384,1.2876940017724967,0.40958387355833303,0.8906262767320663,0.01245594913653214,0.3026318836014974,0.1689303754785183,0.14090113739034993
10,8,20,4.3,0.4,20,0.31340544248931024,1.3047599432400685,0.40958387355833303,0.8906262767320663,0.030482171677282732,0.297337944674978,0.16665378815612097,0.14805061582277812
10,8,20,4.3,0.42,14,0.3145409371048258,1.309487199660129,0.40958387355833303,0.8906262767320663,0.008813047632912463,0.3037247106088423,0.16939802464600695,0.1700331279909595
10,8,20,4.3,0.42,20,0.3187974406710312,1.3272077449937754,0.40958387355833303,0.8906262767320663,0.028689807622414243,0.2978560190645896,0.16687740040476262,0.17665069052950777
10,8,20,4.5,0.35,14,0.31664294882186517,1.2840786021258366,0.40271838835833274,0.8949819427852237,-0.018582159499457962,0.3392580904492959,0.16145548459505488,0.20086107599531244
10,8,20,4.5,0.35,20,0.3146483943876808,1.2759901078794285,0.40271838835833274,0.8949819427852237,-0.0016956541592494379,0.33348107026514606,0.15939484579202112,0.17734426593193886
10,8,20,4.5,0.38,14,0.3095423976376359,1.255283816475652,0.40271838835833274,0.8949819427852237,-0.016565351570859033,0.3182244090168125,0.16258767509644723,0.17129657343373017
10,8,20,4.5,0.38,20,0.31363820275645904,1.271893489077321,0.40271838835833274,0.8949819427852237,0.001507428896827756,0.312481865609066,0.16035345511398802,0.17826586340417694
10,8,20,4.5,0.4,14,0.3129107129687265,1.2689433078932204,0.40271838835833274,0.8949819427852237,0.009532544832043355,0.3099978414812632,0.15938092958987293,0.1683748410223136
10,8,20,4.5,0.4,20,0.3169575399451148,1.2853543599827115,0.40271838835833274,0.8949819427852237,0.02760532529972992,0.304545823282629,0.15723339027557337,0.17526075414660158
10,8,20,4.5,0.42,14,0.31807867156177805,1.289900872464611,0.40271838835833274,0.8949819427852237,0.0058802344829675945,0.3111234310751523,0.15982206893420892,0.19780877971185218
10,8,20,4.5,0.42,20,0.3222819527484493,1.3069463915598714,0.40271838835833274,0.8949819427852237,0.025808331946930663,0.305079321406029,0.15744432752726634,0.204121359082583
10,8,20,5.0,0.35,14,0.3170918787012391,1.1765953366131767,0.4113861961666663,0.9122701707632164,-0.040077718799560236,0.3410024735813677,0.16603443529902884,0.20526537232466846
10,8,20,5.0,0.35,20,0.31510054832204837,1.1692063424597832,0.4113861961666663,0.9122701707632164,-0.023446760949833556,0.3351559797917123,0.1639035255592738,0.18166008292170743
10,8,20,5.0,0.38,14,0.3123065571142867,1.1588390096884258,0.4113861961666663,0.9122701707632164,-0.020517528299113796,0.3140700594570296,0.1649236443495654,0.17361329347268173
10,8,20,5.0,0.38,20,0.3163621169609605,1.1738874960214611,0.4113861961666663,0.9122701707632164,-0.002718247504776339,0.3084646012568941,0.16267527194913822,0.18048616831992703
10,8,20,5.0,0.4,14,0.3156417236069191,1.1712144175926982,0.4113861961666663,0.9122701707632164,0.005185422447581578,0.3060391757126364,0.16169643106880582,0.17068128747565758
10,8,20,5.0,0.4,20,0.3196493558475839,1.1860850646257923,0.4113861961666663,0.9122701707632164,0.022984703241919036,0.300714289421264,0.15953461301833882,0.17747332749928435
10,8,20,5.0,0.42,14,0.3207597491833831,1.1902052698674366,0.4113861961666663,0.9122701707632164,0.001588383377279401,0.3071382648098657,0.16214044672260108,0.19982934750563297
10,8,20,5.0,0.42,20,0.3249232281723158,1.2056541989996792,0.4113861961666663,0.9122701707632164,0.02121490421574168,0.3012354371780961,0.15974697307845664,0.20605445622508212
10,9,10,4.0,0.35,14,0.3317377507856256,2.469064350243103,0.8563982317166665,0.4827799213604709,-0.015550213828175341,0.17638527469572818,0.2941053783648384,0.2211270122941411
10,9,10,4.0,0.35,20,0.3312965772922749,2.465780775364679,0.8563982317166665,0.4827799213604709,0.020679159923488566,0.17010545794786847,0.28511923799215677,0.18976356154658158
10,9,10,4.0,0.38,14,0.3360622527794406,2.501250839963363,0.8563982317166665,0.4827799213604709,0.015993644316124156,0.17216395101205473,0.2850677121918457,0.21418175146498908
10,9,10,4.0,0.38,20,0.3355890064554674,2.4977285527812785,0.8563982317166665,0.4827799213604709,0.04941671991240493,0.16668066811742888,0.2772540396394503,0.18565520066094998
10,9,10,4.0,0.4,14,0.3355306281732815,2.497294053737886,0.8563982317166665,0.4827799213604709,0.01179276882416036,0.17287876074848607,0.2860810630373385,0.21477522565811036
10,9,10,4.0,0.4,20,0.3365873523827838,2.5051590617676984,0.8563982317166665,0.4827799213604709,0.04521584442044091,0.17892513845624447,0.27547002206949545,0.18471633664202192
10,9,10,4.0,0.42,14,0.3481155829012226,2.5909616058768723,0.8563982317166665,0.4827799213604709,0.05857613002402595,0.16523845101686807,0.2751869651397405,0.24341432073618985
10,9,10,4.0,0.42,20,0.34749361973418047,2.586332446008057,0.8563982317166665,0.4827799213604709,0.07851425543422352,0.1734009436938715,0.26819341625781745,0.21522368396265534
10,9,10,4.3,0.35,14,0.32881238800017765,2.217743353002919,0.8611308634083337,0.47088772831862435,-0.019413197706491303,0.1946034460581929,0.27101762136398966,0.22067954609114415
10,9,10,4.3,0.35,20,0.32836660228285086,2.214736658767711,0.8611308634083337,0.47088772831862435,0.017020388577450696,0.1876106956831285,0.26278342214083916,0.1889504894767584
10,9,10,4.3,0.38,14,0.3329995769291194,2.2459847172392413,0.8611308634083337,0.47088772831862435,0.01125449378943344,0.1895392076327671,0.2630504737279613,0.21386465420694867
10,9,10,4.3,0.38,20,0.33252116584709035,2.2427579744646584,0.8611308634083337,0.47088772831862435,0.0448659637794675,0.18344207019109993,0.25587133758948144,0.18498335305980973
10,9,10,4.3,0.4,14,0.33246214972054444,2.242359927958068,0.8611308634083337,0.47088772831862435,0.007029939405642782,0.19033433661470944,0.2639814042786661,0.2144649515239081
10,9,10,4.3,0.4,20,0.33353039479825797,2.2495649284596793,0.8611308634083337,0.47088772831862435,0.040641409395677286,0.19587772988732288,0.2542319530279773,0.18403608752882383
10,9,10,4.3,0.42,14,0.34518095097544665,2.3281445211504916,0.8611308634083337,0.47088772831862435,0.05407700233892987,0.18183906397978067,0.25397183560202197,0.24347438184850367
10,9,10,4.3,0.42,20,0.3445525421090869,2.323906087207009,0.8611308634083337,0.47088772831862435,0.07412751211179414,0.18977120928446545,0.2475443316169308,0.21493446970994445
10,9,10,4.5,0.35,14,0.32831525756091895,2.214390353640739,0.8611308634083337,0.4703364520332902,-0.015100493842678642,0.18401365042295548,0.27393359143957485,0.2212574908322782
10,9,10,4.5,0.35,20,0.32786868224987153,2.211378333826905,0.8611308634083337,0.4703364520332902,0.02134680634057129,0.17742703540195692,0.265571160841487,0.18943337162530516
10,9,10,4.5,0.38,14,0.3325097893845108,2.2426812435530894,0.8611308634083337,0.4703364520332902,0.0155787412226851,0.1793213032613885,0.2658423320690979,0.21441164901374132
10,9,10,4.5,0.38,20,0.33203054602016957,2.2394488872778204,0.8611308634083337,0.4703364520332902,0.04920286284441544,0.1735745391953032,0.2585533608922206,0.1854461463997854
10,9,10,4.5,0.4,14,0.33197142710563976,2.2390501474963522,0.8611308634083337,0.4703364520332902,0.011352596682136618,0.18007063415673463,0.2667876440362926,0.21501502531197225
10,9,10,4.5,0.4,20,0.3330415287041242,2.2462676696873816,0.8611308634083337,0.4703364520332902,0.0449767183038674,0.18592336162963208,0.2568891610303392,0.18449414737800152
10,9,10,4.5,0.42,14,0.34473261451850923,2.325120622922906,0.8611308634083337,0.4703364520332902,0.058588207131898606,0.17203564352377199,0.2565896368032936,0.24405296547751787
10,9,10,4.5,0.42,20,0.34410321379365616,2.3208754991840848,0.8611308634083337,0.4703364520332902,0.07864626408032671,0.1801198323876898,0.2500676358644198,0.2154348217920683
10,9,10,5.0,0.35,14,0.3281342109251566,2.2207433270626646,0.8677398221166666,0.468206557338666,-0.02525771019162415,0.19698361623896776,0.2703745860150153,0.22068524735941808
10,9,10,5.0,0.35,20,0.3276873476360038,2.217719050305001,0.8677398221166666,0.468206557338666,0.011117694191767447,0.18987529448474705,0.26214067737322755,0.18886529039566158
10,9,10,5.0,0.38,14,0.3334241328433043,2.2565444060397315,0.8677398221166666,0.468206557338666,0.011401284733427497,0.19067243907742748,0.2610860547713105,0.21467812241909412
10,9,10,5.0,0.38,20,0.3326228654496177,2.2511215968400893,0.8677398221166666,0.468206557338666,0.044959079546138536,0.1845491882131176,0.2539792679828019,0.18416467706917206
10,9,10,5.0,0.4,14,0.33288751457579835,2.252912686465647,0.8677398221166666,0.468206557338666,0.007183476668846556,0.19147092293847523,0.26200752686115525,0.2152800066613132
10,9,10,5.0,0.4,20,0.33363173133355795,2.257949388960102,0.8677398221166666,0.468206557338666,0.04074127148155804,0.196968284508108,0.2523562576105127,0.18322266159820644
10,9,10,5.0,0.42,14,0.3456084219942135,2.339005112439697,0.8677398221166666,0.468206557338666,0.0543259103406859,0.1829096183208201,0.2520641306587672,0.24420540869024498
10,9,10,5.0,0.42,20,0.34467084324501407,2.3326597766546535,0.8677398221166666,0.468206557338666,0.07434440084549077,0.1908075498873396,0.24570198787147035,0.21408124227554715
10,9,15,4.0,0.35,14,0.3347757736362966,2.5610297238400856,0.838125116308333,0.5139307759246816,0.013009377350002183,0.15866051607949583,0.273461722895493,0.22621108134204015
10,9,15,4.0,0.35,20,0.3343393288867371,2.557690927952035,0.838125116308333,0.5139307759246816,0.048831526758753796,0.15322578379399587,0.26530606701677906,0.19499853381315413
10,9,15,4.0,0.38,14,0.3365934370830088,2.5749348223614166,0.838125116308333,0.5139307759246816,0.025205196841937783,0.15769203154888545,0.2696054158881094,0.22204092347417625
10,9,15,4.0,0.38,20,0.3361210796303862,2.5713212948253465,0.838125116308333,0.5139307759246816,0.05825259136542038,0.1527675826769188,0.2622724110646857,0.193227806917605
10,9,15,4.0,0.4,14,0.3361293375660299,2.5713844679110553,0.838125116308333,0.5139307759246816,0.021571871316744984,0.15825287949256195,0.2704367241818568,0.22258117192863947
10,9,15,4.0,0.4,20,0.3371838314217559,2.579451330332991,0.838125116308333,0.5139307759246816,0.05461926584022736,0.16463630332803136,0.26048685278945305,0.1921816394571063
10,9,15,4.0,0.42,14,0.3482464833259544,2.6640804540100476,0.838125116308333,0.5139307759246816,0.06421934975762977,0.1519110607050127,0.26099073088119584,0.25168274972097504
10,9,15,4.0,0.42,20,0.3476248057989002,2.659324630109962,0.838125116308333,0.5139307759246816,0.08393336723610556,0.16018384763741378,0.2543910933360696,0.22315681436526513
10,9,15,4.3,0.35,14,0.33857547613531724,3.0550568564362477,0.8582865056333333,0.5052119939672524,0.01885147777700036,0.16867921828089827,0.2850684458771888,0.21147084233625635
10,9,15,4.3,0.35,20,0.3381448595008285,3.051171287650502,0.8582865056333333,0.5052119939672524,0.05450376534023982,0.1629598052787402,0.2767237768235753,0.18144998222379893
10,9,15,4.3,0.38,14,0.340368982439035,3.071240142339816,0.8582865056333333,0.5052119939672524,0.030989467003565974,0.16757331647226237,0.281123947680221,0.20757564596070344
10,9,15,4.3,0.38,20,0.33990288489933174,3.067034419879665,0.8582865056333333,0.5052119939672524,0.0638801570434877,0.16239265587382845,0.27361739353789094,0.17984691336356162
10,9,15,4.3,0.4,14,0.3398453894585558,3.0665156231771946,0.8582865056333333,0.5052119939672524,0.02685550592315944,0.16824794066662574,0.28209666864443994,0.20813720645297207
10,9,15,4.3,0.4,20,0.3408861666356253,3.075906833335481,0.8582865056333333,0.5052119939672524,0.059746195963081616,0.17426014912555265,0.27190196460551586,0.17895832835260617
10,9,15,4.3,0.42,14,0.35180852911938865,3.174462224220221,0.8582865056333333,0.5052119939672524,0.06930075810141112,0.16156943958452974,0.27241857360950483,0.23685325630489662
10,9,15,4.3,0.42,20,0.35119456366780044,3.168922250138519,0.8582865056333333,0.5052119939672524,0.08892129544408767,0.16959125596717284,0.2656493798190047,0.20936471984725924
10,9,15,4.5,0.35,14,0.3291096042506645,2.1402090021318254,0.8643615042833332,0.4608225196064848,-0.009253107637892999,0.1776792789656032,0.28476507085147906,0.2203349683082758
10,9,15,4.5,0.35,20,0.32866428979418183,2.1373131097110813,0.8643615042833332,0.4608225196064848,0.027370992971086583,0.1713260400684593,0.2760356815748217,0.1886625601535814
10,9,15,4.5,0.38,14,0.33349334311740475,2.168716579134795,0.8643615042833332,0.4608225196064848,0.02316640773795875,0.172932908517202,0.2759507546360951,0.21331507914410786
10,9,15,4.5,0.38,20,0.3330157693049489,2.165610903215894,0.8643615042833332,0.4608225196064848,0.05695363496662331,0.16740482925044264,0.2683637059784958,0.18451832471445107
10,9,15,4.5,0.4,14,0.3329568565818599,2.1652277921226086,0.8643615042833332,0.4608225196064848,0.01891976279956986,0.1736536567914504,0.27693481114428464,0.21391229090979413
10,9,15,4.5,0.4,20,0.33402323400674416,2.172162474474416,0.8643615042833332,0.4608225196064848,0.05270699002823487,0.17969754508206925,0.2666316156608879,0.18357580371209048
10,9,15,4.5,0.42,14,0.34520734449357793,2.2448930591659755,0.8643615042833332,0.4608225196064848,0.06252199122298951,0.1665275111939668,0.26715317451203746,0.24344037785147887
10,9,15,4.5,0.42,20,0.3445789939587047,2.2408068779854173,0.8643615042833332,0.4608225196064848,0.08267734681877847,0.17472321034021943,0.2603237519335837,0.2149050619625814
10,9,15,5.0,0.35,14,0.3261840037653849,2.197166988284815,0.8586303108666669,0.46471364310900465,-0.020775017329680567,0.1743965811011985,0.28453669326982456,0.2233913754571215
10,9,15,5.0,0.35,20,0.32573402409705365,2.194135936911223,0.8586303108666669,0.46471364310900465,0.015860376043742574,0.16808789503502441,0.27568744031043413,0.19117363627539907
10,9,15,5.0,0.38,14,0.33061318820393826,2.227001859771689,0.8586303108666669,0.46471364310900465,0.011654494358555922,0.1697100605609303,0.27560138722040306,0.21619176748508173
10,9,15,5.0,0.38,20,0.3301307053888489,2.2237518680446526,0.8586303108666669,0.46471364310900465,0.04545213962321171,0.1642236301378701,0.2679168389576063,0.18691323228842993
10,9,15,5.0,0.4,14,0.330071186393448,2.2233509496355306,0.8586303108666669,0.46471364310900465,0.007406539999316619,0.17042568088196464,0.27659853979223503,0.21680605016610643
10,9,15,5.0,0.4,20,0.3311485139659518,2.230607800218482,0.8586303108666669,0.46471364310900465,0.04120418526397307,0.1766430043792524,0.2661633509287116,0.1859446791816155
10,9,15,5.0,0.42,14,0.3428954511585871,2.309734864437357,0.8586303108666669,0.46471364310900465,0.054714198493118094,0.16278148691808592,0.2658851736822192,0.24608905232037648
10,9,15,5.0,0.42,20,0.34226196617522087,2.305467726021742,0.8586303108666669,0.46471364310900465,0.07487576884037539,0.17110948147589466,0.25901529892371866,0.21716255236905235
10,9,20,4.0,0.35,14,0.33799681791517,2.42851705015443,0.8126433741833323,0.4910187014686498,0.025507444668459334,0.1553757924732675,0.3029882683993279,0.23901142463178293
10,9,20,4.0,0.35,20,0.33756531983362037,2.4254167237826736,0.8126433741833323,0.4910187014686498,0.062376515556287204,0.14996761607685505,0.29377934638009573,0.20760129416558337
10,9,20,4.0,0.38,14,0.33979397797742017,2.4414296979123344,0.8126433741833323,0.4910187014686498,0.03805969350904537,0.15444098818404606,0.2986325879443936,0.23471327054212154
10,9,20,4.0,0.38,20,0.3393269335942888,2.4380739703211414,0.8126433741833323,0.4910187014686498,0.07207291581576247,0.14954110163073642,0.29035666749648503,0.20572234126661693
10,9,20,4.0,0.4,14,0.339335098553575,2.438132635793091,0.8126433741833323,0.4910187014686498,0.03432018210177734,0.15499935864520298,0.2995713420598307,0.23528242295012203
10,9,20,4.0,0.4,20,0.3403777464782518,2.445624091712718,0.8126433741833323,0.4910187014686498,0.06833340440849422,0.16158858739005622,0.2883428359637783,0.20461217917462515
10,9,20,4.0,0.42,14,0.3488882698371747,2.5067724516599084,0.8126433741833323,0.4910187014686498,0.07821405591382558,0.14868936643910535,0.28891107949802386,0.2509750577176262
10,9,20,4.0,0.42,20,0.34826799046277124,2.502315726162049,0.8126433741833323,0.4910187014686498,0.09850422609887333,0.15715049753886,0.2814716687056267,0.22255518582219258
10,9,20,4.3,0.35,14,0.33839089192701,2.584242613614807,0.8348503382749999,0.49760620896463403,0.02028908909926397,0.16374642490387226,0.3100675065342786,0.21178527679679005
10,9,20,4.3,0.35,20,0.3379599943600833,2.5809519108177734,0.8348503382749999,0.49760620896463403,0.05656574484707266,0.15810780781011968,0.30081035643043275,0.1817263992011493
10,9,20,4.3,0.38,14,0.3401855627553325,2.5979482568298224,0.8348503382749999,0.49760620896463403,0.032639647415099615,0.16269668930394032,0.30569029583641716,0.2078826286718083
10,9,20,4.3,0.38,20,0.33971916343671715,2.5943864322568766,0.8348503382749999,0.49760620896463403,0.06610634258212711,0.15758939344785183,0.29736713159158956,0.1801192565192049
10,9,20,4.3,0.4,14,0.33972731710781723,2.594448700671355,0.8348503382749999,0.49760620896463403,0.028960222772173472,0.16327847098480497,0.3066338845352541,0.20837491365091276
10,9,20,4.3,0.4,20,0.34076852678179725,2.6024002693258317,0.8348503382749999,0.49760620896463403,0.06242691793920119,0.16953707325139233,0.295340546940273,0.17916937536932287
10,9,20,4.3,0.42,14,0.35169531424907685,2.6858465749933815,0.8348503382749999,0.49760620896463403,0.0721488063565554,0.15670124415784903,0.295912438884651,0.2371041343096869
10,9,20,4.3,0.42,20,0.3510811054711811,2.6811559508206813,0.8348503382749999,0.49760620896463403,0.09211295248616258,0.16492868233168512,0.2884221590479099,0.2095922654396838
10,9,20,4.5,0.35,14,0.34080302596295575,2.6346849370492302,0.8582865056333333,0.502369107998597,0.018368439659435243,0.17182361727429885,0.2977249990853239,0.21072536047643275
10,9,20,4.5,0.35,20,0.34037578215216246,2.631381994448988,0.8582865056333333,0.502369107998597,0.05408845123149786,0.16598418158844797,0.2890124559390186,0.18101728465587885
10,9,20,4.5,0.38,14,0.34258255057526843,2.6484421115283037,0.8582865056333333,0.502369107998597,0.030529485843791004,0.17066874418153377,0.29360662763822143,0.20687701008637482
10,9,20,4.5,0.38,20,0.3421200763951924,2.644866809482268,0.8582865056333333,0.502369107998597,0.06348265404527553,0.16538038727946547,0.2857690877149224,0.1794336593927801
10,9,20,4.5,0.4,14,0.3421281613797895,2.644929312997529,0.8582865056333333,0.502369107998597,0.026906519831225273,0.1712708701274066,0.29449461946182187,0.2073615111527376
10,9,20,4.5,0.4,20,0.34316061935510866,2.652911053969528,0.8582865056333333,0.502369107998597,0.059859688032710245,0.17719986521918063,0.28385944499173243,0.17849753475894836
10,9,20,4.5,0.42,14,0.353997846318336,2.7366916441175224,0.8582865056333333,0.502369107998597,0.06943239972874782,0.1644602999082614,0.28439838816715834,0.23580950333671602
10,9,20,4.5,0.42,20,0.35338856333108115,2.7319813904324652,0.8582865056333333,0.502369107998597,0.0890902076516571,0.17244392847457202,0.27733643121848717,0.20861238213621913
10,9,20,5.0,0.35,14,0.324657520534525,2.107730946038717,0.8611308634083337,0.44459425646142603,-0.01729938883592841,0.17146436702339773,0.28796878369531065,0.22631168550658454
10,9,20,5.0,0.35,20,0.3242050831853007,2.1047936470642967,0.8611308634083337,0.44459425646142603,0.019799993002084904,0.16520729208567153,0.27891138638705115,0.1937385687583848
10,9,20,5.0,0.38,14,0.32911064179553984,2.136641354375633,0.8611308634083337,0.44459425646142603,0.015540843686728367,0.16684058485269992,0.27882334155380706,0.21897605962088962
10,9,20,5.0,0.38,20,0.32862557372063494,2.1334922112702177,0.8611308634083337,0.44459425646142603,0.04976653724264346,0.16140105660782256,0.27096343885848806,0.18938388202576895
10,9,20,5.0,0.4,14,0.3285657354337297,2.1331037310992964,0.8611308634083337,0.44459425646142603,0.011239088845515166,0.1675503154213831,0.2798436119143819,0.21960374041258612
10,9,20,5.0,0.4,20,0.3296488296522315,2.1401353599925788,0.8611308634083337,0.44459425646142603,0.0454647824014307,0.17391485477997648,0.2691706327480805,0.18839413294683105
10,9,20,5.0,0.42,14,0.3410036680153308,2.2138528705734766,0.8611308634083337,0.44459425646142603,0.05540715562043297,0.1605384494507187,0.26971041247473915,0.24965315907523378
10,9,20,5.0,0.42,20,0.3403659437005442,2.209712657615822,0.8611308634083337,0.44459425646142603,0.07582407292067073,0.16900705271941985,0.2626465995121625,0.2203413563922323
10,10,10,4.0,0.35,14,0.26985122164190667,1.299650773443847,0.6994124728833333,0.2428890502384069,-0.09205751129847928,0.2531627535960197,0.29318031130127076,0.23493314337155846
10,10,10,4.0,0.35,20,0.2700892630454319,1.3007972225587365,0.6994124728833333,0.2428890502384069,-0.09012139261193364,0.2526251894745033,0.2926792843254793,0.2346220662292
10,10,10,4.0,0.38,14,0.268831032379103,1.3206148920273402,0.6994124728833333,0.2428890502384069,-0.024003885233938593,0.21169830611903762,0.28258638875592523,0.19457839557799606
10,10,10,4.0,0.38,20,0.2752501769089508,1.3521485203632175,0.6994124728833333,0.2428890502384069,-0.022067766547393064,0.21127918398320222,0.28212088755657216,0.22801034118572194
10,10,10,4.0,0.4,14,0.2646325717095772,1.2977398194450172,0.6994124728833333,0.2428890502384069,-0.05774300956051581,0.21927852631623113,0.29095221937233573,0.19904757120059835
10,10,10,4.0,0.4,20,0.27115155611425523,1.3315456482752517,0.6994124728833333,0.2428890502384069,-0.05580689087397028,0.21882888391971744,0.29045877239257933,0.2332405051474964
10,10,10,4.0,0.42,14,0.262986502643465,1.288475216099613,0.6994124728833333,0.2428890502384069,-0.059038632992702844,0.21958045411776728,0.29128336459760007,0.19119087266801982
10,10,10,4.0,0.42,20,0.2691971390202772,1.318067005770619,0.6994124728833333,0.2428890502384069,-0.05992666853575235,0.2197878796890378,0.2915107711551619,0.2258583477365701
10,10,10,4.3,0.35,14,0.27987736842391175,1.4947739740029093,0.8067042632000003,0.2507204543767445,-0.07235362540316104,0.2601676295806532,0.24993146909106834,0.21723635468456637
10,10,10,4.3,0.35,20,0.2801067313216663,1.4979323542320546,0.8067042632000003,0.2507204543767445,-0.0705407912442767,0.259661176244359,0.24954237158608317,0.21696529329277303
10,10,10,4.3,0.38,14,0.2788944746174342,1.531681871624725,0.8067042632000003,0.2507204543767445,-0.008633390263104501,0.2215079196574683,0.24167889736591652,0.17962029404642865
10,10,10,4.3,0.38,20,0.2850816673892631,1.5676295218674985,0.8067042632000003,0.2507204543767445,-0.006820556104220055,0.22110360488264402,0.24131505241779938,0.2111942584863029
10,10,10,4.3,0.4,14,0.2747708455992228,1.4753329527256416,0.8067042632000003,0.2507204543767445,-0.04084754061100304,0.22894749754443033,0.24833245658711212,0.18358751652735106
10,10,10,4.3,0.4,20,0.2810518493179399,1.510997598115794,0.8067042632000003,0.2507204543767445,-0.039034706452118706,0.22851559449140013,0.24794831806852535,0.2158530556592797
10,10,10,4.3,0.42,14,0.27219885254650555,1.4523957263774767,0.8067042632000003,0.2507204543767445,-0.04965438657559762,0.23106915235755476,0.25021568739222055,0.17708892195048453
10,10,10,4.3,0.42,20,0.27852171148766325,1.4879095706981478,0.8067042632000003,0.2507204543767445,-0.04797927757521758,0.23066257925708844,0.249855290293715,0.20957822582742724
10,10,10,4.5,0.35,14,0.2820618161867485,1.5198323760656731,0.8227141047750002,0.24716784463110164,-0.07048462455901838,0.2540897296433531,0.25593151310404516,0.2197673214786986
10,10,10,4.5,0.35,20,0.2822893393949104,1.5230222793392822,0.8227141047750002,0.24716784463110164,-0.0686820958808344,0.25359889385042367,0.2555342207895157,0.21949519885791036
10,10,10,4.5,0.38,14,0.28090202819780563,1.5548008554948132,0.8227141047750002,0.24716784463110164,-0.008584311732507177,0.21640271225681973,0.24780568006260184,0.18254291651446852
10,10,10,4.5,0.38,20,0.28704415772743297,1.5907947414055381,0.8227141047750002,0.24716784463110164,-0.006781783054323087,0.21600997671469546,0.2474331969786132,0.21390887792612
10,10,10,4.5,0.4,14,0.2768091273368596,1.49792472070861,0.8227141047750002,0.24716784463110164,-0.04061533319183097,0.22362775989408812,0.25461689219098416,0.18654797484219876
10,10,10,4.5,0.4,20,0.2830435496023471,1.533630857266303,0.8227141047750002,0.24716784463110164,-0.03881280451364688,0.22320838742185822,0.25422366773154415,0.21859632940110796
10,10,10,4.5,0.42,14,0.274256587692538,1.4748424724227445,0.8227141047750002,0.24716784463110164,-0.04937211457623547,0.22568772408712734,0.25654463819161033,0.18011056545099557
10,10,10,4.5,0.42,20,0.2805320196999015,1.5103926799860505,0.8227141047750002,0.24716784463110164,-0.047706528125609715,0.22529299029296168,0.25617572579859726,0.21238007417973592
10,10,10,5.0,0.35,14,0.2882522779203285,1.5299079301225758,0.7972257254833335,0.24957016026482748,-0.06678157221456449,0.27414078390654106,0.28452312788020895,0.21593168956313735
10,10,10,5.0,0.35,20,0.2899526701740063,1.5389328148936154,0.7972257254833335,0.24957016026482748,-0.05279982204277234,0.27010188855707784,0.2811987844263186,0.21395968702992674
10,10,10,5.0,0.38,14,0.28698550234809583,1.5674702384550379,0.7972257254833335,0.24957016026482748,-0.005236787810837029,0.23521053918064894,0.2758061331910999,0.1800263979011858
10,10,10,5.0,0.38,20,0.2944472758286554,1.6082252862228639,0.7972257254833335,0.24957016026482748,0.008744962360955233,0.23195039403068063,0.272681248002405,0.20886030662017485
10,10,10,5.0,0.4,14,0.282984024943316,1.5456147903905049,0.7972257254833335,0.24957016026482748,-0.037646137806917834,0.24313176336496345,0.28333247487631774,0.1838599376848027
10,10,10,5.0,0.4,20,0.2905545564805707,1.5869638577714023,0.7972257254833335,0.24957016026482748,-0.023664387635125683,0.23964996107162917,0.2800357349877107,0.21326735904644467
10,10,10,5.0,0.42,14,0.2803944396007809,1.5314708774710304,0.7972257254833335,0.24957016026482748,-0.046506348309000356,0.2453910323169235,0.2854620951838138,0.177097928947068
10,10,10,5.0,0.42,20,0.2880194472542621,1.5731174849373777,0.7972257254833335,0.24957016026482748,-0.03266315783277762,0.24187933437113918,0.28214867891669426,0.20675664395758542
10,10,15,4.0,0.35,14,0.26841302512345644,1.3892259662114612,0.6703904660583333,0.31006958378469696,-0.06814698387066842,0.23809890343332873,0.2566781227130235,0.2001477993896541
10,10,15,4.0,0.35,20,0.2686523437901891,1.3923242788286976,0.6703904660583333,0.31006958378469696,-0.06628027999455322,0.23762383771092566,0.25626111833602794,0.19988856300872282
10,10,15,4.0,0.38,14,0.2667711928949419,1.4164404950772866,0.6703904660583333,0.31006958378469696,-0.007313335839344903,0.2009072539749741,0.24884703199123814,0.1621344145358925
10,10,15,4.0,0.38,20,0.2732390901567696,1.4526736733801247,0.6703904660583333,0.31006958378469696,-0.005446631963229698,0.20053016576453975,0.24845506512005922,0.1950040567516509
10,10,15,4.0,0.4,14,0.2625400668197089,1.3623054186423897,0.6703904660583333,0.31006958378469696,-0.03984282620314239,0.20771385893565175,0.25588168265133815,0.1657895968760945
10,10,15,4.0,0.4,20,0.2691095049366967,1.3982566929546418,0.6703904660583333,0.31006958378469696,-0.037976122327027184,0.20731081253046724,0.2554672599950838,0.1993945771957788
10,10,15,4.0,0.42,14,0.2608810190461843,1.3524882478828089,0.6703904660583333,0.31006958378469696,-0.04109199821912235,0.20798444833466823,0.25615976022499365,0.15804936534959535
10,10,15,4.0,0.42,20,0.26714011846402497,1.384089193864862,0.6703904660583333,0.31006958378469696,-0.04194819541501649,0.20817032106159306,0.25635070722607467,0.19205570291251184
10,10,15,4.3,0.35,14,0.2752719932026344,1.345969593224452,0.6895277405666664,0.22638797386190235,-0.06383148513137527,0.2701621471126565,0.2832657568793373,0.24356377735774237
10,10,15,4.3,0.35,20,0.2755052940191203,1.3471103406045652,0.6895277405666664,0.22638797386190235,-0.06185788562749639,0.26959498495434997,0.28279364823534014,0.24324683505807787
10,10,15,4.3,0.38,14,0.273624366370957,1.3379133591317012,0.6895277405666664,0.22638797386190235,8.861985225161462e-05,0.22923994266908565,0.2744958043448056,0.2043622601342654
10,10,15,4.3,0.38,20,0.2799317540776136,1.3687539541630604,0.6895277405666664,0.22638797386190235,0.0020622193561306013,0.2287884459173053,0.2740524534091249,0.23733637828432164
10,10,15,4.3,0.4,14,0.26950073525445917,1.3177504575887369,0.6895277405666664,0.22638797386190235,-0.03430365139380798,0.23740408484492126,0.2824586942674032,0.20899212288756952
10,10,15,4.3,0.4,20,0.2759041239682818,1.3490604590245074,0.6895277405666664,0.22638797386190235,-0.0323300518899291,0.23691989022362092,0.28198926976523153,0.2427062942044631
10,10,15,4.3,0.42,14,0.26721034710128366,1.3065513785433565,0.6895277405666664,0.22638797386190235,-0.04116261663544152,0.23910233565827554,0.2841023374894678,0.20198889681909216
10,10,15,4.3,0.42,20,0.2733251092083795,1.3364501116843395,0.6895277405666664,0.22638797386190235,-0.04206784342725378,0.23932828259902417,0.2843206908442859,0.2363146069208586
10,10,15,4.5,0.35,14,0.27389652613671567,1.2755217899830413,0.7340020669666667,0.22256890976572663,-0.08038439879703718,0.25762001248023014,0.28635111287389936,0.2400620935637281
10,10,15,4.5,0.35,20,0.2741310189211972,1.276613810610023,0.7340020669666667,0.22256890976572663,-0.0784538664160106,0.25708145039986996,0.2858711124258091,0.23974865847233007
10,10,15,4.5,0.38,14,0.27289158792107804,1.27084184529841,0.7340020669666667,0.22256890976572663,-0.012527128642656593,0.2164580982926918,0.2761950881173538,0.20011247015673939
10,10,15,4.5,0.38,20,0.2792159086333523,1.3002938759215381,0.7340020669666667,0.22256890976572663,-0.01059659626163012,0.21603574340053133,0.2757485057061193,0.2330840742906084
10,10,15,4.5,0.4,14,0.26875662335504913,1.2515855316854911,0.7340020669666667,0.22256890976572663,-0.04616890508568583,0.2240926103052201,0.28421628611657135,0.20464493980437992
10,10,15,4.5,0.4,20,0.27517752133808293,1.2814873176049288,0.7340020669666667,0.22256890976572663,-0.04423837270465936,0.22363996811056808,0.2837434101522007,0.23835648515116015
10,10,15,4.5,0.42,14,0.2664598483908336,1.24088957086092,0.7340020669666667,0.22256890976572663,-0.05287819664827731,0.22568005413159953,0.2858720282246021,0.1976237157034635
10,10,15,4.5,0.42,20,0.2725915153558107,1.2694444230639144,0.7340020669666667,0.22256890976572663,-0.05376366993215875,0.22589124202651334,0.2860919905134043,0.23193833698615984
10,10,15,5.0,0.35,14,0.2810982201486787,1.3654343664502053,0.7898037138583331,0.24070639664813087,-0.06416304130858952,0.23633561549165272,0.27369966692642334,0.2348701448996917
10,10,15,5.0,0.35,20,0.28284377050286436,1.3875907851809366,0.7898037138583331,0.24070639664813087,-0.05002361471665795,0.23282478033977605,0.27037678972193646,0.23262220709987402
10,10,15,5.0,0.38,14,0.2801197538001601,1.3993767092561522,0.7898037138583331,0.24070639664813087,0.0006662492538023201,0.19886886591067543,0.26441662628951423,0.19645222628208625
10,10,15,5.0,0.38,20,0.28776929900255577,1.4515066550883509,0.7898037138583331,0.24070639664813087,0.014805675845733779,0.19609799874083955,0.2613140523455926,0.22643136585357948
10,10,15,5.0,0.4,14,0.27601491258980926,1.3479319607394513,0.7898037138583331,0.24070639664813087,-0.032108590772041534,0.20560298422622392,0.27189964444230785,0.20082990641434062
10,10,15,5.0,0.4,20,0.283779418541825,1.3995729493303057,0.7898037138583331,0.24070639664813087,-0.017969164180109964,0.2026426817626843,0.2686200683542055,0.2314290469325455
10,10,15,5.0,0.42,14,0.2733574158260894,1.326577294582678,0.7898037138583331,0.24070639664813087,-0.04106872054435018,0.20752411190211584,0.2740196818101046,0.19385581331346358
10,10,15,5.0,0.42,20,0.28118010050967945,1.3780022455736058,0.7898037138583331,0.24070639664813087,-0.027069416227529564,0.2045380888044237,0.27072168617025016,0.22472885440049173
10,10,20,4.0,0.35,14,0.25515738891409967,1.2264314901739817,0.5650503345999995,0.3304036454259427,-0.07644874527537171,0.23550666079971427,0.2645322830045458,0.1912891481049599
10,10,20,4.0,0.35,20,0.2554088794919793,1.2293516927339625,0.5650503345999995,0.3304036454259427,-0.07449126196651445,0.2350096014814831,0.26407649893904117,0.19102798783913877
10,10,20,4.0,0.38,14,0.2540761814206449,1.2584963446124497,0.5650503345999995,0.3304036454259427,-0.007668989720735597,0.19547021057760716,0.2549031021233279,0.15098615677154492
10,10,20,4.0,0.38,20,0.26085452553078925,1.29381888915025,0.5650503345999995,0.3304036454259427,-0.005711506411878453,0.19508538295760358,0.2544798693811887,0.18548541542708774
10,10,20,4.0,0.4,14,0.24963673619759352,1.207357699097572,0.5650503345999995,0.3304036454259427,-0.041780417487887744,0.20242870745080532,0.26251118919742944,0.15456142460989208
10,10,20,4.0,0.4,20,0.2565278301654381,1.2424050821651407,0.5650503345999995,0.3304036454259427,-0.03982293417903049,0.20201602230118731,0.26206233722949923,0.18987164623241792
10,10,20,4.0,0.42,14,0.2494647630797251,1.205407369349235,0.5650503345999995,0.3304036454259427,-0.04309033782525862,0.20270581352595496,0.26281241433879154,0.1547020982232361
10,10,20,4.0,0.42,20,0.2559946607743848,1.2361729056803317,0.5650503345999995,0.3304036454259427,-0.04398817263532018,0.20289618390671338,0.2630192772022488,0.190421487889479
10,10,20,4.3,0.35,14,0.27032466274958344,1.4156361701884725,0.6666471040583333,0.312710177493001,-0.06923207251903218,0.24781175024253033,0.26181081247808113,0.19770914038988274
10,10,20,4.3,0.35,20,0.27056228549703354,1.4187681857401064,0.6666471040583333,0.312710177493001,-0.06736510908739757,0.2473166623249785,0.2613882473499942,0.19745577329510677
10,10,20,4.3,0.38,14,0.26889188979943746,1.4459610983469924,0.6666471040583333,0.312710177493001,-0.006848714226819652,0.2096708895818118,0.25354567512433746,0.1599825852972323
10,10,20,4.3,0.38,20,0.27530960064664844,1.4823929715371118,0.6666471040583333,0.312710177493001,-0.004981750795185036,0.209277481838948,0.25314934868964767,0.19248184514212596
10,10,20,4.3,0.4,14,0.2646943895280782,1.3912083208610002,0.6666471040583333,0.312710177493001,-0.03938272764801254,0.21677198564995437,0.26065694830505803,0.16354735627098593
10,10,20,4.3,0.4,20,0.2712118904713492,1.427355845504941,0.6666471040583333,0.312710177493001,-0.03751576421637781,0.21635150565125372,0.260238096685101,0.1967652954460084
10,10,20,4.3,0.42,14,0.2630487020050962,1.3813306465199173,0.6666471040583333,0.312710177493001,-0.04063207335490071,0.217054278962169,0.2609379917488093,0.15589520301094306
10,10,20,4.3,0.42,20,0.269257913553526,1.413075055157421,0.6666471040583333,0.312710177493001,-0.04148838960058676,0.21724819117278238,0.2611309725445521,0.1895046389504722
10,10,20,4.5,0.35,14,0.2798391242674081,1.5759026334285622,0.6795361498666663,0.2987691548583056,-0.05973423172105097,0.2769460658848366,0.2686863513380606,0.20625434617043759
10,10,20,4.5,0.35,20,0.28006851953361367,1.579269101184065,0.6795361498666663,0.2987691548583056,-0.05786105120871543,0.2763965224639109,0.268265536435377,0.2059992632777714
10,10,20,4.5,0.38,14,0.27826564753147287,1.6069046145632102,0.6795361498666663,0.2987691548583056,0.0013104821431015878,0.23765076459776924,0.2607754702055154,0.1697765582148909
10,10,20,4.5,0.38,20,0.28446703687185915,1.6448230864241422,0.6795361498666663,0.2987691548583056,0.003183662655437125,0.23720701456718407,0.26037905217338997,0.20118742578272952
10,10,20,4.5,0.4,14,0.2742129261929789,1.548104204168777,0.6795361498666663,0.2987691548583056,-0.0313318711542423,0.24565916292158763,0.2678825907229512,0.17343139355017656
10,10,20,4.5,0.4,20,0.28050675279671733,1.5857146924753602,0.6795361498666663,0.2987691548583056,-0.02945869064190676,0.24518503167933736,0.2674642877844895,0.20551310939608647
10,10,20,4.5,0.42,14,0.2719624854893907,1.5283976263297547,0.6795361498666663,0.2987691548583056,-0.0378418444290447,0.24732129567603223,0.2693465740932275,0.1666249843195744
10,10,20,4.5,0.42,20,0.2779714930513906,1.561223107078702,0.6795361498666663,0.2987691548583056,-0.03870101225024358,0.24754234084662952,0.2695409825968551,0.1992133672741112
10,10,20,5.0,0.35,14,0.2749151850682279,1.2874448365499442,0.7719772797666664,0.21498950984823417,-0.06617629980798434,0.23852574407017113,0.2844717426122578,0.22916747603079557
10,10,20,5.0,0.35,20,0.2767009355605048,1.2958076166927648,0.7719772797666664,0.21498950984823417,-0.05159321717696541,0.23486537790098683,0.28090910719019146,0.2269234344307629
10,10,20,5.0,0.38,14,0.2739140435452969,1.282756428799629,0.7719772797666664,0.21498950984823417,0.0006871543098214694,0.19974200028664013,0.27452581357812633,0.1900343216252811
10,10,20,5.0,0.38,20,0.28173818470326695,1.319397366373763,0.7719772797666664,0.21498950984823417,0.015270236940840398,0.1968729571599135,0.27120648921870494,0.22074850083657394
10,10,20,5.0,0.4,14,0.26971295795989403,1.2630824848394617,0.7719772797666664,0.21498950984823417,-0.033116069407047366,0.2067251792471212,0.28254149861035405,0.1943672855462324
10,10,20,5.0,0.4,20,0.27765799977862926,1.3002896076950634,0.7719772797666664,0.21498950984823417,-0.018532986776028326,0.20365356264640644,0.2790267480330699,0.22573274938748478
10,10,20,5.0,0.42,14,0.2669921754516351,1.25034089186138,0.7719772797666664,0.21498950984823417,-0.04235734323131912,0.20872008201621983,0.28481499371827224,0.1871897519382384
10,10,20,5.0,0.42,20,0.27499895833314913,1.2878371519374592,0.7719772797666664,0.21498950984823417,-0.027918779524253923,0.20561991081894027,0.28127876070555624,0.21884163332892093
10,11,10,4.0,0.35,14,0.3211276081051746,1.6599546393633904,0.6786803734916662,0.22951035613098303,0.0885369331875947,0.3009268523706017,0.3786715214722174,0.24744847690691074
10,11,10,4.0,0.35,20,0.3228525639997426,1.6688711836517518,0.6786803734916662,0.22951035613098303,0.10661099035074173,0.29598928295375426,0.37390600705762345,0.24515549310822382
10,11,10,4.0,0.38,14,0.32080333011520645,1.6582783999485757,0.6786803734916662,0.22951035613098303,0.11657625151419837,0.25954366698691,0.3795128231576901,0.24772640107541855
10,11,10,4.0,0.38,20,0.3225533028730263,1.6673242599892084,0.6786803734916662,0.22951035613098303,0.13465030867734562,0.2554093473312602,0.3747262437857082,0.24555125714065906
10,11,10,4.0,0.4,14,0.3156284180187352,1.6315285375075308,0.6786803734916662,0.22951035613098303,0.0630806171794458,0.27260425042588765,0.3944249012972678,0.254791430172149
10,11,10,4.0,0.4,20,0.31741102630043727,1.6407430952493547,0.6786803734916662,0.22951035613098303,0.08115467434259305,0.2680470257086103,0.3892573376556745,0.25248741814996434
10,11,10,4.0,0.42,14,0.31897917207463333,1.6488490655470636,0.6786803734916662,0.22951035613098303,0.1128904177143395,0.2604032617907579,0.38050399847094063,0.24026281698808005
10,11,10,4.0,0.42,20,0.31908784159118775,1.649410793855714,0.6786803734916662,0.22951035613098303,0.11377536737169991,0.26019635851021494,0.3802655503951391,0.24027791407386268
10,11,10,4.3,0.35,14,0.3142727478636882,1.1979871185485669,0.6819329170166661,0.12913272146771781,0.09917942019064174,0.3281812086476259,0.39584420336822057,0.2626056200994722
10,11,10,4.3,0.35,20,0.31604046309367195,1.204725533155554,0.6819329170166661,0.12913272146771781,0.11884081634908128,0.3223855477825608,0.39059117878279914,0.26006916447601935
10,11,10,4.3,0.38,14,0.3142558668840896,1.1979227693606558,0.6819329170166661,0.12913272146771781,0.1331767767941081,0.28194464972671596,0.39582368710415317,0.2624653276885045
10,11,10,4.3,0.38,20,0.3160472541683441,1.2047514202871417,0.6819329170166661,0.12913272146771781,0.15283817295254765,0.2771361470390996,0.3905712034114657,0.26005948380534494
10,11,10,4.3,0.4,14,0.3089565810187629,1.1777222389382043,0.6819329170166661,0.12913272146771781,0.07498293299310443,0.29720762963379355,0.4122321949779655,0.2702668166554303
10,11,10,4.3,0.4,20,0.31078235693777434,1.1846819770866757,0.6819329170166661,0.12913272146771781,0.09464432915154397,0.2918693505307808,0.40653834352040574,0.26771260509518124
10,11,10,4.3,0.42,14,0.31238819408970264,1.1908033230690236,0.6819329170166661,0.12913272146771781,0.12916723771502614,0.28294580177351514,0.3969122137206895,0.25472441086049247
10,11,10,4.3,0.42,20,0.31249946579876187,1.191227483531609,0.6819329170166661,0.12913272146771781,0.13012990733793295,0.28270478228847407,0.3966503183045633,0.2547332119931236
10,11,10,4.5,0.35,14,0.32056551596413874,1.2269585999691766,0.6890426499499998,0.1719541376139937,0.10680165075906256,0.31646304645579604,0.38520070412086804,0.2558729970842064
10,11,10,4.5,0.35,20,0.32229393071472257,1.2335740755488382,0.6890426499499998,0.1719541376139937,0.12565587755657526,0.31113744546463495,0.38028659308269663,0.25348031638476143
10,11,10,4.5,0.38,14,0.32033884690501635,1.22609102832598,0.6890426499499998,0.1719541376139937,0.1371188085652142,0.27330453915673525,0.38578552347291306,0.25603027861223326
10,11,10,4.5,0.38,20,0.3220917192741608,1.232800114989596,0.6890426499499998,0.1719541376139937,0.1559730353627269,0.2688468696364128,0.3808565751715731,0.2537586867928565
10,11,10,4.5,0.4,14,0.31515523008495583,1.2062508305517765,0.6890426499499998,0.1719541376139937,0.08131402642250807,0.28740932268267727,0.40115163798030395,0.26339736568259076
10,11,10,4.5,0.4,20,0.3169408590524114,1.2130852924912785,0.6890426499499998,0.1719541376139937,0.10016825322002099,0.282483821026255,0.3958249335909061,0.2609901087973914
10,11,10,4.5,0.42,14,0.318511642784731,1.2190974382558177,0.6890426499499998,0.1719541376139937,0.13327387514638112,0.274231797588407,0.38680638429150416,0.2485177869964057
10,11,10,4.5,0.42,20,0.3186204944409141,1.2195140659622419,0.6890426499499998,0.1719541376139937,0.1341970238004795,0.2740085941153396,0.38656078832825935,0.2485291903362561
10,11,10,5.0,0.35,14,0.31611068926520836,1.2138862586264039,0.7067897699000001,0.17704390131226,0.07485287458402023,0.32438766940921515,0.37478046159781253,0.25406460127595976
10,11,10,5.0,0.35,20,0.3178668153467141,1.2206299006200056,0.7067897699000001,0.17704390131226,0.09342739805654854,0.3188508076379579,0.369951178234718,0.25164632066265336
10,11,10,5.0,0.38,14,0.31507472289728633,1.2099080782575502,0.7067897699000001,0.17704390131226,0.12130161345190649,0.27622488842465187,0.37102505927239715,0.23919038970415962
10,11,10,5.0,0.38,20,0.3192209109207904,1.2258297184877875,0.7067897699000001,0.17704390131226,0.139876136924435,0.2717237452674808,0.3662914613002317,0.24980268714702603
10,11,10,5.0,0.4,14,0.30979119030932467,1.1896189585810226,0.7067897699000001,0.17704390131226,0.06632469782862738,0.29046632202822154,0.38578104232086563,0.2461396128633273
10,11,10,5.0,0.4,20,0.31401626971153496,1.2058435469993078,0.7067897699000001,0.17704390131226,0.0848992213011559,0.2854932577927971,0.3806660340320511,0.25698968368935393
10,11,10,5.0,0.42,14,0.31321256077779136,1.2027572507627764,0.7067897699000001,0.17704390131226,0.11751371979785108,0.2771611726808716,0.3720054381841025,0.23157419796546774
10,11,10,5.0,0.42,20,0.31571357624292995,1.21236131797354,0.7067897699000001,0.17704390131226,0.11842317349904685,0.27693579711615257,0.37176958193478815,0.24448022700325756
10,11,15,4.0,0.35,14,0.31808340755436193,1.425364352050954,0.6530310429083332,0.2524786751836421,0.10170468616518447,0.29322476402076547,0.35573194406490005,0.24048875389591395
10,11,15,4.0,0.35,20,0.31833749865616445,1.4265029603218704,0.6530310429083332,0.2524786751836421,0.10432299661869648,0.29252634653725473,0.35508033055204935,0.24015982551487536
10,11,15,4.0,0.38,14,0.3150203048859421,1.4116382750329584,0.6530310429083332,0.2524786751836421,0.10165335010120558,0.25909716560887786,0.36366811926261255,0.24434234423475076
10,11,15,4.0,0.38,20,0.3153008314608723,1.4128953433685334,0.6530310429083332,0.2524786751836421,0.1042716605547176,0.25848282690815605,0.36298713501773916,0.24413056394810084
10,11,15,4.0,0.4,14,0.31014656155033515,1.3897985315988943,0.6530310429083332,0.2524786751836421,0.05243571487470389,0.27121396248770324,0.37696172171984776,0.2509090653744981
10,11,15,4.0,0.4,20,0.3104320499648785,1.3910778344463528,0.6530310429083332,0.2524786751836421,0.055054025328215905,0.2705408951981878,0.376230091927799,0.25068222644819893
10,11,15,4.0,0.42,14,0.31356358196198153,1.4051105503000232,0.6530310429083332,0.2524786751836421,0.10208859624423483,0.2589948407664058,0.36355474109455277,0.2361855659609291
10,11,15,4.0,0.42,20,0.31215132058325157,1.3987820623084704,0.6530310429083332,0.2524786751836421,0.08757195119365813,0.26245184070945293,0.3673747540863528,0.23815159631231952
10,11,15,4.3,0.35,14,0.32204488618907345,1.5267319640935313,0.6580839178916662,0.21656521287228547,0.12562571165815783,0.3036980085558234,0.36532610329590387,0.24899426385405943
10,11,15,4.3,0.35,20,0.32376421551392665,1.5348828621503805,0.6580839178916662,0.21656521287228547,0.14412352232530634,0.2987655802957889,0.3607846285040228,0.2466931997976236
10,11,15,4.3,0.38,14,0.3195461354779503,1.5148860297391091,0.6580839178916662,0.21656521287228547,0.13110560838027885,0.2680392540256231,0.3720181391097195,0.2522316701524363
10,11,15,4.3,0.38,20,0.3213039698912523,1.5232194705154243,0.6580839178916662,0.21656521287228547,0.1496034190474278,0.263726341163518,0.36730983131313133,0.2499947315705151
10,11,15,4.3,0.4,14,0.31434762132189875,1.4902412113668746,0.6580839178916662,0.21656521287228547,0.07635574748789598,0.281673326130363,0.38668904222698774,0.2594925114756752
10,11,15,4.3,0.4,20,0.3161384201073909,1.4987309277521415,0.6580839178916662,0.21656521287228547,0.09485355815504493,0.2769143884460159,0.3816045962189283,0.25712186254909564
10,11,15,4.3,0.42,14,0.3177137184637422,1.5061990120371795,0.6580839178916662,0.21656521287228547,0.1273333587317944,0.26893615907500057,0.37299315850834747,0.244708759978713
10,11,15,4.3,0.42,20,0.31782288182951435,1.5067165274736287,0.6580839178916662,0.21656521287228547,0.12823905638805688,0.26872026967853,0.37275859544536627,0.24472193367783412
10,11,15,4.5,0.35,14,0.31737388660106913,1.3756023022939046,0.6587230770416661,0.1660157029677629,0.10465547459854596,0.30889428068507363,0.38458741950139363,0.2787522924819794
10,11,15,4.5,0.35,20,0.3191221007750047,1.383179634721356,0.6587230770416661,0.1660157029677629,0.12395703727951779,0.3035640388816947,0.3795282673273015,0.27606197183010095
10,11,15,4.5,0.38,14,0.31420195801247,1.3618541256057781,0.6587230770416661,0.1660157029677629,0.14037209304233023,0.2638119967757999,0.3839468256877885,0.25968929365102467
10,11,15,4.5,0.38,20,0.31934014443930003,1.3841247073289908,0.6587230770416661,0.1660157029677629,0.15967365572330205,0.25942112028513375,0.3789044026964441,0.27572889385163535
10,11,15,4.5,0.4,14,0.3089016330255987,1.3388807822947364,0.6587230770416661,0.1660157029677629,0.08324328516315949,0.277725090063754,0.3996901242043953,0.267392653895802
10,11,15,4.5,0.4,20,0.3141377505493659,1.361575829445321,0.6587230770416661,0.1660157029677629,0.10254484784413154,0.2728631307117819,0.3942286468371632,0.2838268891037523
10,11,15,4.5,0.42,14,0.3123339217311687,1.3537574449467402,0.6587230770416661,0.1660157029677629,0.13643593463155113,0.26472573575424074,0.3849916445965422,0.2519580933220864
10,11,15,4.5,0.42,20,0.31583431860412614,1.3689293106882818,0.6587230770416661,0.1660157029677629,0.13738098593502257,0.2645057748047168,0.3847402705678198,0.2705895208288396
10,11,15,5.0,0.35,14,0.32205475923288795,1.2416700632331257,0.7018384435666665,0.14497737050128756,0.09760956171731561,0.32340730749637925,0.3985837701273771,0.2760689834966257
10,11,15,5.0,0.35,20,0.323774028117336,1.2482986400302898,0.7018384435666665,0.14497737050128756,0.11676646646029254,0.31783282226972,0.39340263896505445,0.2734630381309706
10,11,15,5.0,0.38,14,0.3189359029672023,1.2296454297023152,0.7018384435666665,0.14497737050128756,0.13305849756660582,0.2778512921414902,0.39792782174352603,0.2574310535395157
10,11,15,5.0,0.38,20,0.32398847672379927,1.2491254386013828,0.7018384435666665,0.14497737050128756,0.15221540230958253,0.2732316952105709,0.39276361922650804,0.27314032877105743
10,11,15,5.0,0.4,14,0.31372588510101296,1.2095584009350147,0.7018384435666665,0.14497737050128756,0.07635784857200378,0.29248801227068544,0.4140408779741658,0.2648935308525635
10,11,15,5.0,0.4,20,0.31887277725920615,1.2294020508992012,0.7018384435666665,0.14497737050128756,0.0955147533149805,0.28737337098212445,0.40845292251442555,0.28098139529620214
10,11,15,5.0,0.42,14,0.31709946072676876,1.2225650954193052,0.7018384435666665,0.14497737050128756,0.1291518391796711,0.2788126066813963,0.3989976707035823,0.24986688887378472
10,11,15,5.0,0.42,20,0.32054086132178194,1.2358332865325143,0.7018384435666665,0.14497737050128756,0.13008980767979028,0.278581193708086,0.398740281046035,0.26808636196319013
10,11,20,4.0,0.35,14,0.3037902146493583,1.2820336090475115,0.5963161218833333,0.2596797603266714,0.11174670940500864,0.2910526985172217,0.3775336843980295,0.1799528597792377
10,11,20,4.0,0.35,20,0.30405773061116403,1.2831625606642958,0.5963161218833333,0.2596797603266714,0.11444334930225808,0.29034513240039295,0.37682239683340857,0.1797036655951021
10,11,20,4.0,0.38,14,0.3005640319686673,1.2684187049916098,0.5963161218833333,0.2596797603266714,0.11169383757000229,0.2562316423257538,0.3862026301487509,0.18284030952337837
10,11,20,4.0,0.38,20,0.3008595897372417,1.2696659966239778,0.5963161218833333,0.2596797603266714,0.11439047746725195,0.2556116043017358,0.38545833451778533,0.18271244134211995
10,11,20,4.0,0.4,14,0.2954260101183901,1.2467355948108592,0.5963161218833333,0.2596797603266714,0.06100380628588642,0.26847324776441783,0.400748494464068,0.18781813141426484
10,11,20,4.0,0.4,20,0.29572714401582356,1.248006418421089,0.5963161218833333,0.2596797603266714,0.06370044618313586,0.26779262788326275,0.3999471351450783,0.18767958795363038
10,11,20,4.0,0.42,14,0.3006090433490587,1.2686086587809968,0.5963161218833333,0.2596797603266714,0.11214210454798534,0.25612836399153793,0.38607870550784185,0.18279746589962698
10,11,20,4.0,0.42,20,0.2991288551379079,1.2623620749777575,0.5963161218833333,0.2596797603266714,0.0971911791658997,0.2596185087639231,0.39025530259676655,0.1843680733910833
10,11,20,4.3,0.35,14,0.3204796939907921,1.433046065985837,0.6493540525749997,0.27048643631293556,0.11298896768821609,0.2924514050219338,0.3458752401546581,0.23526611461034252
10,11,20,4.3,0.35,20,0.3222086375871809,1.440777151185848,0.6493540525749997,0.27048643631293556,0.1307879630642268,0.2878277308482502,0.34165370676396645,0.2331010980848256
10,11,20,4.3,0.38,14,0.3179668415257466,1.421809680633011,0.6493540525749997,0.27048643631293556,0.11826184339081336,0.25784886762264536,0.3520923120916002,0.23830487783435728
10,11,20,4.3,0.38,20,0.3197346123304572,1.4297143842531033,0.6493540525749997,0.27048643631293556,0.13606083876682384,0.2538090744655226,0.3477186110247552,0.2362073777393794
10,11,20,4.3,0.4,14,0.31314490851240073,1.4002480894782807,0.6493540525749997,0.27048643631293556,0.06964005501580739,0.26956970120165535,0.3646207814897442,0.24459416346757168
10,11,20,4.3,0.4,20,0.31494343988008366,1.4082903409823158,0.6493540525749997,0.27048643631293556,0.08743905039181787,0.26515743564665994,0.3599323569977868,0.24238165545960433
10,11,20,4.3,0.42,14,0.3165254904415733,1.4153645842989564,0.6493540525749997,0.27048643631293556,0.11869182028344594,0.25774976163754815,0.351985358496941,0.2302923594736166
10,11,20,4.3,0.42,20,0.3166351199959254,1.4158548000740145,0.6493540525749997,0.27048643631293556,0.11956330224884981,0.25754912602507063,0.35176878294655256,0.2303120876373086
10,11,20,4.5,0.35,14,0.3267030061977927,1.5667707404490425,0.657716218858333,0.2636249433403366,0.123398256951877,0.29281722328925075,0.3427034624704748,0.2602006317089274
10,11,20,4.5,0.35,20,0.328394102466393,1.5748807366923017,0.657716218858333,0.2636249433403366,0.14120375769180638,0.28822852022896917,0.3385585355503131,0.25782254928311166
10,11,20,4.5,0.38,14,0.32095778939940645,1.5392183843137022,0.657716218858333,0.2636249433403366,0.12867305984051014,0.25851801348593706,0.34880602655439374,0.2456963546517137
10,11,20,4.5,0.38,20,0.3259743202241452,1.5632761785967548,0.657716218858333,0.2636249433403366,0.1464785605804393,0.2545030734437277,0.3445130914078838,0.2612344331135885
10,11,20,4.5,0.4,14,0.3158580234473658,1.5147614190418304,0.657716218858333,0.2636249433403366,0.07670184022405202,0.2709963951063237,0.361971349341079,0.25258746252070097
10,11,20,4.5,0.4,20,0.32096606354167867,1.5392580646465075,0.657716218858333,0.2636249433403366,0.09450734096398117,0.2665878120543965,0.35735038025243426,0.2684916066727552
10,11,20,4.5,0.42,14,0.31920603589465,1.530817493952535,0.657716218858333,0.2636249433403366,0.1257715334464531,0.25918430928147207,0.3495157475933539,0.23815467616092634
10,11,20,4.5,0.42,20,0.32262173956921214,1.5471981959167778,0.657716218858333,0.2636249433403366,0.12664333393024596,0.25898375157219733,0.34930219954816355,0.25604456267474407
10,11,20,5.0,0.35,14,0.3224292126649835,1.4895350514209755,0.6890426499499998,0.1720309100102455,0.1022231910925302,0.305224136893711,0.4027155430842342,0.26609096348896366
10,11,20,5.0,0.35,20,0.32414619112874066,1.4974670237852743,0.6890426499499998,0.1720309100102455,0.12107616880716998,0.3000669309801851,0.3975137191403504,0.26360266132163845
10,11,20,5.0,0.38,14,0.3193145550843026,1.475146182617023,0.6890426499499998,0.1720309100102455,0.13710972451434378,0.26119291507358144,0.4020570226986664,0.247640293830234
10,11,20,5.0,0.38,20,0.32436035523684814,1.4984564035723777,0.6890426499499998,0.1720309100102455,0.15596270222898378,0.2569330335068072,0.3968720873744911,0.26329448958507506
10,11,20,5.0,0.4,14,0.3141116789849594,1.4511103136145929,0.6890426499499998,0.1720309100102455,0.08130863940988586,0.27467181235739146,0.41822925172656644,0.254749423132985
10,11,20,5.0,0.4,20,0.3192515149446693,1.474854954359961,0.6890426499499998,0.1720309100102455,0.10016161712452565,0.26996488432371946,0.4126217214482566,0.2707804046305553
10,11,20,5.0,0.42,14,0.31748061177951015,1.466673864577883,0.6890426499499998,0.1720309100102455,0.13326504582038146,0.262079029790788,0.4031310594561548,0.2401286253305699
10,11,20,5.0,0.42,20,0.32091734572306474,1.4825506383634264,0.6890426499499998,0.1720309100102455,0.13418813331635415,0.261865730190616,0.4028726656425303,0.2581808042910767
