roc,reb,atr_p,atr_m,mkt_t,mkt_s,Full_CAGR,Full_Calmar,Full_MaxDD,Ret_2020,Ret_2021,Ret_2022,Ret_2023,Ret_2024,Ret_2025
8,3,10,2.0,0.35,10,0.19965793178400593,0.6703069626834133,-0.2978604473758161,0.4124583044333323,0.24091877725964017,-0.18254880613489777,0.23960220684430245,0.278409587378295,0.19844737287572745
8,3,10,2.0,0.35,14,0.20146921113251137,0.7366604364266639,-0.2734899299191128,0.41161803913333217,0.24105654637255736,-0.15527871128602966,0.23198695956721815,0.2712698253648478,0.18461681053974477
8,3,10,2.0,0.35,20,0.20268780133787767,0.7778444057414229,-0.26057627957699386,0.41161803913333217,0.24105654637255736,-0.1040099965783996,0.21873156300072516,0.25862374276010147,0.14765669456570651
8,3,10,2.0,0.4,10,0.2061691746808818,0.8141553404379658,-0.25323075884999463,0.4124583044333323,0.24091877725964017,-0.09492339222182833,0.20303235170754785,0.25961206423899696,0.17032318983257544
8,3,10,2.0,0.4,14,0.20793490917307467,0.9086412953894454,-0.22884157943091654,0.41161803913333217,0.24105654637255736,-0.0676123781837592,0.19717726807174873,0.25339310479436605,0.15774949122419768
8,3,10,2.0,0.4,20,0.210832166742573,0.9454560217141998,-0.22299521278664514,0.41161803913333217,0.24105654637255736,-0.016435509969242368,0.17583112363234887,0.24461657788334046,0.14126993669938614
8,3,10,2.0,0.42,10,0.21689376638572067,0.9431714781485991,-0.22996217698553909,0.4124583044333323,0.24091877725964017,-0.060370501628046025,0.19556626571545754,0.25167099673993,0.2012584773079631
8,3,10,2.0,0.42,14,0.2178093077881711,0.9905629140139682,-0.21988437554719487,0.41161803913333217,0.24105654637255736,-0.03797113894410964,0.19110200483159945,0.24687382091762422,0.18811017196460433
8,3,10,2.0,0.42,20,0.22042096039012393,1.0024403045536716,-0.21988437554719487,0.41161803913333217,0.24105654637255736,0.011762005679861076,0.17093076086680825,0.23882482654501835,0.1713028530033498
8,3,10,2.5,0.35,10,0.19054191740721316,0.5454968502533973,-0.3492997573106087,0.385298759133333,0.17582978736591093,-0.2042692819097166,0.24549592382176355,0.33636895736565764,0.20637590709070341
8,3,10,2.5,0.35,14,0.19241936886269806,0.5936883442123884,-0.32410838234995093,0.38445849383333286,0.17593222890991278,-0.17492814056075978,0.23689898082512206,0.32690783605949547,0.191680518325257
8,3,10,2.5,0.35,20,0.19368214503895387,0.6232772508039399,-0.3107479773874807,0.38445849383333286,0.17593222890991278,-0.11974526227993598,0.22207107467960596,0.31026790117976044,0.15265470990134244
8,3,10,2.5,0.4,10,0.19715345293591224,0.6503993918767067,-0.30312674857679717,0.385298759133333,0.17582978736591093,-0.10995737508440273,0.2048552609745562,0.311562964358693,0.17568182347531613
8,3,10,2.5,0.4,14,0.1989826275247153,0.7159827368136987,-0.2779153983659403,0.38445849383333286,0.17593222890991278,-0.08056882969259072,0.19840697670095864,0.3034289631740399,0.16240173485378184
8,3,10,2.5,0.4,20,0.20211509322744226,0.7434343321488426,-0.2718667735497813,0.38445849383333286,0.17593222890991278,-0.02548481002132863,0.17514827735706895,0.2920106729498291,0.14574592842339973
8,3,10,2.5,0.42,10,0.2087162588090603,0.7479434570809937,-0.27905352581546644,0.385298759133333,0.17582978736591093,-0.07663725501458263,0.19746293122151415,0.3022305486945682,0.2138030987295947
8,3,10,2.5,0.42,14,0.2087406536111993,0.7770033972742986,-0.26864831523704324,0.38445849383333286,0.17593222890991278,-0.052535965757717684,0.19253665806027698,0.2959451855212758,0.19458649656824267
8,3,10,2.5,0.42,20,0.21202919088147665,0.7892444465709438,-0.26864831523704324,0.38445849383333286,0.17593222890991278,0.004865474411577253,0.1698582159796158,0.2845143084141992,0.1770533939580361
8,3,10,3.0,0.35,10,0.1998890047095001,0.5893890859630904,-0.33914609121557077,0.4294936608166655,0.17625085766455673,-0.18221775848350963,0.22135403659432318,0.3469193845448655,0.20499452938691176
8,3,10,3.0,0.35,14,0.2016986436474053,0.6414711270469214,-0.3144313674349551,0.42865339551666537,0.17635049139794057,-0.15376077513036268,0.21402624162041795,0.33751886577227497,0.19097317538673142
8,3,10,3.0,0.35,20,0.2029161381525555,0.6796410346116593,-0.2985636943897891,0.42865339551666537,0.17635049139794057,-0.10026097256612188,0.20131879598251712,0.320937082782244,0.15362625057025459
8,3,10,3.0,0.4,10,0.20411575654730751,0.7012044311223982,-0.29109307854855565,0.4294936608166655,0.17625085766455673,-0.10800186767313558,0.1887507391429062,0.32743117335465266,0.177800733545332
8,3,10,3.0,0.4,14,0.20589570344555042,0.7730037467343017,-0.2663579630957743,0.42865339551666537,0.17635049139794057,-0.07950871889347289,0.18299722627931825,0.319044372817159,0.1648823134370394
8,3,10,3.0,0.4,20,0.20894482935059222,0.8023230245588198,-0.2604248201221528,0.42865339551666537,0.17635049139794057,-0.02610475975491222,0.16127856245153893,0.3072568691944104,0.14864752923116953
8,3,10,3.0,0.42,10,0.2153742692613423,0.8051998461027218,-0.2674792727591584,0.4294936608166655,0.17625085766455673,-0.07569751503117872,0.18215390473224402,0.31780799446715124,0.21472286415922093
8,3,10,3.0,0.42,14,0.21539803908721789,0.8372521987077142,-0.25726780941236277,0.42865339551666537,0.17635049139794057,-0.052330856256555536,0.1777491146239043,0.31132049847491094,0.19606385283573613
8,3,10,3.0,0.42,20,0.21860296509687993,0.849709746416394,-0.25726780941236277,0.42865339551666537,0.17635049139794057,0.0033198421418190183,0.15654870732928483,0.29950898455745745,0.17899446043327005
8,3,20,2.0,0.35,10,0.1826110925571367,0.58832579312035,-0.3103911042019895,0.4708835287916662,0.15860363677828127,-0.18865305127231846,0.24163233939432427,0.2442979386600066,0.1709957780137361
8,3,20,2.0,0.35,14,0.18454849949772179,0.6460725059490434,-0.28564673128541607,0.47004326349166603,0.1586905600656412,-0.16065278315613019,0.23369602266557732,0.2378338760366674,0.15692869881732396
8,3,20,2.0,0.35,20,0.1865190440939377,0.6981455251941616,-0.2671635602649817,0.47004326349166603,0.1586905600656412,-0.10311769080202093,0.21872634189195006,0.2254059504038226,0.11851344738090153
8,3,20,2.0,0.4,10,0.1898775983622778,0.7179929255490045,-0.2644560852979021,0.4708835287916662,0.15860363677828127,-0.09639309798820306,0.20320986359412418,0.22682871013079464,0.1425699593374874
8,3,20,2.0,0.4,14,0.19175998517714232,0.8000259523791227,-0.23969220574268268,0.47004326349166603,0.1586905600656412,-0.06834858824312673,0.1971873659888257,0.22124549329201026,0.12987023085550775
8,3,20,2.0,0.4,20,0.19549076541601473,0.8520859035674623,-0.22942612311451896,0.47004326349166603,0.1586905600656412,-0.010907811486320584,0.17441483520374468,0.21248598518430084,0.1129462182421499
8,3,20,2.0,0.42,10,0.2012948734949067,0.8358532165927564,-0.2408256252401089,0.4708835287916662,0.15860363677828127,-0.06091176916561125,0.19553203764184834,0.21970076388799353,0.1758834303951866
8,3,20,2.0,0.42,14,0.20226782778878327,0.8939347350121676,-0.22626688489292246,0.47004326349166603,0.1586905600656412,-0.0379105052099733,0.19094885548480378,0.215400746838609,0.16244363525063465
8,3,20,2.0,0.42,20,0.20566086360178537,0.9089304592632342,-0.22626688489292246,0.47004326349166603,0.1586905600656412,0.018047736414928517,0.16945408834012898,0.20734573883319762,0.1449863633853925
8,3,20,2.5,0.35,10,0.19027309367808565,0.6045995342944727,-0.314709295798783,0.4110847427916662,0.20727106489362646,-0.18964150640187805,0.2385591172843997,0.2673510988380514,0.20022090208815735
8,3,20,2.5,0.35,14,0.19215254039517604,0.6626388957368706,-0.2899807747951435,0.4102444774916658,0.20738970350461083,-0.16157729549177702,0.23069709517583625,0.26023595860237525,0.18570949354923938
8,3,20,2.5,0.35,20,0.193416648492581,0.6985737360485637,-0.2768736333928463,0.4102444774916658,0.20738970350461083,-0.10880920627676349,0.21705751092489778,0.24766814544361182,0.14705344658185826
8,3,20,2.5,0.4,10,0.19664348910709162,0.7253897022428442,-0.27108668416312837,0.4110847427916662,0.20727106489362646,-0.10135201524379134,0.20125784847118844,0.24908320220133717,0.17021615651654098
8,3,20,2.5,0.4,14,0.19847633365146855,0.8057019422566796,-0.24633964899669833,0.4102444774916658,0.20738970350461083,-0.07324536926696257,0.19524789158625921,0.24289593499617235,0.15707346894361773
8,3,20,2.5,0.4,20,0.2016150100578975,0.8386449398372602,-0.24040568359837844,0.4102444774916658,0.20738970350461083,-0.02057181263327701,0.17328844705076674,0.23418320752032162,0.14060671584373674
8,3,20,2.5,0.42,10,0.20776683815632668,0.8395650725463442,-0.24746960652636954,0.4110847427916662,0.20727106489362646,-0.06578909670338262,0.19359649872078122,0.241184586897925,0.20255135835255378
8,3,20,2.5,0.42,14,0.20871545808845116,0.8797345018962875,-0.23724823527843944,0.4102444774916658,0.20738970350461083,-0.04273725987586474,0.18902531153041902,0.23642191318177397,0.1887981138868966
8,3,20,2.5,0.42,20,0.21154816443866498,0.891674343500965,-0.23724823527843944,0.4102444774916658,0.20738970350461083,0.008450350881038293,0.16830138383931992,0.22844574969226072,0.1719512573205062
8,3,20,3.0,0.35,10,0.1953404484503547,0.5669768078404299,-0.3445298745012007,0.4162268204999986,0.15620122074417497,-0.17782633471411002,0.23656377855157995,0.32095350921899146,0.21252929038148238
8,3,20,3.0,0.35,14,0.19718271078087168,0.6172520382026607,-0.31945250655637564,0.41538655519999845,0.1562903157231792,-0.14860185604329568,0.2285708547995109,0.3121826631806963,0.1979624957220838
8,3,20,3.0,0.35,20,0.19842199287137485,0.6481124410409572,-0.3061536553019751,0.41538655519999845,0.1562903157231792,-0.09366327544445796,0.21473672579438552,0.296721693425432,0.15935206156020043
8,3,20,3.0,0.4,10,0.1992383436920666,0.6673097648579183,-0.29856950127874704,0.4162268204999986,0.15620122074417497,-0.10487129207296131,0.20278998049026353,0.3036852321440544,0.18469386088559814
8,3,20,3.0,0.4,14,0.201052606332067,0.7351844252239473,-0.2734723416791965,0.41538655519999845,0.1562903157231792,-0.07561030630867938,0.19646905369328782,0.2958212305940151,0.17126507396908375
8,3,20,3.0,0.4,20,0.20415983305908614,0.763352491916057,-0.26745158392898366,0.41538655519999845,0.1562903157231792,-0.02077014666682142,0.17353333918783775,0.28477618450441433,0.15439012740097136
8,3,20,3.0,0.42,10,0.20979206566772146,0.7639716339455715,-0.27460714029948907,0.4162268204999986,0.15620122074417497,-0.07169860825644514,0.19554331689178928,0.2946623070495036,0.21723197823996232
8,3,20,3.0,0.42,14,0.210733222459202,0.7974828927822417,-0.2642479536131494,0.41538655519999845,0.1562903157231792,-0.04770154542700111,0.19071118669912712,0.2885828465300915,0.20321071420010695
8,3,20,3.0,0.42,20,0.21399646219711022,0.8098320508108616,-0.2642479536131494,0.41538655519999845,0.1562903157231792,0.009445775363005948,0.1683389345209898,0.27752119333480096,0.18545843315323207
8,5,10,2.0,0.35,10,0.20861919758989278,1.0202634935864787,-0.20447580345793287,0.4394503242833332,0.31518171149361884,-0.035385955099877076,0.17450277121586155,0.24061535408668533,0.07868960912524625
8,5,10,2.0,0.35,14,0.21490598223110347,1.1110549277138002,-0.1934251645625766,0.5003622576499993,0.3029082553212674,-0.028948335284263882,0.16811634070183468,0.23302684275858265,0.08289272091729138
8,5,10,2.0,0.35,20,0.2164725183760201,1.1206565940535833,-0.19316579184441013,0.5003622576499993,0.3029082553212674,-0.01552335511977987,0.1658286314282451,0.23028910344864828,0.0805317275598747
8,5,10,2.0,0.4,10,0.20593309429651807,1.0364328874578668,-0.1986940947055674,0.4394503242833332,0.31518171149361884,0.0071301664730005765,0.16939101130203094,0.23192337795941587,0.03392297685629608
8,5,10,2.0,0.4,14,0.21228532804294575,1.1286545319476633,-0.18808707362084964,0.5003622576499993,0.3029082553212674,0.012281787508255704,0.1634314109487578,0.2248651768047074,0.039114585583499784
8,5,10,2.0,0.4,20,0.22096975004971253,1.1694854538193975,-0.18894612953761175,0.5003622576499993,0.3029082553212674,0.025706767672739828,0.15306860774327724,0.2239104418712059,0.07871579371571968
8,5,10,2.0,0.42,10,0.20394343662974856,1.0189987874066584,-0.2001410003134376,0.4394503242833332,0.31518171149361884,-0.003676218107972251,0.17122826987796613,0.23408539620475954,0.03190281107186088
8,5,10,2.0,0.42,14,0.21135128812032256,1.1187087479126558,-0.18892431878688054,0.5003622576499993,0.3029082553212674,0.005700007663605788,0.16450098394107004,0.22613702809685243,0.0392943598780342
8,5,10,2.0,0.42,20,0.22134356164577063,1.1736110751395417,-0.18860043700546453,0.5003622576499993,0.3029082553212674,0.028438150353681024,0.15266207970457857,0.22339125683248895,0.07856714068070425
8,5,10,2.5,0.35,10,0.22995551295263872,1.291158005308949,-0.17810021082401517,0.568558757991666,0.27735929711303875,-0.04318750744516997,0.18264952195698636,0.27763201956945105,0.09042692398087593
8,5,10,2.5,0.35,14,0.23653461522575925,1.3652758255931503,-0.17325042368123358,0.6294706913583328,0.26745188396326913,-0.031176886969641937,0.17525872807072296,0.26801376050199854,0.09363217081495123
8,5,10,2.5,0.35,20,0.23908561649517646,1.3800001836363422,-0.17325042368123358,0.6294706913583328,0.26745188396326913,-0.010360750461358537,0.1715796169118753,0.26318219263911513,0.0908718737435017
8,5,10,2.5,0.4,10,0.226739762674383,1.2731021576298396,-0.17810021082401517,0.568558757991666,0.27735929711303875,-0.007728694989142637,0.1782918857999194,0.2692157723445814,0.04863724482414522
8,5,10,2.5,0.4,14,0.23339949433896767,1.3471799339919848,-0.17325042368123358,0.6294706913583328,0.26745188396326913,0.0032712606582170345,0.17131102996508862,0.2601623098710626,0.052879722945375685
8,5,10,2.5,0.4,20,0.24262324949663938,1.4004193718050932,-0.17325042368123358,0.6294706913583328,0.26745188396326913,0.024087397166500102,0.1600672767129241,0.2573276418435919,0.08926943466504622
8,5,10,2.5,0.42,10,0.22408210867489098,1.2581799181378372,-0.17810021082401517,0.568558757991666,0.27735929711303875,-0.021308293292769065,0.18076573141786634,0.2723993061861434,0.04529004154170102
8,5,10,2.5,0.42,14,0.23207720943736998,1.3395477165722423,-0.17325042368123358,0.6294706913583328,0.26745188396326913,-0.006248386213812851,0.17295210454341103,0.2622999658608658,0.05322277617581661
8,5,10,2.5,0.42,20,0.24296729085485524,1.4024051756542595,-0.17325042368123358,0.6294706913583328,0.26745188396326913,0.026661219709897654,0.15966599072164023,0.25676803841416573,0.08911547480906568
8,5,10,3.0,0.35,10,0.25601490513341996,1.6378422276827416,-0.15631231189809777,0.6403828570749999,0.30159753509600407,-0.009883685572840806,0.2059373262844446,0.2571582828278549,0.11599712865442857
8,5,10,3.0,0.35,14,0.26198194949817144,1.7502388080060973,-0.14968354506813036,0.7012947904416666,0.2912597446454632,0.0005280572048820265,0.19834080524221043,0.24919848345993145,0.11828028568714632
8,5,10,3.0,0.35,20,0.26430010539498583,1.7657258536647185,-0.14968354506813036,0.7012947904416666,0.2912597446454632,0.02012166061468701,0.19453813137665943,0.2451770026537734,0.11544581726031211
8,5,10,3.0,0.4,10,0.24898249412040907,1.5928527388343172,-0.15631231189809777,0.6403828570749999,0.30159753509600407,-0.007338273972482212,0.20749138976268666,0.2566567728667388,0.0790185200828113
8,5,10,3.0,0.4,14,0.25510773320676305,1.704313811452338,-0.14968354506813036,0.7012947904416666,0.2912597446454632,0.0030051791106133763,0.1998423564453049,0.24872751097450774,0.08221306067785128
8,5,10,3.0,0.4,20,0.26361568285475867,1.761153390205788,-0.14968354506813036,0.7012947904416666,0.2912597446454632,0.02259878252041836,0.18869686587565537,0.24623560050175142,0.11584577233505255
8,5,10,3.0,0.42,10,0.24672118604902527,1.5783861364027827,-0.15631231189809777,0.6403828570749999,0.30159753509600407,-0.01878564276157979,0.20991209472042982,0.25914585132094015,0.07610686783185394
8,5,10,3.0,0.42,14,0.254064272233927,1.6973426980119053,-0.14968354506813036,0.7012947904416666,0.2912597446454632,-0.004677884087421202,0.20138497408603273,0.2503345468701763,0.08263787386060373
8,5,10,3.0,0.42,20,0.2641010295844195,1.7643958757404534,-0.14968354506813036,0.7012947904416666,0.2912597446454632,0.026298938464908383,0.18801654964048486,0.2454842526144374,0.1155619712141549
8,5,20,2.0,0.35,10,0.2113164161883363,0.9932240915335433,-0.21275804522830555,0.5344072022083328,0.3109216688538661,-0.049530420876637726,0.1713090339270531,0.2357201697367024,0.05254683247330294
8,5,20,2.0,0.35,14,0.21837968945755493,1.0856977234772331,-0.2011422560214425,0.5953191355749989,0.29950703647823484,-0.03730927208852075,0.1643160763753524,0.2274036113551443,0.05700342023144023
8,5,20,2.0,0.35,20,0.22111417247527032,1.1072831119917657,-0.19969072957098855,0.5953191355749989,0.29950703647823484,-0.016442357219633164,0.16083694282220984,0.2232300743923623,0.05464959839189132
8,5,20,2.0,0.4,10,0.2098291918771309,1.019237036509555,-0.20586888462737274,0.5344072022083328,0.3109216688538661,-0.0014978241756062882,0.16520650368528966,0.2259756011300873,0.010053018742524067
8,5,20,2.0,0.4,14,0.21693290222910977,1.1135997551146906,-0.19480329555816728,0.5953191355749989,0.29950703647823484,0.009350935865582777,0.15876127205631652,0.2183212718499934,0.015541351019123129
8,5,20,2.0,0.4,20,0.22650982054208457,1.1637831764141873,-0.1946323208073858,0.5953191355749989,0.29950703647823484,0.030217850734470364,0.146999045685684,0.21607930732792102,0.05321500735059859
8,5,20,2.0,0.42,10,0.2078697675530119,1.0027486423667942,-0.20729997406167067,0.5344072022083328,0.3109216688538661,-0.011688077234101701,0.16690990930115124,0.2279849682707693,0.007943974095306672
8,5,20,2.0,0.42,14,0.21601563345894625,1.1042116349184665,-0.19562883294097563,0.5953191355749989,0.29950703647823484,0.003133697511532807,0.15974524525172873,0.2194951267337908,0.015609633737115436
8,5,20,2.0,0.42,20,0.22687572791448019,1.167687936109795,-0.19429482903653772,0.5953191355749989,0.29950703647823484,0.03279795179593936,0.146631817620263,0.21560571340585977,0.053119389243832194
8,5,20,2.5,0.35,10,0.21652408102973486,1.0768825395062425,-0.20106564373214977,0.5048418133166657,0.33626731753177364,-0.04495535371023174,0.1613975182303018,0.2278269810247342,0.08914080864262441
8,5,20,2.5,0.35,14,0.22344791146739595,1.178352060504247,-0.18962746275656944,0.5657537466833322,0.32369821613318694,-0.032870601997783466,0.1548424057177764,0.21976370646747512,0.09258126777824649
8,5,20,2.5,0.35,20,0.2261296160520756,1.2007373374526487,-0.18832563042622388,0.5657537466833322,0.32369821613318694,-0.012013487022518365,0.1515800595949215,0.21571797281648886,0.08966886118760908
8,5,20,2.5,0.4,10,0.21509845877330713,1.106888051741076,-0.1943272026786889,0.5048418133166657,0.33626731753177364,0.004138507096791422,0.1556117781047539,0.21817399402507776,0.044361157296745723
8,5,20,2.5,0.4,14,0.22206013264443625,1.2105050527573276,-0.18344420135927603,0.5657537466833322,0.32369821613318694,0.014821206359794559,0.14957642753340905,0.21076841808726843,0.0489367024863645
8,5,20,2.5,0.4,20,0.23168623924542797,1.2642480734460941,-0.18326010860660946,0.5657537466833322,0.32369821613318694,0.035678321335059326,0.1388743280619813,0.20845069913073622,0.08717777052984732
8,5,20,2.5,0.42,10,0.21188602139691382,1.0827391875667756,-0.1956944237633832,0.5048418133166657,0.33626731753177364,-0.006046819541154158,0.15720637714610608,0.22011824054506524,0.03613877806497112
8,5,20,2.5,0.42,14,0.22116094385057217,1.2004562640106233,-0.184230738329185,0.5657537466833322,0.32369821613318694,0.008606887856373202,0.15049801112805672,0.211904053849872,0.049153508355868514
8,5,20,2.5,0.42,20,0.23204494341287862,1.268429094553084,-0.1829388370302535,0.5657537466833322,0.32369821613318694,0.038257210683340315,0.13852938316614694,0.20799320454197545,0.08701993010586628
8,5,20,3.0,0.35,10,0.23543113246571945,1.3186725733347389,-0.17853645948694222,0.5723907892833333,0.29039337219500894,-0.014464724775093196,0.17542349246521072,0.25418617645814257,0.09896448996377338
8,5,20,3.0,0.35,14,0.24187561373191913,1.3939073484621312,-0.17352345118115306,0.6333027226499994,0.2800436334144576,-0.003409229240706746,0.16860646153180903,0.24568288848628428,0.1018867115282962
8,5,20,3.0,0.35,20,0.24437548684658705,1.4083138917717046,-0.17352345118115306,0.6333027226499994,0.2800436334144576,0.017153114028779504,0.16520446430347646,0.2414034857475602,0.09905726785516111
8,5,20,3.0,0.4,10,0.2306286522678458,1.291773416648903,-0.17853645948694222,0.5723907892833333,0.29039337219500894,0.007960639831356753,0.1736151183624579,0.24938847389109986,0.05855039208525392
8,5,20,3.0,0.4,14,0.23719102486360688,1.3669104852921976,-0.17352345118115306,0.6333027226499994,0.2800436334144576,0.018384749353656415,0.166999908993144,0.24119797995496328,0.06249560900723172
8,5,20,3.0,0.4,20,0.24621405485773562,1.4189093934092853,-0.17352345118115306,0.6333027226499994,0.2800436334144576,0.038947092623142776,0.15613741956018878,0.23863076807418704,0.09814171784463488
8,5,20,3.0,0.42,10,0.22713423162919244,1.2722008282336559,-0.17853645948694222,0.5723907892833333,0.29039337219500894,-0.005448597607103922,0.1759559187870794,0.25226539031834094,0.051018766581366615
8,5,20,3.0,0.42,14,0.23588783515883627,1.3594003205513516,-0.17352345118115306,0.6333027226499994,0.2800436334144576,0.008981167343657726,0.16855632787459296,0.24313307874420031,0.06289759900668046
8,5,20,3.0,0.42,20,0.2465534411284367,1.4208652458798932,-0.17352345118115306,0.6333027226499994,0.2800436334144576,0.04148953476321138,0.1557562632049101,0.23812380952866286,0.09797387087446707
8,7,10,2.0,0.35,10,0.27695609540235666,1.1239768941037096,-0.24640728546578275,0.6378628882749999,0.20675740086044603,-0.16671270115602654,0.2326296408338493,0.5672801258455924,0.26138354047937407
8,7,10,2.0,0.35,14,0.2829798601824507,1.2996723521699707,-0.21773169192218278,0.6910451485166664,0.200451808163165,-0.138873244699531,0.21934896191453945,0.5405373679348702,0.2559629318624743
8,7,10,2.0,0.35,20,0.2849460634904539,1.3435500362472035,-0.21208444479400537,0.6910451485166664,0.200451808163165,-0.13298787943464407,0.21786190581342235,0.5375077755320155,0.26237857067064896
8,7,10,2.0,0.4,10,0.27392509619284255,1.1125285738570732,-0.2462184816010252,0.6378628882749999,0.20675740086044603,-0.15941287695068995,0.2212770984303838,0.5683661298172715,0.2458663017269005
8,7,10,2.0,0.4,14,0.28001595870840523,1.2871483724468766,-0.2175475374110082,0.6910451485166664,0.200451808163165,-0.13176076058466657,0.20873183883789603,0.5415233034895919,0.24091721041053238
8,7,10,2.0,0.4,20,0.2849950067186253,1.3593723886172804,-0.20965190194021457,0.6910451485166664,0.200451808163165,-0.12353220290172795,0.206772198127958,0.5372815725052977,0.2623063587272805
8,7,10,2.0,0.42,10,0.2761516886289188,1.2662820935232142,-0.2180807025870308,0.6378628882749999,0.20675740086044603,-0.12292596336417416,0.21207181126891173,0.5487222571896151,0.23014882121624747
8,7,10,2.0,0.42,14,0.2843128177668395,1.486146729913379,-0.19130871268909688,0.6910451485166664,0.200451808163165,-0.09334694614706462,0.19988811841996523,0.5222745010526606,0.23526212509866307
8,7,10,2.0,0.42,20,0.28636673326843454,1.4482591943721144,-0.19773168669064617,0.6910451485166664,0.200451808163165,-0.11110936763571999,0.20388241972169685,0.5310021563758633,0.2602933159403198
8,7,10,2.5,0.35,10,0.2961786070268573,1.2137058533797487,-0.24402832548108988,0.6542194802583337,0.1845033065801298,-0.14924052497942053,0.21605872681566574,0.7257179635493467,0.25517909445449916
8,7,10,2.5,0.35,14,0.30145155729128414,1.393513417971493,-0.2163248329033678,0.7005326048583338,0.17962970668842781,-0.12201415265344895,0.20463703554984258,0.6936503578052526,0.25086501217917845
8,7,10,2.5,0.35,20,0.30330857201522554,1.4406701856732567,-0.2105329693301613,0.7005326048583338,0.17962970668842781,-0.11587371874854713,0.20321759702972364,0.6896240430056402,0.25674495276983067
8,7,10,2.5,0.4,10,0.29503151285747964,1.333591520955142,-0.22123079535341736,0.6542194802583337,0.1845033065801298,-0.12698338157034694,0.2029815535880104,0.7158011632310806,0.23879339349754325
8,7,10,2.5,0.4,14,0.3003263111781229,1.5364657700928908,-0.1954656699966482,0.7005326048583338,0.17962970668842781,-0.10026053458817374,0.192497187139417,0.6845851166217065,0.2349411760429776
8,7,10,2.5,0.4,20,0.3049520800995136,1.560131147862143,-0.1954656699966482,0.7005326048583338,0.17962970668842781,-0.09193101386863056,0.19073145201001562,0.6792756709238541,0.2544297061244998
8,7,10,2.5,0.42,10,0.2965903732388573,1.4165981289693228,-0.20936803965331235,0.6542194802583337,0.1845033065801298,-0.09507011530000431,0.19582320411017218,0.6945451471751689,0.2252928156636249
8,7,10,2.5,0.42,14,0.3039954992752627,1.6557104815121302,-0.18360426093191676,0.7005326048583338,0.17962970668842781,-0.06453679091046749,0.18514604804038037,0.6623802855689562,0.2303158004950081
8,7,10,2.5,0.42,20,0.3062277427900175,1.6678683884333785,-0.18360426093191676,0.7005326048583338,0.17962970668842781,-0.07935575247643845,0.18812621348146363,0.6714141025170346,0.2526519300119858
8,7,10,3.0,0.35,10,0.3090421303455311,1.2222435778855603,-0.2528482341303551,0.684736840733333,0.1690781219930495,-0.16098518680834217,0.30549274324486886,0.7343456064474538,0.24114781736222524
8,7,10,3.0,0.35,14,0.31420760713828577,1.3978829073169268,-0.22477391024214657,0.7337612479166662,0.16443844559780696,-0.13344213150349082,0.28876264288122044,0.702937220681725,0.23728864101810898
8,7,10,3.0,0.35,20,0.315981307725242,1.442775061314415,-0.21900940499856766,0.7337612479166662,0.16443844559780696,-0.12733765285142196,0.2867452663572676,0.699095949580455,0.2428341745163154
8,7,10,3.0,0.4,10,0.30845133903574307,1.3635565533445713,-0.22621088819467344,0.684736840733333,0.1690781219930495,-0.1337250383310985,0.2884054393505131,0.7215691932385724,0.22532349143035968
8,7,10,3.0,0.4,14,0.3136277211529497,1.5667250696616428,-0.200180444690709,0.7337612479166662,0.16443844559780696,-0.10683097289045229,0.27306190837754785,0.6912216264204953,0.2218995748869348
8,7,10,3.0,0.4,20,0.31803839926403765,1.5887585810663294,-0.200180444690709,0.7337612479166662,0.16443844559780696,-0.09855022560094451,0.2705535527021883,0.6861923469138584,0.24015331893107583
8,7,10,3.0,0.42,10,0.3100366780896915,1.447329702242405,-0.2142128898545642,0.684736840733333,0.1690781219930495,-0.10093661043116153,0.2778874257556889,0.7008426108765342,0.21282914176313317
8,7,10,3.0,0.42,14,0.3172237459976688,1.6855530763008468,-0.18820157635964524,0.7337612479166662,0.16443844559780696,-0.07031723378662869,0.2623372702062934,0.6695819666569005,0.2177036805051742
8,7,10,3.0,0.42,20,0.31927331751718624,1.6964433757295871,-0.18820157635964524,0.7337612479166662,0.16443844559780696,-0.08586487917257968,0.2667991126142226,0.6786283170751752,0.23856289256792462
8,7,20,2.0,0.35,10,0.27488497798779465,1.0967656157644505,-0.2506323812824845,0.7140582253249999,0.2671363198990446,-0.17776647374697674,0.22285329081622773,0.486836281523922,0.22456104984620873
8,7,20,2.0,0.35,14,0.28095449499547076,1.2550512188773082,-0.2238589874019607,0.7672404855666661,0.2593303942947782,-0.1521031740786688,0.2110612738365072,0.46542870608935205,0.2203570115861404
8,7,20,2.0,0.35,20,0.28293536546474773,1.2942742895529429,-0.21860541289317956,0.7672404855666661,0.2593303942947782,-0.14673258206725415,0.2097344002752075,0.46299453422486736,0.22677581197399355
8,7,20,2.0,0.4,10,0.2723546987992411,1.1557450197599681,-0.2356529287539611,0.7140582253249999,0.2671363198990446,-0.16807514955230474,0.2130707645793719,0.48565010471566805,0.20871608179208967
8,7,20,2.0,0.4,14,0.2784806775173705,1.3310251961586257,-0.20922269414664213,0.7672404855666661,0.2593303942947782,-0.14263881033495307,0.20190749589593548,0.46434443864181474,0.20499596679898024
8,7,20,2.0,0.4,20,0.2834877249181891,1.3554982447728838,-0.2091391309515771,0.7672404855666661,0.2593303942947782,-0.13512997712435948,0.2001545276226102,0.46096394818724984,0.22609147193261614
8,7,20,2.0,0.42,10,0.27278235320620436,1.222856077265201,-0.22306987574225057,0.7140582253249999,0.2671363198990446,-0.14952496427096618,0.20842335931180234,0.4768266111811488,0.1960651877360855
8,7,20,2.0,0.42,14,0.28104418750249716,1.4190575985025653,-0.19804988028608841,0.7672404855666661,0.2593303942947782,-0.12191020478820691,0.19714117146968624,0.4551304790565569,0.20218601521839163
8,7,20,2.0,0.42,20,0.2848670560221245,1.4383601525566503,-0.19804988028608841,0.7672404855666661,0.2593303942947782,-0.12379372578974857,0.19756495243047278,0.4559525818303847,0.22439448560410624
8,7,20,2.5,0.35,10,0.28499351691389885,1.198044428157277,-0.23788226063723691,0.7541961588833328,0.2258293887063405,-0.164199483096524,0.20248305412996137,0.5288992798763199,0.26593615921209235
8,7,20,2.5,0.35,14,0.29048421158498905,1.3690919059985902,-0.2121729084163384,0.8005092834833334,0.22018597011843632,-0.1390106229111735,0.19250769076572838,0.5069069136076392,0.26107123541603205
8,7,20,2.5,0.35,20,0.29241666129888855,1.414195905402086,-0.2067723857648621,0.8005092834833334,0.22018597011843632,-0.13339945989692747,0.1912626975380205,0.5041371395210066,0.2672547235208109
8,7,20,2.5,0.4,10,0.2829519629373447,1.2567466488494357,-0.22514638347863516,0.7541961588833328,0.2258293887063405,-0.15108021479338507,0.19223844583848826,0.5258393626215694,0.2496607424342563
8,7,20,2.5,0.4,14,0.28848355685044846,1.444653836700337,-0.19969043761331753,0.8005092834833334,0.22018597011843632,-0.12616257063480962,0.18289588749296448,0.5040955006014682,0.24526575148827234
8,7,20,2.5,0.4,20,0.2933115132427042,1.5222472810787808,-0.19268322360532728,0.8005092834833334,0.22018597011843632,-0.11855100778571082,0.18131652946454646,0.5003869247486041,0.2659167961341351
8,7,20,2.5,0.42,10,0.2851058491376335,1.386899309306705,-0.20557069083851126,0.7541961588833328,0.2258293887063405,-0.11750115941228712,0.18492377852981745,0.5088433173795814,0.23442540103675924
8,7,20,2.5,0.42,14,0.29264983433436575,1.611301529119086,-0.18162325861774625,0.8005092834833334,0.22018597011843632,-0.0906291060676635,0.17574927154003372,0.4872375161076419,0.23969802664260786
8,7,20,2.5,0.42,20,0.29464218073141946,1.6222711946355874,-0.18162325861774625,0.8005092834833334,0.22018597011843632,-0.10705966324701033,0.17898314768652668,0.49489024734992526,0.2639439069094536
8,7,20,3.0,0.35,10,0.28619602856394577,1.014850064882738,-0.28200818866480987,0.6923500443083341,0.14499135086368597,-0.18871630265830142,0.25434291676460985,0.6959085357628683,0.257959783101964
8,7,20,3.0,0.35,14,0.2916628025896266,1.1520056768265927,-0.25317826852473885,0.7386631689083338,0.14124296653949808,-0.16026628340740567,0.2401206777295526,0.66430646792158,0.2533695233510205
8,7,20,3.0,0.35,20,0.29358697056900906,1.1870626445538863,-0.24732222171757656,0.7386631689083338,0.14124296653949808,-0.15405366020623712,0.23835960354250485,0.6603443220882756,0.2595113997322369
8,7,20,3.0,0.4,10,0.2849598734047365,1.0976094460795593,-0.25961864160567855,0.6923500443083341,0.14499135086368597,-0.16662946608863083,0.23963125653445316,0.686420158684913,0.2408393532610975
8,7,20,3.0,0.4,14,0.2904512391238976,1.2558870564345797,-0.23127178326726186,0.7386631689083338,0.14124296653949808,-0.13868499365598785,0.22654968878995563,0.6556549252968333,0.23675347034185945
8,7,20,3.0,0.4,20,0.2952448773852807,1.2998955885492043,-0.2271296864041207,0.7386631689083338,0.14124296653949808,-0.13025754789591903,0.22435451571358223,0.6504299011059511,0.2571280112893686
8,7,20,3.0,0.42,10,0.2872159184537797,1.1873934513279403,-0.24188774001790833,0.6923500443083341,0.14499135086368597,-0.12824112735117243,0.22907897408968014,0.661652789006935,0.22588377440920793
8,7,20,3.0,0.42,14,0.29425387262945324,1.367280991033316,-0.21521097313513612,0.7386631689083338,0.14124296653949808,-0.10254126794508223,0.2174257597233047,0.6338181050184506,0.23188177313747982
8,7,20,3.0,0.42,20,0.2965662135440066,1.3785004103458063,-0.21513683370584627,0.7386631689083338,0.14124296653949808,-0.11753444690731851,0.22111984536223694,0.6426974609062532,0.2552494890182182
10,3,10,2.0,0.35,10,0.20527068470162568,0.6552151226434748,-0.31328746484583286,0.38370908977499907,0.3066658801433677,-0.1482618063856609,0.0244705602431341,0.3865417836693361,0.332378155015266
10,3,10,2.0,0.35,14,0.2094058470089315,0.7177061399835162,-0.2917710123167415,0.3902951502583325,0.3052733447338831,-0.12366309080987292,0.023690995264938897,0.37438316211601985,0.32756951519013255
10,3,10,2.0,0.35,20,0.21091430121115362,0.7739602699529995,-0.2725130854894682,0.3902951502583325,0.3052733447338831,-0.08430434579274537,0.02266203995842586,0.3583193980505377,0.2947169300518544
10,3,10,2.0,0.4,10,0.2137150471578706,0.7806910779228972,-0.2737511074501835,0.38370908977499907,0.3066658801433677,-0.054182701608530004,0.010178193324267504,0.3486962485707721,0.2857546537950255
10,3,10,2.0,0.4,14,0.21771728654876665,0.7989241549913785,-0.2725130854894682,0.3902951502583325,0.3052733447338831,-0.029917200824561063,0.0098884496045466,0.33877136200687197,0.2822826530089684
10,3,10,2.0,0.4,20,0.22242980812072588,0.8162169817321383,-0.2725130854894682,0.3902951502583325,0.3052733447338831,0.009352667588592212,0.006887442543907607,0.3264469791351192,0.2748996190459321
10,3,10,2.0,0.42,10,0.22631258040762137,0.8267092780576427,-0.2737511074501835,0.38370908977499907,0.3066658801433677,-0.0014692763722637947,0.0096408764244027,0.3302909168352288,0.30977982362872925
10,3,10,2.0,0.42,14,0.2291542959603836,0.8408928163900583,-0.2725130854894682,0.3902951502583325,0.3052733447338831,0.014407018149180661,0.00945637668140975,0.32397096652964286,0.30801688704484587
10,3,10,2.0,0.42,20,0.23258192544024525,0.853470669206576,-0.2725130854894682,0.3902951502583325,0.3052733447338831,0.04469945722550128,0.006654409989854004,0.3153753920729552,0.30215774618934277
10,3,10,2.5,0.35,10,0.2163035341584214,0.661207909474723,-0.3271339181805271,0.36931705678333326,0.30363167704776184,-0.15530502458785844,0.021381704468564466,0.4715737974470855,0.35514232251388056
10,3,10,2.5,0.35,14,0.22026606080588595,0.7214347263425133,-0.3053166873773566,0.3759031172666667,0.302239101268839,-0.13037104193441762,0.02068648184169053,0.4563858961122904,0.3499915434922096
10,3,10,2.5,0.35,20,0.2217123386691784,0.7981732465970961,-0.27777470569756507,0.3759031172666667,0.302239101268839,-0.09051627624600178,0.019770295448204633,0.43635602386046446,0.31752970451528384
10,3,10,2.5,0.4,10,0.22439875824884803,0.8041675130771758,-0.2790447942744891,0.36931705678333326,0.30363167704776184,-0.060036015318346125,0.007163193152719627,0.42437658899602115,0.3084148572677696
10,3,10,2.5,0.4,14,0.22824010946328332,0.8216734813564561,-0.27777470569756507,0.3759031172666667,0.302239101268839,-0.035443714399182924,0.00695552483529327,0.41203692203611464,0.30458435792530225
10,3,10,2.5,0.4,20,0.23276686254609125,0.8379699726854274,-0.27777470569756507,0.3759031172666667,0.302239101268839,0.00432105461314336,0.004017598298385883,0.39673565127035926,0.2968332353145837
10,3,10,2.5,0.42,10,0.23691308158247337,0.8490145182548295,-0.2790447942744891,0.36931705678333326,0.30363167704776184,-0.010192888317506199,0.006802480502922537,0.4029444174816412,0.3367887316037257
10,3,10,2.5,0.42,14,0.23882231684070088,0.859769849241512,-0.27777470569756507,0.3759031172666667,0.302239101268839,0.005914775229850733,0.006669546332094489,0.39504764078779364,0.32964869903979555
10,3,10,2.5,0.42,20,0.24253185199321048,0.8731243234842044,-0.27777470569756507,0.3759031172666667,0.302239101268839,0.04011330404090563,0.003879345206306617,0.38301024093915337,0.3227262747261188
10,3,10,3.0,0.35,10,0.22696298783995972,0.7331152695131956,-0.30958704214504773,0.41638186933333254,0.31365937475824013,-0.13469187959865725,0.011800183468208658,0.47222537307337786,0.3450593727315645
10,3,10,3.0,0.35,14,0.2307668884889864,0.7996969350359927,-0.28856792914755897,0.422967929816666,0.31226646068919606,-0.11082181353719234,0.011440126198261291,0.45783084754771,0.34040141030928095
10,3,10,3.0,0.35,20,0.23215596884098733,0.8907856846928386,-0.2606193305868398,0.422967929816666,0.31226646068919606,-0.07255416133848058,0.010963349327097971,0.4387686600133649,0.3099398898035246
10,3,10,3.0,0.4,10,0.23245818244464034,0.8829971704030476,-0.2632603933923524,0.41638186933333254,0.31365937475824013,-0.061687336400209625,-0.0006135792864297995,0.4358195490115131,0.30562322306634515
10,3,10,3.0,0.4,14,0.23618329426820583,0.906238588428529,-0.2606193305868398,0.422967929816666,0.31226646068919606,-0.03806867397775493,-0.0005964527580858414,0.4235300570888274,0.30199428159824704
10,3,10,3.0,0.4,20,0.24057562539759947,0.9230920241253492,-0.2606193305868398,0.422967929816666,0.31226646068919606,0.00011256543091398008,-0.003140943042009514,0.4082600798844165,0.294597715541584
10,3,10,3.0,0.42,10,0.24460109879530845,0.934390033077397,-0.2617762284874969,0.41638186933333254,0.31365937475824013,-0.013835942550386116,-0.0005838067309704709,0.4144602823007706,0.3330281839689033
10,3,10,3.0,0.42,14,0.24645548379593762,0.9456531226635827,-0.2606193305868398,0.422967929816666,0.31226646068919606,0.0016428202250049484,-0.00057280557591044,0.4065734203102316,0.3262037400829936
10,3,10,3.0,0.42,20,0.2500597781329654,0.9594828502164545,-0.2606193305868398,0.422967929816666,0.31226646068919606,0.03447948062543116,-0.003036596338979236,0.39453352199721015,0.31960571105513114
10,3,20,2.0,0.35,10,0.20534759550406356,0.7341121272419924,-0.27972238556464124,0.45347557267499794,0.32274990000918624,-0.13578828942564647,0.03634927809730715,0.30944360386598824,0.287204901085532
10,3,20,2.0,0.35,14,0.2094815234230385,0.8077460664329077,-0.2593408152987128,0.4600616331583314,0.3213565142552661,-0.11275268055908938,0.035277142184997334,0.300540681499849,0.283559586821696
10,3,20,2.0,0.35,20,0.2109895333194094,0.9224449439749839,-0.22872859209376434,0.4600616331583314,0.3213565142552661,-0.0758286413522491,0.033853984737624465,0.28870234998978184,0.25312274081971853
10,3,20,2.0,0.4,10,0.21406883584569103,0.9026066518229622,-0.2371673590188416,0.45347557267499794,0.32274990000918624,-0.04552492194317814,0.021779205230361365,0.28097918612770245,0.24484806036532025
10,3,20,2.0,0.4,14,0.21806561924747658,0.9533815481978895,-0.22872859209376434,0.4600616331583314,0.3213565142552661,-0.022789236641172383,0.021201809076594413,0.2736193397413209,0.24233331352410192
10,3,20,2.0,0.4,20,0.22277184656183158,0.9739571451150678,-0.22872859209376434,0.4600616331583314,0.3213565142552661,0.014051423809351204,0.017988471462720756,0.26443214139474214,0.23624921077217564
10,3,20,2.0,0.42,10,0.2266495360826315,0.9866381707276694,-0.2297190021702404,0.45347557267499794,0.32274990000918624,0.003916814801768087,0.020706604676572704,0.26730333112037385,0.26967626513202414
10,3,20,2.0,0.42,14,0.22948758956105486,1.003318332265952,-0.22872859209376434,0.4600616331583314,0.3213565142552661,0.01879311560320973,0.020336450762193703,0.26257994885879854,0.26853194512358836
10,3,20,2.0,0.42,20,0.23291086581552167,1.0182848750279672,-0.22872859209376434,0.4600616331583314,0.3213565142552661,0.04721168452958535,0.01741886131371806,0.2561331432823917,0.26362859149233975
10,3,20,2.5,0.35,10,0.20681999962352626,0.6655866101905198,-0.310733413889329,0.3989310996666655,0.32161719440212444,-0.14519792919153163,0.02218563563764242,0.3414865976453392,0.35420538246557665
10,3,20,2.5,0.35,14,0.21093038120739194,0.72844874841775,-0.28956104553072526,0.40551716014999895,0.3201719349095178,-0.12114942182590993,0.021496529487012417,0.33099377410320163,0.34884933937774676
10,3,20,2.5,0.35,20,0.21242991508589393,0.8283193887724418,-0.2564589432111594,0.40551716014999895,0.3201719349095178,-0.08265404545972821,0.020585234118254858,0.317106624226859,0.31503931744546465
10,3,20,2.5,0.4,10,0.2149833715704783,0.8461433230146133,-0.25407441709111667,0.3989310996666655,0.32161719440212444,-0.05494129634222089,0.008482740291467783,0.309347214253326,0.30602805300986735
10,3,20,2.5,0.4,14,0.21896609274549528,0.8768807404988342,-0.24971023154292482,0.40551716014999895,0.3201719349095178,-0.03120545274018871,0.008246244208159226,0.3007115606203792,0.30208671767879025
10,3,20,2.5,0.4,20,0.22365609551425125,0.8956625210441371,-0.24971023154292482,0.40551716014999895,0.3201719349095178,0.0072029966084095065,0.0053674258179265966,0.2899745557952145,0.2940857986664043
10,3,20,2.5,0.42,10,0.22752068193914865,0.9070608621990163,-0.2508328728764276,0.3989310996666655,0.32161719440212444,-0.0033882059905343542,0.00804394207604986,0.2933250072678255,0.3294630461756334
10,3,20,2.5,0.42,14,0.23034929402573345,0.9224663827446604,-0.24971023154292482,0.40551716014999895,0.3201719349095178,0.012146475548904023,0.007893043761186602,0.28781564010760063,0.32739605370803715
10,3,20,2.5,0.42,20,0.23376134616594912,0.9361304289438612,-0.24971023154292482,0.40551716014999895,0.3201719349095178,0.04177442336037829,0.0051893070579049905,0.28031616548403737,0.3210887330822272
10,3,20,3.0,0.35,10,0.22076824708701603,0.73393307506036,-0.30080160519930194,0.39586332463333274,0.2754156416295561,-0.1294844845158225,0.02738962509476095,0.44742579576116537,0.36108180322076344
10,3,20,3.0,0.35,14,0.22466338326619284,0.8052469039121172,-0.27899937543965037,0.4024493851166664,0.2741754032188308,-0.10455520846099409,0.026521916979020954,0.43347014983638354,0.3558843742164508
10,3,20,3.0,0.35,20,0.22608536920923283,0.8418162872620978,-0.26856853761352995,0.4024493851166664,0.2741754032188308,-0.0645594208547755,0.025376134588794175,0.41502052249828725,0.3237518542001223
10,3,20,3.0,0.4,10,0.22639471305043002,0.8391786452438549,-0.2697813085849468,0.39586332463333274,0.2754156416295561,-0.05317120800566333,0.013114156047877357,0.4121693674208935,0.31919802544762144
10,3,20,3.0,0.4,14,0.2302068753363984,0.8571624859039372,-0.26856853761352995,0.4024493851166664,0.2741754032188308,-0.02851659751106883,0.012735338478728542,0.4002972536616547,0.31514930325972057
10,3,20,3.0,0.4,20,0.23469988993961266,0.8738919756764127,-0.26856853761352995,0.4024493851166664,0.2741754032188308,0.011388874975239549,0.009579570982612973,0.38556647011260403,0.30712509137758004
10,3,20,3.0,0.42,10,0.23799327610635435,0.8821711087201459,-0.2697813085849468,0.39586332463333274,0.2754156416295561,-0.003151079253789657,0.012456110720912239,0.3915449903955517,0.34203986879435333
10,3,20,3.0,0.42,14,0.2407112977267234,0.8962751179481302,-0.26856853761352995,0.4024493851166664,0.2741754032188308,0.012988234805574539,0.012213537662199903,0.3839407650274851,0.3398742954711669
10,3,20,3.0,0.42,20,0.24439444841541547,0.9099891245157652,-0.26856853761352995,0.4024493851166664,0.2741754032188308,0.04730777153213639,0.00925102609014039,0.3723440415142536,0.3327334149710268
10,5,10,2.0,0.35,10,0.20582957114947575,0.9615138011329121,-0.21406824416555983,0.29342977260833325,0.4915852625360553,-0.14386644205847665,0.1840340269300036,0.16958940407894763,0.23251934683599917
10,5,10,2.0,0.35,14,0.2124964662348281,1.0271436403004943,-0.2068809637692558,0.3705695784750005,0.4651489861639546,-0.13488132611849268,0.17543508715945388,0.16278367706838925,0.22805233666280622
10,5,10,2.0,0.35,20,0.21102435112274742,1.0263363544558475,-0.2056093503914029,0.3705695784750005,0.4651489861639546,-0.12741811184952834,0.17393802033417294,0.16158917212194934,0.2118211911092469
10,5,10,2.0,0.4,10,0.20773948537748255,1.0286622595539499,-0.20195111023861503,0.29342977260833325,0.4915852625360553,-0.0709748036283504,0.171982290267906,0.15816867688912684,0.17127315209813632
10,5,10,2.0,0.4,14,0.21435748305246283,1.0962206355871047,-0.19554228053521272,0.3705695784750005,0.4651489861639546,-0.06467423862176902,0.16453245179559461,0.15223268438917836,0.16905664122677821
10,5,10,2.0,0.4,20,0.22338271462475,1.1629520648358458,-0.19208247818561736,0.3705695784750005,0.4651489861639546,-0.05721102435280456,0.17970562215258412,0.14905758019963122,0.19749770342435435
10,5,10,2.0,0.42,10,0.2075609191928507,1.0257076468235768,-0.2023587518681641,0.29342977260833325,0.4915852625360553,-0.07356028409536042,0.1724622533400042,0.1585486619305394,0.1727137164810053
10,5,10,2.0,0.42,14,0.2145411648393376,1.0982404230335352,-0.19534990730603122,0.3705695784750005,0.4651489861639546,-0.06341697901249643,0.1643115850903245,0.15205560246708338,0.16888561341069996
10,5,10,2.0,0.42,20,0.2251186876882445,1.183119168664944,-0.1902755814042579,0.3705695784750005,0.4651489861639546,-0.0448687058275522,0.1773834450415228,0.14740748393150005,0.1955886469500705
10,5,10,2.5,0.35,10,0.22694924683935525,1.0403908076120747,-0.21813845833591472,0.46306550242499966,0.4730444340277531,-0.1621014641744447,0.19294521194815517,0.19840443534343777,0.20173990095731464
10,5,10,2.5,0.35,14,0.23553645081211916,1.1286639995024874,-0.20868606681522853,0.5402053082916662,0.4504632529350867,-0.13729712220534074,0.18123582169057162,0.18812413175924791,0.19605161387688996
10,5,10,2.5,0.35,20,0.23727760784914675,1.1370074268505588,-0.20868606681522853,0.5402053082916662,0.4504632529350867,-0.11004405122603667,0.1756970120973762,0.18319334699327183,0.17897653042463268
10,5,10,2.5,0.4,10,0.22945827468367286,1.1454480595032435,-0.20032185028379554,0.46306550242499966,0.4730444340277531,-0.09120347615549673,0.1800902553772279,0.1852184963493435,0.14757660651307347
10,5,10,2.5,0.4,14,0.23796460271769804,1.23113646175278,-0.1932885671982338,0.5402053082916662,0.4504632529350867,-0.06873955298744672,0.1699445389735672,0.17622828259580636,0.14443355877994346
10,5,10,2.5,0.4,20,0.24908606577787973,1.2886745935801824,-0.1932885671982338,0.5402053082916662,0.4504632529350867,-0.04284272411998291,0.17989236427143718,0.169966736305303,0.16791340737721683
10,5,10,2.5,0.42,10,0.22969755461635932,1.1466425369521462,-0.20032185028379554,0.46306550242499966,0.4730444340277531,-0.09664933830691091,0.1811759320111046,0.18617180338046713,0.15384970938705145
10,5,10,2.5,0.42,14,0.23768052964434117,1.229666777966126,-0.1932885671982338,0.5402053082916662,0.4504632529350867,-0.07064664510646834,0.1702932759628304,0.17653976693887907,0.1446509099475619
10,5,10,2.5,0.42,20,0.25066019518644356,1.296818527964824,-0.1932885671982338,0.5402053082916662,0.4504632529350867,-0.03177998981768204,0.17783694152865293,0.1683053496046547,0.16650623887653238
10,5,10,3.0,0.35,10,0.2585939369611159,1.3450203412474153,-0.19226024248918608,0.5237579474583327,0.5054412238969697,-0.1244848463603091,0.2569116772259388,0.17584301646619105,0.20980291938801354
10,5,10,3.0,0.35,14,0.2662245703473014,1.4458262655417065,-0.18413316778939223,0.600897753325,0.48218693554711844,-0.10226510510156206,0.24277986032447507,0.16800289274905178,0.20451675791515522
10,5,10,3.0,0.35,20,0.26777582404989864,1.4542508949619286,-0.18413316778939223,0.600897753325,0.48218693554711844,-0.0765651917911887,0.23603546219842375,0.16419992596180188,0.18936777090238688
10,5,10,3.0,0.4,10,0.25708548787169794,1.480400724809052,-0.1736593907064304,0.5237579474583327,0.5054412238969697,-0.08419104899802465,0.24778222795118476,0.16962818676804625,0.16516096625322296
10,5,10,3.0,0.4,14,0.26475873386595183,1.5835864040573109,-0.16718931988024954,0.600897753325,0.48218693554711844,-0.0632256442872553,0.234695983346362,0.16232094280174802,0.1616859056511324
10,5,10,3.0,0.4,20,0.27483426987411974,1.6903348097619642,-0.16259161693109922,0.600897753325,0.48218693554711844,-0.03880468059429054,0.2423923389731506,0.15718180966338102,0.18236294508376316
10,5,10,3.0,0.42,10,0.2574726121202937,1.4782282210568771,-0.17417649619502634,0.5237579474583327,0.5054412238969697,-0.08810849802785459,0.24884669038602203,0.170216039615678,0.1706787855018166
10,5,10,3.0,0.42,14,0.26466912428206957,1.582301845706951,-0.16726841657940364,0.600897753325,0.48218693554711844,-0.0638535776033401,0.2348534089622365,0.16240974041897904,0.16176211415299568
10,5,10,3.0,0.42,20,0.2764241601457882,1.714559613233515,-0.1612216676587147,0.600897753325,0.48218693554711844,-0.027201940349523834,0.23950128124690728,0.1556590256132453,0.1808319183604019
10,5,20,2.0,0.35,10,0.20274888856648277,0.8329809124079787,-0.24340160206117675,0.42401814240833313,0.45884640346157757,-0.149623891053017,0.12937820031398184,0.14070490534779423,0.225729616056082
10,5,20,2.0,0.35,14,0.20949556870159114,0.8897335293943339,-0.2354587770163057,0.5011579482750004,0.4362297422013748,-0.1410263286458222,0.12368594971763769,0.13514390899223838,0.22145999490894885
10,5,20,2.0,0.35,20,0.20800605501879854,0.8887177435553997,-0.2340518758932961,0.5011579482750004,0.4362297422013748,-0.13404966873046786,0.12269160348219676,0.1341671454575608,0.20512833584701107
10,5,20,2.0,0.4,10,0.20587079724264656,0.9006126697279631,-0.2285897191573281,0.42401814240833313,0.45884640346157757,-0.07405268762370476,0.12093845203322684,0.1303981706754307,0.16327764597983974
10,5,20,2.0,0.4,14,0.21253663230876385,0.9592291411024325,-0.22157024135494635,0.5011579482750004,0.4362297422013748,-0.06805691328082608,0.116023461542337,0.12560816247753737,0.16131824797271754
10,5,20,2.0,0.4,20,0.22150367064311371,1.016478197166912,-0.21791285957778536,0.5011579482750004,0.4362297422013748,-0.06108025336547185,0.12977828714149786,0.12313593239291865,0.19008307411787628
10,5,20,2.0,0.42,10,0.20569091927614758,0.8980736206377494,-0.2290356987994817,0.42401814240833313,0.45884640346157757,-0.07646360107599504,0.12125416470166739,0.13070452746301875,0.1647044753321245
10,5,20,2.0,0.42,14,0.21272162044195309,0.960978881652915,-0.221359308204635,0.5011579482750004,0.4362297422013748,-0.06688161904390699,0.11587732605890766,0.1254651457644691,0.16115473069513664
10,5,20,2.0,0.42,20,0.22325224574709135,1.0339278662886422,-0.21592632622280625,0.5011579482750004,0.4362297422013748,-0.04954257592322808,0.12820289830438125,0.1217998015013575,0.18824097251787575
10,5,20,2.5,0.35,10,0.20616150786831122,0.9121430287159953,-0.2260188384693577,0.38074594426666697,0.49397547611083303,-0.17467067079975396,0.17680659909496632,0.16053616872953413,0.2175407811449961
10,5,20,2.5,0.35,14,0.21545523956434898,0.9981964046152553,-0.21584453577289134,0.45788575013333355,0.46893492803597825,-0.14822256210231766,0.1654109248895621,0.1515761324177709,0.21045047774108872
10,5,20,2.5,0.35,20,0.2173359461110862,1.0069096506559894,-0.21584453577289134,0.45788575013333355,0.46893492803597825,-0.11964154739667154,0.16005227729862326,0.1473053525359025,0.19116283115201704
10,5,20,2.5,0.4,10,0.2095975943344266,1.0444360134803605,-0.20068016769738461,0.38074594426666697,0.49397547611083303,-0.09550882273610695,0.16361674123754932,0.1483878031040895,0.1558235457528181
10,5,20,2.5,0.4,14,0.21876989717804518,1.1398390878765354,-0.19193050975783155,0.45788575013333355,0.46893492803597825,-0.0718012644049063,0.15391806136688646,0.14070006538083213,0.15198841007738184
10,5,20,2.5,0.4,20,0.23072031871685006,1.241883004777983,-0.18578265249559234,0.45788575013333355,0.46893492803597825,-0.04464257659124127,0.16482585986917497,0.13537681796528322,0.17750385876694774
10,5,20,2.5,0.42,10,0.20942032102604102,1.0415286628055824,-0.20107014670332946,0.38074594426666697,0.49397547611083303,-0.09793361171698822,0.16405654930089586,0.14873355118757448,0.15720118954914786
10,5,20,2.5,0.42,14,0.21895045939109692,1.141848211337934,-0.1917509325819645,0.45788575013333355,0.46893492803597825,-0.07061944017061239,0.15372233519950051,0.1405436646926317,0.15184000277405207
10,5,20,2.5,0.42,20,0.23240811978954534,1.2621003204229715,-0.18414393533444134,0.45788575013333355,0.46893492803597825,-0.03304079519864733,0.1628482442835819,0.13396865675079583,0.17587270975375624
10,5,20,3.0,0.35,10,0.22998310445008951,1.0866903711619562,-0.21163627704198523,0.47007855009166644,0.4563794639345784,-0.14321169621795793,0.19102190351414183,0.17940043183127097,0.22137831188384172
10,5,20,3.0,0.35,14,0.23847263014611486,1.1785971073059855,-0.20233600495695342,0.547218355958333,0.43468793705128883,-0.11887018695680551,0.1795958791809027,0.17022672389084503,0.21481906033758102
10,5,20,3.0,0.35,20,0.24019444632747367,1.1871067948513392,-0.20233600495695342,0.547218355958333,0.43468793705128883,-0.09143595438028629,0.17418371080208606,0.1658220329064075,0.1972935971310681
10,5,20,3.0,0.4,10,0.23110677151998105,1.1275637006949109,-0.2049611666086371,0.47007855009166644,0.4563794639345784,-0.0816016497208153,0.18039269984909012,0.16915571467252088,0.16770368971932448
10,5,20,3.0,0.4,14,0.23956045604926657,1.211458311828631,-0.19774552183117466,0.547218355958333,0.43468793705128883,-0.059307473865847005,0.1702649656187829,0.1609759402104074,0.16369147084978763
10,5,20,3.0,0.4,20,0.2505465906509412,1.267015244293853,-0.19774552183117466,0.547218355958333,0.43468793705128883,-0.0332384988617519,0.1801707946159885,0.15527700401560351,0.18641544343149685
10,5,20,3.0,0.42,10,0.2302283047305258,1.1232776849388988,-0.2049611666086371,0.47007855009166644,0.4563794639345784,-0.0887897823966235,0.18181573773344661,0.17029433398498872,0.16964260267279374
10,5,20,3.0,0.42,14,0.23903546186065472,1.2088034138377675,-0.19774552183117466,0.547218355958333,0.43468793705128883,-0.06287541640792293,0.17091322053055547,0.16150355085732127,0.1641541776202049
10,5,20,3.0,0.42,20,0.2518809724697961,1.273763219198661,-0.19774552183117466,0.547218355958333,0.43468793705128883,-0.023750399580509507,0.17841972768990533,0.15398661107693767,0.18507078018891132
10,7,10,2.0,0.35,10,0.26577041161512605,1.1824003622391335,-0.22477193013695607,0.5781783452250004,0.26210293139934837,-0.05376984041269062,0.029562429503290577,0.4354308298287852,0.36801113215135883
10,7,10,2.0,0.35,14,0.2731278885439845,1.2690122084911148,-0.21522873201412296,0.6440104889666667,0.2521087797029369,-0.031306419846920175,0.027971931119907145,0.41242236623739226,0.360935344264675
10,7,10,2.0,0.35,20,0.2740358422303988,1.2938103810038044,-0.21180525852465934,0.6440104889666667,0.2521087797029369,-0.011635106845609089,0.0274105101960751,0.4042895799901578,0.34719696239619946
10,7,10,2.0,0.4,10,0.26233940384782284,1.165399127923178,-0.22510691621618925,0.5781783452250004,0.26210293139934837,-0.047020396582469925,0.011171373064404522,0.4362476429984312,0.3486884207091048
10,7,10,2.0,0.4,14,0.2697902636123142,1.2517187021537575,-0.21553585733607894,0.6440104889666667,0.2521087797029369,-0.02476532007820853,0.010579467528844866,0.4131550654994065,0.3423318956219996
10,7,10,2.0,0.4,20,0.2737284483982958,1.2896528126544984,-0.21224972001175982,0.6440104889666667,0.2521087797029369,-0.005949531878792769,0.010379215100352335,0.4053418783924412,0.3478438744208001
10,7,10,2.0,0.42,10,0.2643711868177714,1.2004712428791022,-0.2202228403103829,0.5781783452250004,0.26210293139934837,-0.020391584934055684,0.010867700306381067,0.424400468871285,0.3350504162186705
10,7,10,2.0,0.42,14,0.27321380882198243,1.2974219626638233,-0.2105820748255479,0.6440104889666667,0.2521087797029369,0.0038237065207764598,0.010278162950540404,0.4013990528330138,0.3353396076494848
10,7,10,2.0,0.42,20,0.27305247458265036,1.280542317066748,-0.21323190256462063,0.6440104889666667,0.2521087797029369,-0.011634084253125399,0.01043891079695869,0.40767103588861975,0.34927236099591186
10,7,10,2.5,0.35,10,0.28221023716845894,1.1262763514344198,-0.2505692646472044,0.6518213088500002,0.15915895172524497,-0.02322578711026324,0.034299551666306716,0.5858318088622558,0.35250007804517547
10,7,10,2.5,0.35,14,0.2887775733077924,1.1990973783862058,-0.2408291257349266,0.7107843169499999,0.15392576010689174,-0.0008081243082146417,0.032545807177384534,0.5565406978102754,0.34727086482068414
10,7,10,2.5,0.35,20,0.2896543548441759,1.2218892744150809,-0.23705450314459436,0.7107843169499999,0.15392576010689174,0.019938145499826865,0.031878141813798555,0.5453709625412666,0.33471476717055637
10,7,10,2.5,0.4,10,0.2807501669535888,1.1330584821071275,-0.24778082630958556,0.6518213088500002,0.15915895172524497,-0.0011467477285135308,0.01674530935029206,0.5773763896534563,0.33123284173510914
10,7,10,2.5,0.4,14,0.2873524356204602,1.2060854145975688,-0.23825214378895404,0.7107843169499999,0.15392576010689174,0.020632822541862827,0.01591435781752515,0.5489041579383,0.32673723607522187
10,7,10,2.5,0.4,20,0.29104518032837,1.2398282146325834,-0.23474637606518717,0.7107843169499999,0.15392576010689174,0.04030131757434985,0.015613472427502995,0.5385898583489563,0.331972183879075
10,7,10,2.5,0.42,10,0.2814837179990666,1.1507368416582306,-0.24461171990760627,0.6518213088500002,0.15915895172524497,0.015748002757255852,0.016466787686934214,0.5678350208697895,0.3213234378539931
10,7,10,2.5,0.42,14,0.2896071224983967,1.2348890269831845,-0.2345207675914836,0.7107843169499999,0.15392576010689174,0.04158719303865044,0.015594197055031511,0.5379290188798811,0.3224302800036365
10,7,10,2.5,0.42,20,0.28979514984076626,1.223697223749883,-0.2368193244344557,0.7107843169499999,0.15392576010689174,0.028601040224925933,0.015791074773451763,0.5446783307995964,0.33443571151886853
10,7,10,3.0,0.35,10,0.2910724668416875,1.1948725071000348,-0.24360127554371702,0.6301131278333336,0.16711696580108737,-0.0463128754004426,0.07193911417999876,0.6604988124198399,0.33491902450942934
10,7,10,3.0,0.35,14,0.2975708109519912,1.2724606431338554,-0.2338546284772507,0.6917874185166666,0.1613079056625597,-0.02306590716314516,0.06806064325872452,0.6268369831136449,0.33022513869233006
10,7,10,3.0,0.35,20,0.29841992314212473,1.296471246578948,-0.23017858971386956,0.6917874185166666,0.1613079056625597,-0.0022295283564810475,0.06662685751067832,0.6143397530071608,0.3185066307688087
10,7,10,3.0,0.4,10,0.2891632691381867,1.1960462270879788,-0.2417659640482411,0.6301131278333336,0.16711696580108737,-0.02889578060052056,0.05292453257196472,0.6541009742355455,0.3157986675577653
10,7,10,3.0,0.4,14,0.29570655517917466,1.2737038000385863,-0.23216273294483092,0.6917874185166666,0.1613079056625597,-0.00617760567985981,0.05014462074393,0.6210718035412519,0.3117353512613632
10,7,10,3.0,0.4,20,0.29928902542279334,1.308511861347057,-0.22872473247180816,0.6917874185166666,0.1613079056625597,0.013576317162454998,0.049167335706425286,0.6094266584125385,0.3169029610874974
10,7,10,3.0,0.42,10,0.2898943601000865,1.214903271426247,-0.23861517778264132,0.6301131278333336,0.16711696580108737,-0.011710029501447172,0.05200420769670755,0.6431819035024262,0.3064815545892501
10,7,10,3.0,0.42,14,0.2979129808620158,1.3039385529148562,-0.22847164093434758,0.6917874185166666,0.1613079056625597,0.015054013686137013,0.049095758824729385,0.6085730715494522,0.30778363719395174
10,7,10,3.0,0.42,20,0.2980953926125105,1.2919941507769082,-0.2307250326429561,0.6917874185166666,0.1613079056625597,0.0020114570351525973,0.04973480762132598,0.6161906841595297,0.31910831440462206
10,7,20,2.0,0.35,10,0.2645086056185315,1.1949492827782118,-0.22135550807943835,0.6379926056333338,0.32484621195047114,-0.07228872621099836,0.020093352744720683,0.36364520067660155,0.3522268544866962
10,7,20,2.0,0.35,14,0.27190026202132067,1.2798733258606854,-0.21244310395989696,0.7038247493749996,0.3128743832362668,-0.051078069979396123,0.019077708447496455,0.3454440858594525,0.3457818491584055
10,7,20,2.0,0.35,20,0.2728123552727302,1.3038502684607827,-0.20923595436674627,0.7038247493749996,0.3128743832362668,-0.03296475405408117,0.01871753129565379,0.3389848844331511,0.33233298304140035
10,7,20,2.0,0.4,10,0.26294187672463964,1.2008172393664305,-0.21896910545968826,0.6379926056333338,0.32484621195047114,-0.05288068250880751,0.004178338214847255,0.35873496233645574,0.32923718377607636
10,7,20,2.0,0.4,14,0.2703762367267375,1.2860113910860242,-0.2102440449601363,0.7038247493749996,0.3128743832362668,-0.03222167105774065,0.003972916053507136,0.3410100827875584,0.3237063709225403
10,7,20,2.0,0.4,20,0.2743059215047703,1.323633060433886,-0.2072371336923641,0.7038247493749996,0.3128743832362668,-0.014896121105019144,0.0039030422493158135,0.334983100458921,0.32937678385440883
10,7,20,2.0,0.42,10,0.2627765420760473,1.2077830351486272,-0.2175693269641849,0.6379926056333338,0.32484621195047114,-0.04528862471061135,0.004145111224943543,0.35586734553186616,0.3203619828809374
10,7,20,2.0,0.42,14,0.27167099944857753,1.302924252693,-0.2085086672437509,0.7038247493749996,0.3128743832362668,-0.022283558812823512,0.003932532887165774,0.3375266934859653,0.32121945626504744
10,7,20,2.0,0.42,20,0.2736313960190637,1.3146730349819802,-0.20813646339282701,0.7038247493749996,0.3128743832362668,-0.02013044852604229,0.003923891760395648,0.33678136927293423,0.33070735268311946
10,7,20,2.5,0.35,10,0.2749160998605118,1.2737888516251064,-0.21582548748936875,0.6962269915583332,0.2753501798729421,-0.04892620682410498,0.0446420941675536,0.3805302377986044,0.3508896919417941
10,7,20,2.5,0.35,14,0.2816601885824197,1.3545009520028557,-0.207943883808969,0.7551899996583327,0.2665153598432177,-0.02836708502334151,0.042560015619367064,0.3633579529024886,0.3455530052122644
10,7,20,2.5,0.35,20,0.28256016796447203,1.3791555381333929,-0.2048791163518082,0.7551899996583327,0.2665153598432177,-0.009950960116842267,0.04176216150005918,0.3567630746372119,0.33263755933097694
10,7,20,2.5,0.4,10,0.2725364498630185,1.2687853065963286,-0.21480107662511538,0.6962269915583332,0.2753501798729421,-0.03642553455492292,0.028574399007983198,0.378280784526676,0.33069947628656604
10,7,20,2.5,0.4,14,0.2793394303985217,1.3495130369585455,-0.2069927616468832,0.7551899996583327,0.2665153598432177,-0.016187109894336693,0.027268604386218698,0.3613063947079387,0.3260604823559641
10,7,20,2.5,0.4,20,0.28314180703786507,1.3871929384100679,-0.20411133822695798,0.7551899996583327,0.2665153598432177,0.0012722919447711867,0.02679311582491395,0.35511808890374064,0.3314894409260045
10,7,20,2.5,0.42,10,0.2744927809192734,1.3035689775106845,-0.21057020046875394,0.6962269915583332,0.2753501798729421,-0.011848556342766825,0.0278637059392719,0.3690459274610134,0.31816037257973706
10,7,20,2.5,0.42,14,0.2826447835513113,1.3947703619798566,-0.20264610666812638,0.7551899996583327,0.2665153598432177,0.010341000344283202,0.02655262379851142,0.3519866897010471,0.3197505925760773
10,7,20,2.5,0.42,20,0.28248897985540866,1.3781740525615036,-0.2049733698950206,0.7551899996583327,0.2665153598432177,-0.004002474284900304,0.026935011179964663,0.35696521213021803,0.3327784570049077
10,7,20,3.0,0.35,10,0.2737615615095268,1.1396579230548405,-0.24021380097609635,0.6566857298499997,0.16578190231767298,-0.048859395008651774,0.05483257534562491,0.5276512495943788,0.35051621955052803
10,7,20,3.0,0.35,14,0.280534146349136,1.2157011235129251,-0.2307591404855302,0.7156487379499992,0.16034569250738762,-0.025894036722485914,0.051980325764444224,0.5013075661390947,0.345166753600223
10,7,20,3.0,0.35,20,0.28143786355249767,1.2392808458500852,-0.22709772727863412,0.7156487379499992,0.16034569250738762,-0.005320776165594454,0.050895851529227265,0.49126072475957305,0.3321959840027644
10,7,20,3.0,0.4,10,0.27117807518221326,1.1331810024505573,-0.23930693736991523,0.6566857298499997,0.16578190231767298,-0.03657489071499087,0.03668105584533321,0.5250990587950153,0.33061189102744093
10,7,20,3.0,0.4,14,0.2780149487699983,1.2091700046699347,-0.22992213476705256,0.7156487379499992,0.16034569250738762,-0.013961598544433684,0.03481268469443388,0.49900330017431505,0.3259486464217336
10,7,20,3.0,0.4,20,0.2818358217267405,1.2444564033692203,-0.22647303751557946,0.7156487379499992,0.16034569250738762,0.005542875118028867,0.03413742448570112,0.4895550944161444,0.33141046507098904
10,7,20,3.0,0.42,10,0.27261230075006804,1.1596558199190325,-0.23508035407359218,0.6566857298499997,0.16578190231767298,-0.013799159221528745,0.035833928318884656,0.5132755647937035,0.3190044204803668
10,7,20,3.0,0.42,14,0.28034812637989126,1.2391014716817992,-0.2262511447100311,0.7156487379499992,0.16034569250738762,0.006818027288300721,0.03409418885648052,0.4889498399368235,0.3214743781713947
10,7,20,3.0,0.42,20,0.28054266257618865,1.227692090199208,-0.2285122343100436,0.7156487379499992,0.16034569250738762,-0.006059830174287906,0.03453592581180742,0.4951319825215821,0.3339724169017313
12,3,10,2.0,0.35,10,0.2530099629673763,0.9960573098553033,-0.25401145141350445,0.6722275210833324,0.3354482955397733,-0.13192288078136816,-0.023034989835903463,0.572546446507685,0.2081353273756925
12,3,10,2.0,0.35,14,0.2558094818622989,1.021965455365112,-0.2503112806008763,0.6842570538083321,0.3331349519764333,-0.12860232573152663,-0.022825366930023128,0.5672016651037202,0.2163648293986773
12,3,10,2.0,0.35,20,0.25764192733566005,1.1136872333563892,-0.23134136732373986,0.6842570538083321,0.3331349519764333,-0.0998512924114191,-0.02209005277391074,0.5484732871097331,0.20034910679085072
12,3,10,2.0,0.4,10,0.2613839287057136,1.1843669795214828,-0.22069504910658685,0.6722275210833324,0.3354482955397733,-0.04151652538312445,-0.02995522221819824,0.5174834927880463,0.17538372627304843
12,3,10,2.0,0.4,14,0.2640972477800101,1.2049624448907184,-0.21917467129356205,0.6842570538083321,0.3331349519764333,-0.038668743526462324,-0.029710300397574718,0.5131133907606149,0.18327667493401467
12,3,10,2.0,0.4,20,0.2681022330778353,1.2429813487842034,-0.21569288496571087,0.6842570538083321,0.3331349519764333,-0.00991771020635468,-0.039284386353392486,0.5031569095107804,0.1893139366038885
12,3,10,2.0,0.42,10,0.27223749053436164,1.28232332383101,-0.21230019408914552,0.6722275210833324,0.3354482955397733,0.0035243388640919804,-0.02861075149120762,0.4935234457264035,0.19612375090653855
12,3,10,2.0,0.42,14,0.27387620282109526,1.290130365110025,-0.21228568075578821,0.6842570538083321,0.3331349519764333,-0.0016429861211612051,-0.02860844368733273,0.4934823791331948,0.20490347866857506
12,3,10,2.0,0.42,20,0.27779402810367615,1.3295278618116944,-0.2089418628092061,0.6842570538083321,0.3331349519764333,0.0275422817209785,-0.03785223818601613,0.4840531898107545,0.2104525008620779
12,3,10,2.5,0.35,10,0.2533850321311244,0.8259067042761856,-0.3067961923776704,0.6642336914833318,0.2550280529212061,-0.14280579756416123,-0.03387009086874626,0.688641474677181,0.23596543358913213
12,3,10,2.5,0.35,14,0.25618062016449583,0.8462604945485687,-0.3027207601143587,0.6762632242083315,0.25326121254978706,-0.1391938308633972,-0.03353616552092464,0.6815981016063295,0.2441993702337295
12,3,10,2.5,0.35,20,0.25801051966124455,0.9380382938523257,-0.2750532908434363,0.6762632242083315,0.25326121254978706,-0.10844658975075183,-0.03236885649423471,0.6570176414074569,0.22724509662371073
12,3,10,2.5,0.4,10,0.26155273729936024,1.110154012992418,-0.23560040700510138,0.6642336914833318,0.2550280529212061,-0.04764933847093278,-0.040182511955935696,0.6177390027587693,0.2009722867371737
12,3,10,2.5,0.4,14,0.26426435185451846,1.1300452118143238,-0.23385290171729817,0.6762632242083315,0.25326121254978706,-0.04456953498406202,-0.03982898812932589,0.6120653602334389,0.20888384718572173
12,3,10,2.5,0.4,20,0.26826685913106685,1.1670983584770724,-0.22985796970970288,0.6762632242083315,0.25326121254978706,-0.013822293871416536,-0.049792866969647465,0.599170555408739,0.2147073680328142
12,3,10,2.5,0.42,10,0.2727609218999474,1.203945736093034,-0.2265558269968988,0.6642336914833318,0.2550280529212061,-0.002489358887122095,-0.03836334196940616,0.5885905897222148,0.2257490938977067
12,3,10,2.5,0.42,14,0.27367709687345076,1.2080785955365192,-0.22653914893004803,0.6762632242083315,0.25326121254978706,-0.007981823828555057,-0.038360011503397184,0.5885373330548285,0.2307386676049894
12,3,10,2.5,0.42,20,0.2779528393055821,1.2512529304768008,-0.22213961105343089,0.6762632242083315,0.25326121254978706,0.026238575977805656,-0.047849122493671015,0.5745511266609387,0.23560582455325463
12,3,10,3.0,0.35,10,0.2562417350218993,0.8302504008506425,-0.30863187149246046,0.6855506115249981,0.2467777390751178,-0.13321500833304856,-0.04794062977388425,0.6833378983857787,0.25313794359244346
12,3,10,3.0,0.35,14,0.25900760104966447,0.8504092110688418,-0.3045681980844601,0.697580144249998,0.24508879193316835,-0.12967699366073704,-0.04747589433627675,0.6763652300915066,0.26127337915735827
12,3,10,3.0,0.35,20,0.26081824723506064,0.9414361492578379,-0.2770429491587628,0.697580144249998,0.24508879193316835,-0.09910529684895553,-0.045850092054663505,0.6520288612562608,0.2439337864007025
12,3,10,3.0,0.4,10,0.262604730165823,1.084885131650422,-0.24205763587738155,0.6855506115249981,0.2467777390751178,-0.05241443341090912,-0.05342041446782719,0.622594180607071,0.2190923204709081
12,3,10,3.0,0.4,14,0.2653057514223176,1.1042785969782873,-0.24025255234348633,0.697580144249998,0.24508879193316835,-0.04932571666968566,-0.052950769590432656,0.61680079804348,0.2269800376601987
12,3,10,3.0,0.4,20,0.26929285705202677,1.1404599363139027,-0.2361265384932435,0.697580144249998,0.24508879193316835,-0.018754019857903925,-0.06249873215148827,0.6036391013502713,0.23262083732931704
12,3,10,3.0,0.42,10,0.2741387951926664,1.1811136491989493,-0.23210196188875795,0.6855506115249981,0.2467777390751178,-0.004432437331925776,-0.05084578446415022,0.5909080125941713,0.24306945298700033
12,3,10,3.0,0.42,14,0.2750503079262736,1.1851283256158545,-0.23208483164331015,0.697580144249998,0.24508879193316835,-0.009882739668097718,-0.05084138712549935,0.5908540478865965,0.24809728615970905
12,3,10,3.0,0.42,20,0.2793045423932481,1.2273549168165703,-0.2275662390449286,0.697580144249998,0.24508879193316835,0.024142286636709587,-0.05988096623665684,0.5766850472389053,0.25273759057100476
12,3,20,2.0,0.35,10,0.24761966986428785,1.0053220723780794,-0.24630879662131158,0.6965116907583326,0.3334452832740664,-0.13076555335596218,-0.00986219538876787,0.5040703007689324,0.19525450645750286
12,3,20,2.0,0.35,14,0.2504764235582717,1.0319094503942154,-0.24273101042207085,0.7085412234833326,0.331184194466116,-0.1275022272860854,-0.009773957698760105,0.49950523586669937,0.2036769830985916
12,3,20,2.0,0.35,20,0.2528621343652371,1.1318866109489436,-0.22339882097663846,0.7085412234833326,0.331184194466116,-0.09552915601284273,-0.009425539340976563,0.48148930196596185,0.1871919933183599
12,3,20,2.0,0.4,10,0.25639824974605974,1.199571165220433,-0.21374159131187856,0.6965116907583326,0.3334452832740664,-0.04005695577579815,-0.017972640389571026,0.45608839845397764,0.16269762359656892
12,3,20,2.0,0.4,14,0.2591624983808598,1.2207197684489974,-0.21230302406763046,0.7085412234833326,0.331184194466116,-0.03726065930120592,-0.017828171867394826,0.45234783229859854,0.170755685290231
12,3,20,2.0,0.4,20,0.263737027390454,1.2658189621810136,-0.20835288083853123,0.7085412234833326,0.331184194466116,-0.0052875880279630305,-0.027482986429887335,0.44213340898826337,0.17656013323152187
12,3,20,2.0,0.42,10,0.26745176379941116,1.2996172453093922,-0.2057927168669884,0.6965116907583326,0.3334452832740664,0.004284866163885903,-0.017179100979797024,0.43555731862529945,0.1840751417182218
12,3,20,2.0,0.42,14,0.26911980725350926,1.3078101089682488,-0.20577896241054594,0.7085412234833326,0.331184194466116,-0.0008065896340249123,-0.01717773781473797,0.4355220816350591,0.19295666236921316
12,3,20,2.0,0.42,20,0.2735845345629304,1.3544173937909705,-0.2019942565837671,0.7085412234833326,0.331184194466116,0.031594011462437344,-0.026500413356522978,0.4258637124400324,0.19821382592048864
12,3,20,2.5,0.35,10,0.25186127982008855,0.9655314945813342,-0.26085247475981976,0.6793547569083325,0.33226027356366505,-0.12686425748308072,-0.0247226988775453,0.5305249394043576,0.22760306036499678
12,3,20,2.5,0.35,14,0.25467287884425316,0.9903398338418797,-0.2571570587606142,0.6913842896333324,0.32997823962031214,-0.12357583513593795,-0.024499408220373442,0.5256012847841458,0.23588941741205716
12,3,20,2.5,0.35,20,0.2565131479664966,1.1080909487213964,-0.23149105970270936,0.6913842896333324,0.32997823962031214,-0.09487436846000274,-0.023715906658485553,0.5083442892409564,0.21911354734229982
12,3,20,2.5,0.4,10,0.25987871611067037,1.1736987309846196,-0.22141858830558442,0.6793547569083325,0.33226027356366505,-0.03953446672092609,-0.03151973278992848,0.4812839072670103,0.1933434691739795
12,3,20,2.5,0.4,14,0.2626072910878776,1.194260328253622,-0.219891161813849,0.6913842896333324,0.32997823962031214,-0.0367019415830957,-0.03126298869074562,0.4772283278175098,0.2013083150518573
12,3,20,2.5,0.4,20,0.2666344530288671,1.2321749421904997,-0.21639334148027517,0.6913842896333324,0.32997823962031214,-0.008000474907160604,-0.04075717321033068,0.46798786906762047,0.20723899560359915
12,3,20,2.5,0.42,10,0.2707921891056988,1.2714133436288444,-0.21298517155153396,0.6793547569083325,0.33226027356366505,0.005428339798122961,-0.03011016873561645,0.4590464570919357,0.21396026238137278
12,3,20,2.5,0.42,14,0.2724396933401161,1.2792362099732204,-0.21297059230821752,0.6913842896333324,0.32997823962031214,0.00025998359321777187,-0.030107748785391686,0.4590083390938591,0.22292805812428074
12,3,20,2.5,0.42,20,0.2763782764053466,1.3185253065315694,-0.20961165859786957,0.6913842896333324,0.32997823962031214,0.0293949361729422,-0.039276564366139355,0.450255818125471,0.22835753384654955
12,3,20,3.0,0.35,10,0.26026935105176685,0.983524070708337,-0.26462936577070256,0.7011080543833323,0.2604856101788815,-0.11772445319417357,-0.03205272399893966,0.6428002825296057,0.2379896841305198
12,3,20,3.0,0.35,14,0.2633498488003012,1.019923456438817,-0.258205502714702,0.7131375871083321,0.2587184874133137,-0.11155651698183644,-0.031653102830290436,0.6345036368504366,0.24547820992084501
12,3,20,3.0,0.35,20,0.26513139599465396,1.1218520054871162,-0.2363336649556837,0.7131375871083321,0.2587184874133137,-0.08158795686803144,-0.03061116633960126,0.6129063866088642,0.22901235006969167
12,3,20,3.0,0.4,10,0.2662251452851694,1.1616400415959725,-0.22918041368426295,0.7011080543833323,0.2604856101788815,-0.04101873092439268,-0.03888854711437184,0.5900438778666184,0.20607122011935108
12,3,20,3.0,0.4,14,0.2692382409692393,1.186228836090526,-0.22696990056031033,0.7131375871083321,0.2587184874133137,-0.03526890809118355,-0.03844605708365789,0.5830457907981899,0.21341494125422522
12,3,20,3.0,0.4,20,0.2731678266202682,1.2238439783029467,-0.22320478056284476,0.7131375871083321,0.2587184874133137,-0.005300347977378439,-0.0481160614482431,0.5711978913457239,0.2190730381171453
12,3,20,3.0,0.42,10,0.2765321961053804,1.253471466962794,-0.22061307608016617,0.7011080543833323,0.2604856101788815,0.002991293459218225,-0.03718216549579978,0.5630945580760038,0.22637499188720267
12,3,20,3.0,0.42,14,0.2784815246650221,1.2653995010361492,-0.22007399594909954,0.7131375871083321,0.2587184874133137,0.00039221080964013666,-0.0370755651924638,0.5614143494027635,0.23476584670944756
12,3,20,3.0,0.42,20,0.28268258351775044,1.3092024496110537,-0.2159196872888006,0.7131375871083321,0.2587184874133137,0.03374597106924271,-0.04629863711078064,0.5485269784988689,0.2394862971342866
12,5,10,2.0,0.35,10,0.23390156550691743,1.0473806008821276,-0.2233205057549474,0.45407662725833364,0.29303588430800587,-0.11652588683014709,0.23971312693335478,0.3562695579966866,0.15553231512853327
12,5,10,2.0,0.35,14,0.2379686923213462,1.1086297750718141,-0.2146511826330221,0.5157657728416671,0.2816602036073148,-0.11648896259604868,0.23233951288950916,0.34731852265502616,0.155628495322927
12,5,10,2.0,0.35,20,0.236607816610789,1.1022898346444474,-0.2146511826330221,0.5157657728416671,0.2816602036073148,-0.10768463485138502,0.2300312113511116,0.34449497811916063,0.14145574007271877
12,5,10,2.0,0.4,10,0.23370014795790528,1.0464786794560978,-0.2233205057549474,0.45407662725833364,0.29303588430800587,-0.048121112294480795,0.20139307377386828,0.33866202508373044,0.11198148032804611
12,5,10,2.0,0.4,14,0.2377703836598688,1.1077059103204308,-0.2146511826330221,0.5157657728416671,0.2816602036073148,-0.0501709697285595,0.19567067522020576,0.3305638261790662,0.11285416228497924
12,5,10,2.0,0.4,20,0.24444623051238357,1.1388068191094036,-0.2146511826330221,0.5157657728416671,0.2816602036073148,-0.041366641983895835,0.20117095744139069,0.3260001672565713,0.13574807392542043
12,5,10,2.0,0.42,10,0.23347054708023318,1.0454505567725318,-0.2233205057549474,0.45407662725833364,0.29303588430800587,-0.051317738070885355,0.2020716764173982,0.3396174153435967,0.11312822482531826
12,5,10,2.0,0.42,14,0.23958576493067474,1.116163265404794,-0.2146511826330221,0.5157657728416671,0.2816602036073148,-0.03604141271137706,0.19280256449577005,0.32647664776173024,0.11180582948190909
12,5,10,2.0,0.42,20,0.2459159625228271,1.1456538906811278,-0.2146511826330221,0.5157657728416671,0.2816602036073148,-0.02964082172916227,0.19874000760317312,0.32269388902712826,0.13471073221364827
12,5,10,2.5,0.35,10,0.26078284903724347,1.2897249941507996,-0.20220035295892835,0.5097113339250003,0.35868385916214796,-0.10504416537935268,0.2365218394639388,0.3943661867690269,0.15388006007998056
12,5,10,2.5,0.35,14,0.264823187821116,1.3457094936273155,-0.1967907554157873,0.5714004795083338,0.3452307141386053,-0.10246020049438531,0.2291757651486841,0.38434215313365816,0.15370005645489693
12,5,10,2.5,0.35,20,0.2638375654048062,1.340701014371126,-0.1967907554157873,0.5714004795083338,0.3452307141386053,-0.0924425515863454,0.2266303094869475,0.38084148797137307,0.1410104461042967
12,5,10,2.5,0.4,10,0.2598486817360359,1.2851049858890073,-0.20220035295892835,0.5097113339250003,0.35868385916214796,-0.04744414838199673,0.20289563026690716,0.37831599131063,0.1151727967720575
12,5,10,2.5,0.4,14,0.26390306555049126,1.3410338559497188,-0.1967907554157873,0.5714004795083338,0.3452307141386053,-0.04647676264685152,0.19700117407828976,0.36908173182370296,0.11568597700943095
12,5,10,2.5,0.4,20,0.2702990243804879,1.3735351734861194,-0.1967907554157873,0.5714004795083338,0.3452307141386053,-0.03645911373881161,0.20163233587628326,0.3638073265963848,0.13639988496450894
12,5,10,2.5,0.42,10,0.2600003034281191,1.2858548445804705,-0.20220035295892835,0.5097113339250003,0.35868385916214796,-0.0536963004143568,0.2042361452915089,0.38040378946977715,0.12038872958222213
12,5,10,2.5,0.42,14,0.2651411082910957,1.347325019058416,-0.1967907554157873,0.5714004795083338,0.3452307141386053,-0.03670322044897245,0.19500241385323913,0.36593038999200567,0.11496503805066016
12,5,10,2.5,0.42,20,0.2716330996581533,1.3803143297266993,-0.1967907554157873,0.5714004795083338,0.3452307141386053,-0.0256714600266138,0.19939988580695212,0.36043024034210047,0.13547199505224428
12,5,10,3.0,0.35,10,0.2862600684718908,1.6342861546911378,-0.17515908560455914,0.5424623028666671,0.40493607033382073,-0.0740543697475673,0.2874031179489118,0.33746453024540446,0.188325070376969
12,5,10,3.0,0.35,14,0.28993898153217734,1.7184862234077367,-0.1687176641761096,0.6041514484500001,0.39004467105757157,-0.07242835541466974,0.27921442091921245,0.32990882265376764,0.18757963194087401
12,5,10,3.0,0.35,20,0.2890409776431315,1.713163698979539,-0.1687176641761096,0.6041514484500001,0.39004467105757157,-0.06292615420385028,0.27636686166602575,0.3272590891179179,0.17569682881132387
12,5,10,3.0,0.4,10,0.282552094775679,1.6131169776346705,-0.17515908560455914,0.5424623028666671,0.40493607033382073,-0.04313260629488813,0.2596034543819614,0.3317569436501584,0.15400320831231706
12,5,10,3.0,0.4,14,0.2862811157340528,1.6968058272501272,-0.1687176641761096,0.6041514484500001,0.39004467105757157,-0.04232977617082623,0.25248058090808034,0.32445189000201635,0.15383766511537078
12,5,10,3.0,0.4,20,0.29217475514375235,1.7317377914785301,-0.1687176641761096,0.6041514484500001,0.39004467105757157,-0.03282757496000699,0.25631188694175,0.3202633248657838,0.17285217081291826
12,5,10,3.0,0.42,10,0.2826644884508991,1.613758643893844,-0.17515908560455914,0.5424623028666671,0.40493607033382073,-0.04927613089871097,0.26128099742160393,0.3334656316869453,0.1590415927380362
12,5,10,3.0,0.42,14,0.2873943910335741,1.7034042786035035,-0.1687176641761096,0.6041514484500001,0.39004467105757157,-0.03327508378671218,0.2501157572082422,0.3220085508951085,0.1529613808118202
12,5,10,3.0,0.42,20,0.29337979360304,1.7388801287386633,-0.1687176641761096,0.6041514484500001,0.39004467105757157,-0.0228109511139577,0.2536845757150299,0.31763157521377905,0.1717742134993845
12,5,20,2.0,0.35,10,0.23499703640519032,1.1919935677618905,-0.1971462286045932,0.5821209710750008,0.2743295532456551,-0.10476434782362376,0.17079362339614867,0.34693740985194954,0.14278983631035236
12,5,20,2.0,0.35,14,0.23904730448634703,1.2577221713861206,-0.1900636801392281,0.6438101166583339,0.26447416635797993,-0.10506613796524034,0.16593324579836977,0.3384152615626259,0.14311754084913675
12,5,20,2.0,0.35,20,0.2376920346193152,1.250591561971218,-0.1900636801392281,0.6438101166583339,0.26447416635797993,-0.09681126511182103,0.16440696040385938,0.33572497344665253,0.12924081975224455
12,5,20,2.0,0.4,10,0.23424780962377745,1.188193207051387,-0.1971462286045932,0.5821209710750008,0.2743295532456551,-0.04445933906543209,0.14041034411654962,0.33140105503073336,0.10065518928418671
12,5,20,2.0,0.4,14,0.2383095988163868,1.2538408108367518,-0.1900636801392281,0.6438101166583339,0.26447416635797993,-0.046486006358696375,0.13668415210009233,0.32361652161846344,0.10171730533268364
12,5,20,2.0,0.4,20,0.24499918677349242,1.2890373720745711,-0.1900636801392281,0.6438101166583339,0.26447416635797993,-0.03823113350527707,0.1425424761014744,0.31916711249545693,0.12442518417474346
12,5,20,2.0,0.42,10,0.23401868996551012,1.1870310257614427,-0.1971462286045932,0.5821209710750008,0.2743295532456551,-0.04745059783103989,0.14085126998523845,0.33231899612516247,0.10176387751390581
12,5,20,2.0,0.42,14,0.24012126371508447,1.2633726945578845,-0.1900636801392281,0.6438101166583339,0.26447416635797993,-0.03323823775732071,0.1348111363383837,0.31968509097536013,0.10078410301016127
12,5,20,2.0,0.42,20,0.24646584746518418,1.296754052560908,-0.1900636801392281,0.6438101166583339,0.26447416635797993,-0.027237090789915985,0.1409314791605183,0.3159865860010671,0.12348614881804032
12,5,20,2.5,0.35,10,0.23702590017417524,1.165142219175366,-0.2034308741656716,0.5479065142833341,0.2964502164072782,-0.11414954964750057,0.21353099720076218,0.3139334704557333,0.15720585848113489
12,5,20,2.5,0.35,14,0.24144238584140543,1.2320125421461692,-0.19597396745719176,0.6095956598666668,0.28558361802822674,-0.11124529207705947,0.20667929635682247,0.3055332402412856,0.15693707641276688
12,5,20,2.5,0.35,20,0.2403657037642255,1.226518536533331,-0.19597396745719176,0.6095956598666668,0.28558361802822674,-0.10099922772373182,0.20430853710616437,0.3026050905673061,0.142764392317686
12,5,20,2.5,0.4,10,0.2366498047841299,1.1632934565842017,-0.2034308741656716,0.5479065142833341,0.2964502164072782,-0.05036894131952818,0.1794946277254872,0.29919107584298743,0.11358272172819239
12,5,20,2.5,0.4,14,0.24107257579864716,1.2301255055792382,-0.19597396745719176,0.6095956598666668,0.28558361802822674,-0.04929554018556459,0.17414529603573436,0.29155167535263704,0.11418291038328898
12,5,20,2.5,0.4,20,0.2480347734789483,1.26565164086464,-0.19597396745719176,0.6095956598666668,0.28558361802822674,-0.039049475832236946,0.17913852199934754,0.2871961165331627,0.13713567057213294
12,5,20,2.5,0.42,10,0.2364227813260904,1.1621774831167004,-0.2034308741656716,0.5479065142833341,0.2964502164072782,-0.05337128826961912,0.180063916551646,0.3000001407855504,0.11471881470750978
12,5,20,2.5,0.42,14,0.2428653412456825,1.239273483090215,-0.19597396745719176,0.6095956598666668,0.28558361802822674,-0.036000073591062165,0.17174348779633153,0.28809973344525,0.11313690698890855
12,5,20,2.5,0.42,20,0.2494847109007956,1.2730502634503873,-0.19597396745719176,0.6095956598666668,0.28558361802822674,-0.028015849562116335,0.17710500375583282,0.2844103562883702,0.13610347986579474
12,5,20,3.0,0.35,10,0.259297492610691,1.3555664786680368,-0.19128349416361606,0.5033830128750001,0.36178574879698133,-0.08762566848283748,0.21865571997696676,0.36613532346947797,0.1660970160265658
12,5,20,3.0,0.35,14,0.26336019099121954,1.4148950803102884,-0.18613407782396438,0.5650721584583343,0.34816384944966194,-0.08552702446306826,0.21197974613548687,0.35685709562316204,0.16568649994432505
12,5,20,3.0,0.35,20,0.2623691519809719,1.4095707516229594,-0.18613407782396438,0.5650721584583343,0.34816384944966194,-0.07549245046600273,0.20966479002201455,0.35361654023339884,0.15270111406890696
12,5,20,3.0,0.4,10,0.257128957804182,1.3442297200209257,-0.19128349416361606,0.5033830128750001,0.36178574879698133,-0.04021238733013499,0.18875056978300386,0.35446437157503463,0.12756130551735234
12,5,20,3.0,0.4,14,0.2612245677081171,1.4034215054116488,-0.18613407782396438,0.5650721584583343,0.34816384944966194,-0.039446673810450306,0.18329798715212564,0.34576119281766826,0.1278611099053346
12,5,20,3.0,0.4,20,0.2676188115117053,1.4377743970387025,-0.18613407782396438,0.5650721584583343,0.34816384944966194,-0.029412099813384773,0.1880449643042723,0.3407912834411282,0.14858333455444805
12,5,20,3.0,0.42,10,0.25629610964863003,1.339875720951672,-0.19128349416361606,0.5033830128750001,0.36178574879698133,-0.048070092766924644,0.19030861136475452,0.3569370596912689,0.12904761343499405
12,5,20,3.0,0.42,14,0.2622774747995962,1.4090782185927508,-0.18613407782396438,0.5650721584583343,0.34816384944966194,-0.03120647221850359,0.18173892185883211,0.3432583773431177,0.12717424269224709
12,5,20,3.0,0.42,20,0.2687733857607355,1.4439773141107828,-0.18613407782396438,0.5650721584583343,0.34816384944966194,-0.02015607333826197,0.18626861082515855,0.3380622843565464,0.14769686194585208
12,7,10,2.0,0.35,10,0.2552035002612012,0.9369955268880164,-0.2723636270802619,0.49360475413333416,0.3645194661583733,-0.13974593881644293,0.1800330822355547,0.44473837809766503,0.21876930239495707
12,7,10,2.0,0.35,14,0.2611700902090919,1.012498697084198,-0.25794610004063373,0.5594368978750008,0.34977481937923716,-0.1283814669126565,0.17221667783406147,0.42815968685767336,0.21943455039826643
12,7,10,2.0,0.35,20,0.2616325664270758,1.0393937491135896,-0.25171650940771956,0.5594368978750008,0.34977481937923716,-0.12173086431149605,0.170900387800498,0.4253468618828278,0.2163321542785892
12,7,10,2.0,0.4,10,0.2525431487199925,0.9409148192648676,-0.26840171240719035,0.49360475413333416,0.3645194661583733,-0.12654220727681076,0.15570804089046053,0.4428587325242983,0.20050741673614958
12,7,10,2.0,0.4,14,0.25856903483387605,1.0176001678649025,-0.2540968869692678,0.5594368978750008,0.34977481937923716,-0.1155787157733118,0.14910781177352406,0.426417291413256,0.20164879255442747
12,7,10,2.0,0.4,20,0.2617623179556423,1.0439013850280268,-0.25075387551920386,0.5594368978750008,0.34977481937923716,-0.11200977489812225,0.14850852931612102,0.4249155006146592,0.21617730428125914
12,7,10,2.0,0.42,10,0.25357982556495706,1.0039012060461727,-0.2525944027537049,0.49360475413333416,0.3645194661583733,-0.10963313946279873,0.15275097011514527,0.43551482591853174,0.19219156751320332
12,7,10,2.0,0.42,14,0.26161338132296463,1.12936641661355,-0.2316461490925352,0.5594368978750008,0.34977481937923716,-0.09161069852799231,0.1451735749895715,0.4165306988861919,0.1983296330504012
12,7,10,2.0,0.42,20,0.26187200830741,1.0477406991992104,-0.2499397117126013,0.5594368978750008,0.34977481937923716,-0.11114058777989455,0.14836330758717953,0.42455135189444326,0.21604651021907384
12,7,10,2.5,0.35,10,0.2905108039597166,1.2905326887225144,-0.2251092176884651,0.7861472521250001,0.24755731260522018,-0.08163045381074618,0.16026405712607206,0.5284607955036236,0.17574381434099595
12,7,10,2.5,0.35,14,0.295400006336048,1.3798399313386802,-0.21408280745249894,0.8451102602249998,0.23999317041095125,-0.0730643393208199,0.15477818305434043,0.5127075628924742,0.17755364160134435
12,7,10,2.5,0.35,20,0.29582678623773284,1.4195019547737517,-0.2084018167378173,0.8451102602249998,0.23999317041095125,-0.06680702164661712,0.15373198551328038,0.5096869146589778,0.17512504467415613
12,7,10,2.5,0.4,10,0.28861385712740795,1.3216787971757997,-0.21836913608974143,0.7861472521250001,0.24755731260522018,-0.06716527909894487,0.14072915614538384,0.524743903640309,0.16044985174942084
12,7,10,2.5,0.4,14,0.293536789591591,1.4146667356630998,-0.20749536423785414,0.8451102602249998,0.23999317041095125,-0.05895998112887624,0.13602237031366782,0.5092082329668304,0.16255450791753367
12,7,10,2.5,0.4,20,0.2963446769574749,1.4489488543162836,-0.20452390439779272,0.8451102602249998,0.23999317041095125,-0.0556870716824045,0.13555092818110692,0.5076453424587244,0.17465500970448322
12,7,10,2.5,0.42,10,0.28856173775042127,1.3639583042340468,-0.21156199339426865,0.7861472521250001,0.24755731260522018,-0.0596498970324425,0.13960443315870985,0.521042723801328,0.15474524481611485
12,7,10,2.5,0.42,14,0.2952779043554745,1.5178446114277548,-0.19453763720762066,0.8451102602249998,0.23999317041095125,-0.04468771447048625,0.1339902101812911,0.5024624751894922,0.16110666860370926
12,7,10,2.5,0.42,20,0.29583875345858557,1.4201694648306462,-0.2083122900363613,0.8451102602249998,0.23999317041095125,-0.059859782676571105,0.1361525563615298,0.5096395971256165,0.17511416477185482
12,7,10,3.0,0.35,10,0.30206514985581356,1.2713231556316194,-0.2375990309920387,0.7686616365416665,0.2596096464295281,-0.10278915999031568,0.1933269979296255,0.5702228530127542,0.19817225976602804
12,7,10,3.0,0.35,14,0.30688854516299413,1.3578627048402372,-0.22600852359304022,0.8303359272249997,0.25124847528446725,-0.09358995201106513,0.18632126426387652,0.5527068449817052,0.1993531270197335
12,7,10,3.0,0.35,20,0.30762470401148656,1.4127216338167419,-0.21775323365041044,0.8303359272249997,0.25124847528446725,-0.08453609749973112,0.18446343904472262,0.5480281276982886,0.19658104421827693
12,7,10,3.0,0.4,10,0.30069558265201324,1.3227662264124154,-0.2273232991951683,0.7686616365416665,0.2596096464295281,-0.08447058632644056,0.17181434228933168,0.5641842974691051,0.18283061227265995
12,7,10,3.0,0.4,14,0.3055427673566302,1.4147010592210816,-0.21597691283617093,0.8303359272249997,0.25124847528446725,-0.07574867159067844,0.16575857183194653,0.5470317280856318,0.18430804592583816
12,7,10,3.0,0.4,20,0.3082314299349844,1.447117957608978,-0.2129967555956975,0.8303359272249997,0.25124847528446725,-0.07248023277585103,0.16517446379542755,0.5453681688823733,0.1959575199550736
12,7,10,3.0,0.42,10,0.3011949011193553,1.39320299517001,-0.2161888125158682,0.7686616365416665,0.2596096464295281,-0.0722302055447891,0.16954753754322005,0.5577838283711212,0.17671289745656882
12,7,10,3.0,0.42,14,0.3072284236887297,1.5146676911785364,-0.20283552985122477,0.8303359272249997,0.25124847528446725,-0.06133607428031396,0.1632134526672533,0.5397713341582271,0.18270377119489378
12,7,10,3.0,0.42,20,0.3077654846624447,1.4205620736051057,-0.21665050079888218,0.8303359272249997,0.25124847528446725,-0.07648741819526228,0.16589116729900777,0.5474091400451078,0.19643613446456998
12,7,20,2.0,0.35,10,0.248792003920004,0.9815678885383532,-0.25346387837776424,0.5377767641916671,0.4330885309533692,-0.1327401300601888,0.13466826014735123,0.39882812904964604,0.16503270528635428
12,7,20,2.0,0.35,14,0.25490270281608596,1.0604265305302316,-0.24037752307897292,0.6036089079333331,0.41603319237108183,-0.12240106291498876,0.12928846154045304,0.38463250681966965,0.16707699817874544
12,7,20,2.0,0.35,20,0.25537618238433324,1.0890052287587206,-0.23450409202848213,0.6036089079333331,0.41603319237108183,-0.11623510278248717,0.12837865837684848,0.38221907601546845,0.16426070961532235
12,7,20,2.0,0.4,10,0.2460708865606216,0.9854573896835321,-0.2497022084736148,0.5377767641916671,0.4330885309533692,-0.12216434141754229,0.11546781691550967,0.39720720959762934,0.14720795776568352
12,7,20,2.0,0.4,14,0.25224400515252077,1.0655942806174494,-0.23671674082781316,0.6036089079333331,0.41603319237108183,-0.11212304289823061,0.11094764407702051,0.3831247035820653,0.1497059122951756
12,7,20,2.0,0.4,20,0.25551364591339176,1.0939729949986814,-0.23356485679401962,0.6036089079333331,0.41603319237108183,-0.10881417775150937,0.1105357088964638,0.38183594423652534,0.16414088204228228
12,7,20,2.0,0.42,10,0.24512401185259858,0.9866446776624804,-0.24844203531643905,0.5377767641916671,0.4330885309533692,-0.12083958637763925,0.11529382526388932,0.3966671379014801,0.14110785305672557
12,7,20,2.0,0.42,14,0.25341373502648956,1.107563929413505,-0.2288028061375033,0.6036089079333331,0.41603319237108183,-0.10381495085250969,0.10991910288441198,0.3799051737109045,0.1487891077275223
12,7,20,2.0,0.42,20,0.25562593903992736,1.0980625820102,-0.23279724054703546,0.6036089079333331,0.41603319237108183,-0.10800833000505983,0.11043584815234175,0.3815233890089935,0.1640430793604557
12,7,20,2.5,0.35,10,0.2664819502430369,1.1556473265339544,-0.2305910671227666,0.698326491125,0.36975412091785853,-0.10218196390133394,0.14730895271773847,0.36054871943487576,0.18433485349999423
12,7,20,2.5,0.35,14,0.2718198179869977,1.2388803320564596,-0.21940764652853498,0.7572894992249994,0.35781031064138813,-0.09342067710917878,0.14233412880686358,0.3498296116293058,0.18616870013992015
12,7,20,2.5,0.35,20,0.27228525699118467,1.2740881116241163,-0.2137099110391156,0.7572894992249994,0.35781031064138813,-0.08738216183985503,0.14138485560457426,0.3477740447799076,0.18341432067295682
12,7,20,2.5,0.4,10,0.26349840138793335,1.1454520191934603,-0.23003879426871915,0.698326491125,0.36975412091785853,-0.09482367738938047,0.12927593453569552,0.3603407838930974,0.1679497988984051
12,7,20,2.5,0.4,14,0.2688953624030965,1.2285736779364897,-0.2188679175145057,0.7572894992249994,0.35781031064138813,-0.08623951621941184,0.12497883192113712,0.3496338527835028,0.17014776236004736
12,7,20,2.5,0.4,20,0.27196854505906143,1.2597686018295977,-0.2158876992680035,0.7572894992249994,0.35781031064138813,-0.08308105205047323,0.12454832368114332,0.34855686500978544,0.18372398488690767
12,7,20,2.5,0.42,10,0.2644933834467478,1.224338583828604,-0.21602960728367798,0.698326491125,0.36975412091785853,-0.07995593860361427,0.12718685977655286,0.35514525195472557,0.16059670038092788
12,7,20,2.5,0.42,14,0.27182517294390385,1.3669612992591238,-0.1988535981898169,0.7572894992249994,0.35781031064138813,-0.06502814670749191,0.12214348219834892,0.34252624040222224,0.16754213938503426
12,7,20,2.5,0.42,20,0.2720741395037578,1.2645089630947794,-0.21516189085594079,0.7572894992249994,0.35781031064138813,-0.08231183326399516,0.1244439255709,0.3482955771781777,0.1836206645808529
12,7,20,3.0,0.35,10,0.2848264869106396,1.2870567247354594,-0.22130064777772915,0.8105641024083334,0.26068792773600236,-0.1017052121557479,0.1735677151365591,0.4826317439087664,0.16665169010298264
12,7,20,3.0,0.35,14,0.2898176032492794,1.3779668760969708,-0.2103226197063421,0.8695271105083331,0.2528221044439345,-0.09284578942932309,0.16763586301463662,0.4684266287480088,0.16867698516713836
12,7,20,3.0,0.35,20,0.290600864201473,1.4381700930183083,-0.20206293095108435,0.8695271105083331,0.2528221044439345,-0.08398696942704875,0.1660016358243932,0.46448856630005997,0.16594337889017052
12,7,20,3.0,0.4,10,0.2828427536699587,1.3162929187308463,-0.21487827644220123,0.8105641024083334,0.26068792773600236,-0.08794622006749742,0.15381100150784577,0.47944920947081093,0.15116820465809755
12,7,20,3.0,0.4,14,0.28787003540587985,1.4108081511379449,-0.2040461952064046,0.8695271105083331,0.2528221044439345,-0.07942214716815577,0.14867264704591143,0.46542809601811896,0.15349677282556606
12,7,20,3.0,0.4,20,0.29073640613525686,1.4459861310203452,-0.20106444999586665,0.8695271105083331,0.2528221044439345,-0.07622411575371724,0.14815795532919895,0.4640169910431957,0.16582710391299282
12,7,20,3.0,0.42,10,0.28335539545803057,1.3896862841858473,-0.20389882139769075,0.8105641024083334,0.26068792773600236,-0.0761504546334959,0.1518471335771261,0.4741045903474792,0.14498684009239104
12,7,20,3.0,0.42,14,0.2896475019660163,1.5161328460351176,-0.19104361647693457,0.8695271105083331,0.2528221044439345,-0.06547640321303971,0.14645402926465878,0.4593367178275569,0.15210594958860812
12,7,20,3.0,0.42,20,0.2902199999055237,1.4166336658002405,-0.204865948700705,0.8695271105083331,0.2528221044439345,-0.08030136294340151,0.1488147754903426,0.4658175481009066,0.1662706686763924
