ROC,ATR_P,ATR_M,MKT_T,MKT_S,Full_CAGR,Full_MaxDD,Full_Calmar,2020_CAGR,2020_Calmar,2021_CAGR,2021_Calmar,2022_CAGR,2022_Calmar,2023_CAGR,2023_Calmar,2024_CAGR,2024_Calmar,2025_CAGR,2025_Calmar
12,10,2.0,0.4,10,0.24063025195808874,-0.15572735478454616,1.5452022047828944,0.6455145858471858,4.816327563198664,0.49045774964092903,3.6089108958645766,-0.05478886536297689,-0.46485568890951684,0.0020278723128011045,0.013587167772572847,0.35135955043568434,2.2562481133889527,0.22197399274328244,3.169339336000259
12,10,2.0,0.4,14,0.24205840961015657,-0.1542771262357381,1.5689844341557617,0.6570163085625722,4.9249874990644384,0.4880773723598546,3.608130681594832,-0.04757584524304792,-0.4303151586867198,0.0020060968730850615,0.014142863467049127,0.34758767290892956,2.2530084750075625,0.2201970426323927,3.168054862455212
12,10,2.0,0.4,20,0.2447550845875226,-0.1499992792402446,1.6317084043818202,0.6570163085625722,4.9249874990644384,0.4880773723598546,3.608130681594832,-0.021748631324585377,-0.25537266021932387,0.00796814463716089,0.06154867943212003,0.33652429897313985,2.2435061066803503,0.20580782587753643,3.0301256670188232
12,10,2.0,0.45,10,0.24768212100968912,-0.14931342420984492,1.658806783920493,0.6693397033347894,5.0422483774786935,0.4855573942349465,3.6073046553321566,-0.0141253397940857,-0.15018590906643012,0.0019320379677278954,0.014992273773536381,0.33475921158244026,2.241990051155548,0.2173798475274571,3.212406064185842
12,10,2.0,0.45,14,0.2480884419795477,-0.14836022109286903,1.67220323717536,0.6570163085625722,4.9249874990644384,0.4880773723598546,3.608130681594832,-0.003250217581383996,-0.03885907821665056,0.0019178990892894099,0.014978177876198073,0.33231004511662343,2.239886424195926,0.21289824256460466,3.1627787523855866
12,10,2.0,0.45,20,0.24815223253614738,-0.1467761084660907,1.6906854605255959,0.6570163085625722,4.9249874990644384,0.4880773723598546,3.608130681594832,0.003358770906874753,0.04308744586175654,0.007771035114729763,0.0613442986121944,0.3282499623479642,2.23639913728738,0.20198024786896718,3.0273597786450948
12,10,2.0,0.5,10,0.23583103484942836,-0.15482738428840742,1.523186844067132,0.6693397033347894,5.0422483774786935,0.4855573942349465,3.6073046553321566,-0.05487555045786141,-0.40914286439299574,0.0020143517141677503,0.013546833611844946,0.349017555261526,2.2542365930008055,0.1890274609406235,2.7117156348398086
12,10,2.0,0.5,14,0.23867158876808037,-0.15380272159611139,1.5518034160334049,0.6570163085625722,4.9249874990644384,0.4880773723598546,3.608130681594832,-0.04414851507497408,-0.35646298149489697,0.0019989871988066454,0.01443576978300505,0.34635615038201806,2.251950724848389,0.19796100278696205,2.8553092069790034
12,10,2.0,0.5,20,0.2425948846926338,-0.15210091941960252,1.5949600148266334,0.6570163085625722,4.9249874990644384,0.4880773723598546,3.608130681594832,-0.03754273702646882,-0.32941337758263595,0.008097377115637627,0.0616826792437242,0.34194788158742395,2.2481644614132046,0.2082914434280998,3.0319203464569378
12,10,3.0,0.4,10,0.3118991785082663,-0.12828171592409254,2.431361135618304,1.2037933119182607,10.631166181160346,0.49431971039244105,4.289731127335902,-0.045401925138358945,-0.35392358771708654,0.12514038847754172,1.0069807032840263,0.2864864150118973,2.7067501271169747,0.2597253196010494,3.179192064789943
12,10,3.0,0.4,14,0.31299687692236144,-0.12252801211714472,2.5544924096468336,1.2162529473022894,10.78668553346618,0.4923729766635343,4.289001756818257,-0.03959481802322895,-0.3231491096531766,0.12406207224748655,1.0466774645366304,0.28428554560011254,2.7048799274076845,0.2581655570580119,3.178252504926304
12,10,3.0,0.4,20,0.3137326187446241,-0.11479896828692257,2.732887093205377,1.2162529473022894,10.78668553346618,0.4923729766635343,4.289001756818257,-0.018713446842559156,-0.182377366841525,0.11989610804167028,1.1982644726103988,0.27931980145574875,2.7006602274937035,0.24483587688283315,3.054088807392799
12,10,3.0,0.45,10,0.3174610266896001,-0.11739697666632158,2.70416697009091,1.1433683543722175,9.889218270128053,0.5040284270714421,4.293368035397082,-0.014033313863520247,-0.13337456765383812,0.12279178193007012,1.2875427141729605,0.2816875233012519,2.702672233099803,0.27377231345319153,3.9220066197955203
12,10,3.0,0.45,14,0.3195031209115773,-0.11479896828692257,2.7831532432680737,1.2162529473022894,10.78668553346618,0.4923729766635343,4.289001756818257,-0.00535006302766039,-0.05598356011999642,0.11983622266535754,1.3188892119284334,0.27562034256688084,2.6975165375595584,0.2632840586262113,3.833627427006087
12,10,3.0,0.45,20,0.31922275235245423,-0.11479896828692257,2.780710986483829,1.2162529473022894,10.78668553346618,0.4923729766635343,4.289001756818257,0.007718388859801584,0.08190280564365555,0.11678499922487062,1.2973706933062323,0.2728165338356059,2.6951339267755605,0.2515600462397878,3.691260717209262
12,10,3.0,0.5,10,0.30349478875779257,-0.14888719602216302,2.0384210117881123,1.1433683543722175,9.889218270128053,0.5040284270714421,4.293368035397082,-0.0598327333310823,-0.4018662109949047,0.12870727540163274,0.9256920607462501,0.2937370733243856,2.7129113445845325,0.23791861226265887,3.304179166863968
12,10,3.0,0.5,14,0.3090374560335063,-0.1385793358480838,2.230039956117884,1.2162529473022894,10.78668553346618,0.4923729766635343,4.289001756818257,-0.050441933517329396,-0.3639931827399278,0.1254638586494743,0.9735017346958185,0.2871458173643431,2.7073104557341896,0.24622407969871207,3.47738850868062
12,10,3.0,0.5,20,0.3133887904389736,-0.1366358717948374,2.293605524832715,1.2162529473022894,10.78668553346618,0.4923729766635343,4.289001756818257,-0.037380488116745325,-0.2735774114492655,0.12219568222635946,1.0367411267016584,0.284103916483635,2.7047255867494773,0.2596973499331581,3.696926641988666
12,10,4.0,0.4,10,0.3145278858621834,-0.12804876385908268,2.4563133323826576,1.5235795198787274,13.396369160856917,0.40317925329537685,3.14863838700602,0.00075400713416518,0.008709424711954307,0.10530042097896697,1.0670171584427368,0.2771255231982699,2.597017213650112,0.20596061609750715,2.0704373254301562
12,10,4.0,0.4,14,0.31561527574181714,-0.12761004614613616,2.4732792227061937,1.5365103186484568,13.562570852932463,0.401735039148408,3.148145865321215,0.006259192447929829,0.07714886028847462,0.10446188593028438,1.0655245191822706,0.27512352226370296,2.5953164230002725,0.20478947137020165,2.0700273654763213
12,10,4.0,0.4,20,0.31695173961240264,-0.12761004614613616,2.483752252933414,1.5365103186484568,13.562570852932463,0.401735039148408,3.148145865321215,0.02648033295396135,0.3711606672338674,0.1055455595894792,1.0970238987415175,0.2694987936991504,2.5905379208758883,0.19216033023833923,1.9732247639260145
12,10,4.0,0.45,10,0.321841073899813,-0.1339048725722366,2.4035053222293454,1.3606895612672227,11.372650674787058,0.42250009372805764,3.1552256882970027,0.03840661286654501,0.5201298226956492,0.10495783433631889,1.0664073353741632,0.2763079584736088,2.596322656212538,0.24221816365889715,3.7630410902043123
12,10,4.0,0.45,14,0.32511191386540084,-0.13113650991507064,2.4791868723359847,1.4355087442959333,12.286028059777559,0.4133565270248889,3.1521086484045937,0.0483994318682206,0.6652724575459102,0.10236972218062412,1.0618003397075064,0.2701154535973729,2.5910618087079897,0.23759016247956666,3.7553749815324076
12,10,4.0,0.45,20,0.32804796915374945,-0.12761004614613616,2.5707064534564643,1.5365103186484568,13.562570852932463,0.401735039148408,3.148145865321215,0.06008116613857939,0.8421255786683005,0.10223617340578062,1.091045091761516,0.26181800236594244,2.5840125897707313,0.22267575923107286,3.6049049219671017
12,10,4.0,0.5,10,0.3054387550320732,-0.1339048725722366,2.2810129994881296,1.3606895612672227,11.372650674787058,0.42250009372805764,3.1552256882970027,-0.031197569181551255,-0.24879513729489494,0.11241342435914903,0.932379906491726,0.29398866426556514,2.611342923948378,0.2137262567034841,3.168817425629622
12,10,4.0,0.5,14,0.3116844197462545,-0.13113650991507064,2.3767936171865034,1.4355087442959333,12.286028059777559,0.4133565270248889,3.1521086484045937,-0.020143591031740016,-0.17716246184920648,0.10944976465347667,1.0064193790244251,0.2869883626549572,2.6053960351679333,0.22426054688843355,3.385633984870452
12,10,4.0,0.5,20,0.3193081453325215,-0.12761004614613616,2.502217928570114,1.5365103186484568,13.562570852932463,0.401735039148408,3.148145865321215,-0.007091902935040029,-0.06360288553216809,0.10907464043741011,1.1033995660260243,0.2776398956864863,2.597454195221108,0.23324766884623682,3.610621880820385
12,10,5.0,0.4,10,0.31398509515643713,-0.14832976976614118,2.1168043047020872,1.537488891629677,12.614113228459773,0.40031861532634805,2.698842019086904,-0.007883417815434557,-0.08998468218386824,0.13092238778198584,1.3584455857053372,0.24110208494798013,2.8110387542741515,0.2185373918727238,2.219169273232752
12,10,5.0,0.4,14,0.31507460397854725,-0.14782277554037368,2.131434772664605,1.55043917712631,12.769548047708522,0.3988901579352577,2.6984350447831496,-0.0023667761272626597,-0.0288170311384427,0.1298726724416399,1.4290943872782846,0.23938763429512822,2.8096404730304343,0.2172789348712041,2.2187394119079187
12,10,5.0,0.4,20,0.3160704125076659,-0.14782277554037368,2.1381712753819864,1.55043917712631,12.769548047708522,0.3988901579352577,2.6984350447831496,0.017815269431071368,0.2715182942816211,0.13046566972575446,1.6287616967139789,0.23456870006827435,2.8057101858308098,0.2024794949923059,2.1009171402066764
12,10,5.0,0.45,10,0.3218411727551387,-0.1551272262178056,2.074691726281879,1.373644186188161,10.713125250067057,0.4195119290008198,2.704308838809547,0.03585777097102394,0.5278435181020315,0.12970806498633736,1.5905933671809869,0.23911850433172388,2.8094209739373524,0.25265459334003904,4.034989466748033
12,10,5.0,0.45,14,0.3247468400253979,-0.15192733400340072,2.1375142409734433,1.448574569105698,11.567351005240841,0.4104670819516012,2.701732934656863,0.040903364648055884,0.6111880341983191,0.12710441195487387,1.585019837320559,0.2348512950482553,2.8059406695950746,0.2500970767976016,4.050963931518511
12,10,5.0,0.45,20,0.3273754461717264,-0.14782277554037368,2.2146482162507692,1.55043917712631,12.769548047708522,0.3988901579352577,2.6984350447831496,0.052707506527201575,0.8033026008095883,0.1261872619689557,1.6194657253996472,0.22772474611092863,2.80012822107111,0.23291576902048106,3.865618411429087
12,10,5.0,0.5,10,0.3051938086622037,-0.1551272262178056,1.9673774623785114,1.373644186188161,10.713125250067057,0.4195119290008198,2.704308838809547,-0.03569004399815012,-0.2912676004024569,0.13922462292529447,1.106134087540024,0.254552191599297,2.8220082496261676,0.22494686846323386,3.4219540142500433
12,10,5.0,0.5,14,0.3110291710143638,-0.15192733400340072,2.0472232535022417,1.448574569105698,11.567351005240841,0.4104670819516012,2.701732934656863,-0.029551577300554244,-0.2561551683498649,0.13622932492858553,1.148171833455264,0.24972193704353418,2.8180688861076493,0.2375690934247734,3.6679395618558304
12,10,5.0,0.5,20,0.3183491791172546,-0.14782277554037368,2.153586806589938,1.55043917712631,12.769548047708522,0.3988901579352577,2.6984350447831496,-0.016332090841497227,-0.15033279107496303,0.13494509696360146,1.3334678816192955,0.24167979219216162,2.811509922555135,0.2444541390397441,3.8717879958079857
12,20,2.0,0.4,10,0.23806494297571135,-0.13820524954719748,1.7225463125003186,0.6747064247287016,5.171128481868231,0.5344259381378322,4.340702517171827,-0.023881841101171086,-0.23658771761950267,0.0010712718117322773,0.008981939282980366,0.2853130444550265,2.064415392250287,0.1809780320461829,2.8546226403413315
12,20,2.0,0.4,14,0.2395070897579996,-0.13698606978566333,1.748404711024609,0.6862636543872629,5.284055339813821,0.5318631383539907,4.33988541218234,-0.01705216294924483,-0.18143526276084648,0.0010605678426316434,0.008971334007829497,0.2824608223143199,2.061967488783897,0.17956077131622283,2.853611027931868
12,20,2.0,0.4,20,0.242803324458301,-0.13292226513357933,1.8266565365425984,0.6862636543872629,5.284055339813821,0.5318631383539907,4.33988541218234,0.01149971961234808,0.15749951732414436,0.006874084213435827,0.059925558694339465,0.2730023587854076,2.0538497332335988,0.16591813807394074,2.7052951083968075
12,20,2.0,0.45,10,0.24310984970129246,-0.13449320635366382,1.8075994787573872,0.6782632537381645,5.2058000984520705,0.533634073615352,4.340450051905219,0.00604534727346584,0.08261744544533733,0.0010387598713070822,0.008949727112819238,0.27664986702178695,2.0569802335911858,0.17992088894647806,2.9042692342418643
12,20,2.0,0.45,14,0.24432097024320232,-0.13302208495839765,1.836694788836103,0.6862636543872629,5.284055339813821,0.5318631383539907,4.33988541218234,0.016522040481422362,0.22628494335112403,0.001025939481339444,0.008937024930849939,0.2732337963529883,2.0540483667688827,0.17493311262968536,2.850307836692404
12,20,2.0,0.45,20,0.2472508321223743,-0.12987442603344174,1.9037684298116473,0.6862636543872629,5.284055339813821,0.5318631383539907,4.33988541218234,0.04289761527186586,0.5875233420840045,0.006669492394341114,0.05971373590449766,0.2649187214241846,2.0469118247000635,0.162017197608614,2.7025117702217347
12,20,2.0,0.5,10,0.22732152837585584,-0.1488956100041671,1.5267174658104015,0.6782632537381645,5.2058000984520705,0.533634073615352,4.340450051905219,-0.05808570540546498,-0.4318292104261177,0.0011086352757772033,0.007445721708962247,0.2952692720082757,2.072960178058102,0.1537312338851642,2.3638316107806863
12,20,2.0,0.5,14,0.23109479325931392,-0.14078946343147258,1.6414210810015357,0.6862636543872629,5.284055339813821,0.5318631383539907,4.33988541218234,-0.04747741900042601,-0.3831664858301101,0.00109404418087089,0.00791285071510257,0.2913811498286982,2.069623270995163,0.16221411078201542,2.51888809391965
12,20,2.0,0.5,20,0.23809971398278185,-0.13676483672703824,1.740942479666704,0.6862636543872629,5.284055339813821,0.5318631383539907,4.33988541218234,-0.02112153457245225,-0.1939450237595757,0.007100466522423243,0.06015994211196439,0.28194398117530683,2.061523911574026,0.17017675010575872,2.708333573864184
12,20,3.0,0.4,10,0.2842130732672099,-0.14163858064894655,2.0066077474444373,1.1437613786023917,11.696433321176029,0.43439221462415545,3.0669060127113488,-0.041278459168692994,-0.4155435100089458,0.06843425090936583,0.569114949505791,0.27423585344579005,2.8917710607504286,0.25245587759426247,3.2888340921807306
12,20,3.0,0.4,14,0.2854268527446755,-0.14120648126938634,2.0213438517751396,1.1561271162661608,11.873688751420493,0.43264878390498107,3.063944232698472,-0.035126617682628924,-0.3772400576564118,0.06781149925744301,0.5950102465455988,0.27189446422265884,2.8898885721737577,0.25075397651491493,3.287867674567728
12,20,3.0,0.4,20,0.2862400520506554,-0.14120648126938634,2.0271027893158924,1.1561271162661608,11.873688751420493,0.43264878390498107,3.063944232698472,-0.012963750265244989,-0.1818307837997239,0.06466683809879825,0.6474784678332308,0.2666264731190946,2.885653038760671,0.2359299786894009,3.1397870934461296
12,20,3.0,0.45,10,0.2873838667135957,-0.14378212048274958,1.9987455029088608,1.0837973723839927,10.851216382866232,0.44309096910705437,3.0816833666061747,-0.007895009674356301,-0.10721938977337311,0.06707865682962622,0.7156468143468883,0.2691357557455083,2.8876705419844524,0.25157691409059035,3.3241992852896787
12,20,3.0,0.45,14,0.29033849295278435,-0.14120648126938634,2.0561272424804056,1.1561271162661608,11.873688751420493,0.43264878390498107,3.063944232698472,0.001219908371369316,0.019184071564914654,0.0653768183214618,0.7153166450417301,0.26271511913360013,2.88250822111863,0.24402180996061218,3.284044710678711
12,20,3.0,0.45,20,0.2900268752871291,-0.14120648126938634,2.053920419798798,1.1561271162661608,11.873688751420493,0.43264878390498107,3.063944232698472,0.01509064823133266,0.2373129674533523,0.06289936182328626,0.6470526774607207,0.25975823435948486,2.8801307967764234,0.23108588758877224,3.137037693045626
12,20,3.0,0.5,10,0.27186609648826465,-0.14378212048274958,1.8908199126252425,1.0837973723839927,10.851216382866232,0.44309096910705437,3.0816833666061747,-0.05909760007622944,-0.4764218074210809,0.07068713961451878,0.5089231212794492,0.2826840101224146,2.898563324988638,0.2133971577236009,2.717374629072658
12,20,3.0,0.5,14,0.2783263735891177,-0.14120648126938634,1.9710594803232948,1.1561271162661608,11.873688751420493,0.43264878390498107,3.063944232698472,-0.04914310523009524,-0.4342708373188743,0.06879985376483799,0.5384705907641869,0.27560919119297345,2.892875225754108,0.22457967820086489,2.9146914867731013
12,20,3.0,0.5,20,0.28318870865553514,-0.14120648126938634,2.0054937005000677,1.1561271162661608,11.873688751420493,0.43264878390498107,3.063944232698472,-0.0352806348357122,-0.31983663016081976,0.06614584792252631,0.5716764462705993,0.2723567409689003,2.890260245892275,0.23993207774795677,3.1420585185020236
12,20,4.0,0.4,10,0.32043988348813257,-0.1302048625496443,2.461043905836894,1.3478908025579934,10.352077304671104,0.4731771506511451,4.281191493099143,0.02167355730769338,0.31968681955923467,0.09451196318156385,0.9679878525166988,0.2797625644915096,2.5488205512458912,0.22471956900490198,2.58453976146451
12,20,4.0,0.4,14,0.32150451385812207,-0.12968285944743663,2.4791596609452853,1.3605684914605032,10.49150594965075,0.47139418926789833,4.280535446832732,0.027140144759776774,0.4292997704449941,0.09377265665474166,0.9666860549833463,0.2777580240482438,2.5470788195382617,0.22345478197263824,2.5839382560970385
12,20,4.0,0.4,20,0.32281314872566313,-0.12968285944743663,2.489250700525358,1.3605684914605032,10.49150594965075,0.47139418926789833,4.280535446832732,0.0474170018587563,0.7500368252759964,0.09504198014869503,0.9981313425535935,0.272124884919726,2.542184183850684,0.2106532035180375,2.473956033417714
12,20,4.0,0.45,10,0.32373901678412387,-0.13723165717235988,2.359069499375898,1.1882743313076305,8.65889369691998,0.49709387379820646,4.289988431844285,0.043767419009638875,0.6687244933878335,0.09567159275832426,0.9700297663366388,0.28290141918546863,2.551547866408395,0.2534190479808036,3.962620460099365
12,20,4.0,0.45,14,0.3267246380438058,-0.13389613584619653,2.44013492980191,1.2615698853735964,9.422003685175302,0.4857604237822406,4.285820575223589,0.053703921320651604,0.8329289427215849,0.09331830755275261,0.9658860198334669,0.2765247930992032,2.5460072698498126,0.24716291034886662,3.9316169293490106
12,20,4.0,0.45,20,0.3296439741200776,-0.12968285944743663,2.541924010039968,1.3605684914605032,10.49150594965075,0.47139418926789833,4.280535446832732,0.06530871451031017,1.0330459323447034,0.09346318352722327,0.995309520313552,0.26798326124838434,2.538585489373129,0.23200379911111035,3.7793225856760513
12,20,4.0,0.5,10,0.3069988223758675,-0.13723165717235988,2.237084567085595,1.1882743313076305,8.65889369691998,0.49709387379820646,4.289988431844285,-0.025000947565266052,-0.21776542558274706,0.10234288823528015,0.9332172448592833,0.30083335935883593,2.5671283875626063,0.2221240399858091,3.318042750263822
12,20,4.0,0.5,14,0.31350914504654903,-0.13389613584619653,2.3414353451295256,1.2615698853735964,9.422003685175302,0.4857604237822406,4.285820575223589,-0.014013218656924509,-0.13581716552458203,0.09965458340140532,0.9770431130067956,0.2936330528718747,2.5608723274590237,0.23412219745085983,3.560564521702604
12,20,4.0,0.5,20,0.3210837735671339,-0.12968285944743663,2.475915282368341,1.3605684914605032,10.49150594965075,0.47139418926789833,4.280535446832732,-0.0010514317008482044,-0.010393082435738513,0.09960150682292568,1.0062806493015433,0.28402032169203406,2.5525200637892036,0.24285765395235437,3.7864057414781134
12,20,5.0,0.4,10,0.31401877183849214,-0.12046983370917554,2.606617459077434,1.538313997132982,12.769287960059804,0.41600132900887243,3.963639595921847,-0.006193247335194552,-0.06725582752008648,0.10435627839836825,1.0454095546595294,0.2633567271986357,2.560556918047156,0.2099329709477109,2.1466673303561685
12,20,5.0,0.4,14,0.31510814904860673,-0.12000355558501757,2.6258234392510613,1.551265436149877,12.926828947587886,0.41451714273962015,3.963041149862006,-0.0007421393987717684,-0.008560165601213211,0.10353033718244076,1.0615211686801556,0.2614642699056351,2.5589582633826704,0.20873269789058857,2.146257535758362
12,20,5.0,0.4,20,0.3164470425900632,-0.12000355558501757,2.636980554845923,1.551265436149877,12.926828947587886,0.41451714273962015,3.963041149862006,0.019215769829725504,0.2729093320730175,0.10462554478073804,1.0930991850344245,0.2561465297733161,2.5544660626334545,0.19597131163945103,2.0472726688604386
12,20,5.0,0.45,10,0.32151076729259787,-0.12676255743963805,2.5363228210798385,1.374454314810282,10.842746806088787,0.4359432618913095,3.971678227252161,0.0321626052973536,0.44147638533289885,0.1038901185856329,1.0621499049009147,0.26228896918710976,2.5596549295192808,0.2461609209311788,3.945507639889061
12,20,5.0,0.45,14,0.32415276606976784,-0.12379068849108096,2.6185553212519923,1.4493916371676243,11.708405978144729,0.4265456689751317,3.9678905599354266,0.03720676049029725,0.5182628911904437,0.10182144562274864,1.0585347877581412,0.2575398912942879,2.555643120336223,0.24226263851144214,3.938064413506788
12,20,5.0,0.45,20,0.32711726887119696,-0.12000355558501757,2.7258964726211623,1.551265436149877,12.926828947587886,0.41451714273962015,3.963041149862006,0.048953073731211605,0.6952493068604257,0.1016914797853854,1.0878935065471875,0.24961420390901212,2.5489477585504843,0.22709552155849977,3.7821452780872007
12,20,5.0,0.5,10,0.3052588168975876,-0.13065019954878151,2.3364588646005977,1.374454314810282,10.842746806088787,0.4359432618913095,3.971678227252161,-0.03550344902336744,-0.27676994903626556,0.11109641188112307,0.8503348044228777,0.27869699332058695,2.5735153734271643,0.21774486354761113,3.3321101477331063
12,20,5.0,0.5,14,0.31081266232891114,-0.12379068849108096,2.5107919353021853,1.4493916371676243,11.708405978144729,0.4265456689751317,3.9678905599354266,-0.02943747298144772,-0.24296334636244132,0.10873407035519222,0.8804524043497358,0.2733412382079987,2.5689912305646656,0.22888579097888084,3.554597768451095
12,20,5.0,0.5,20,0.31847900549661,-0.12000355558501757,2.6539130773586184,1.551265436149877,12.926828947587886,0.41451714273962015,3.963041149862006,-0.016367303405604883,-0.1430141853942423,0.10836829565884942,1.019712713744236,0.26443000843257325,2.56146357017125,0.2377960340626608,3.7878649316160167
14,10,2.0,0.4,10,0.25163911246662085,-0.14090796681726506,1.7858402058483767,0.8352297001136706,8.562259892540308,0.41906007072303564,3.373213225454821,-0.05022134027596081,-0.43097228249972913,0.041252368122765004,0.30481393072489305,0.3465551674394869,2.4594433889526854,0.214005064121376,3.2057407611877444
14,10,2.0,0.4,14,0.2531580055676499,-0.1395195873256909,1.814497952726053,0.8511197439185052,8.781091078841358,0.41653732141931044,3.3731651257869206,-0.043180259029738544,-0.3948302675452217,0.040777586834329416,0.31834921931590565,0.3426729950724312,2.4560923784307382,0.21221124642294242,3.2009969644614555
14,10,2.0,0.4,20,0.25138331899636723,-0.13908955410907672,1.8073486582552962,0.8511197439185052,8.781091078841358,0.41653732141931044,3.3731651257869206,-0.015962228303213477,-0.18665672089956675,0.01547490849051858,0.11690392034275354,0.34147268479324056,2.455056290751001,0.1991839138649183,2.9802378185514358
14,10,2.0,0.45,10,0.25624488359682185,-0.13728731227465765,1.8664862713910308,0.8740826792513265,9.10077880626754,0.41295507708337786,3.3730967224650596,-0.030821175965458858,-0.27309505086459634,0.04001754093853971,0.3464967524106943,0.33645325300233586,2.4507235769116513,0.21264399416697,3.2529786517220094
14,10,2.0,0.45,14,0.25795477348527407,-0.13526030839479944,1.90709881225727,0.8511197439185052,8.781091078841358,0.41653732141931044,3.3731651257869206,-0.007574528681723702,-0.08356932107483604,0.03933090896776892,0.3645872935135097,0.3308289549735479,2.4458687023536894,0.20667474706677647,3.1863554684225823
14,10,2.0,0.45,20,0.2539669914153242,-0.1368013922013659,1.8564649622972804,0.8511197439185052,8.781091078841358,0.41653732141931044,3.3731651257869206,0.003013059470781121,0.035512204912547085,0.015185492931406586,0.11682615235302145,0.33510294468205726,2.449558000029706,0.19638827734579922,2.973277591483296
14,10,2.0,0.5,10,0.2512897000911547,-0.1402361395921487,1.7919040043599679,0.8740826792513265,9.10077880626754,0.41295507708337786,3.3730967224650596,-0.05483146244301429,-0.40218182330334684,0.041022426256987155,0.29519323405462145,0.3446752896458034,2.4578207204521516,0.20711421833889032,3.0975671990418006
14,10,2.0,0.5,14,0.25209157832463047,-0.1381217940583648,1.8251397619271188,0.8511197439185052,8.781091078841358,0.41653732141931044,3.3731651257869206,-0.03173904421424756,-0.2777876765919135,0.04030118800189797,0.34473299131490015,0.33877516844508215,2.4527278316550767,0.1959269003140618,2.94100796720245
14,10,2.0,0.5,20,0.2506718300392661,-0.13972915948964482,1.7939836677958627,0.8511197439185052,8.781091078841358,0.41653732141931044,3.3731651257869206,-0.02115447634926937,-0.19568747163658393,0.015556045877727076,0.1169257225196427,0.3432583207767945,2.456597620929889,0.19996292418371864,2.9821772958833566
14,10,3.0,0.4,10,0.317632219000463,-0.1290343301531449,2.4616101670267128,1.5257453945847113,14.694840528563283,0.43467095053445637,3.368645770614421,-0.03941755011718795,-0.33378474288404986,0.1593979562523884,1.315265410586968,0.2551773717477779,3.091423464526255,0.21700460257168896,3.83961741107438
14,10,3.0,0.4,14,0.318824582158008,-0.12841729136276445,2.4827231502443414,1.543086929777219,14.948682866334341,0.43258731049124144,3.368606407288492,-0.033909444308076964,-0.301261203932757,0.15796619258099165,1.3659436691822513,0.25317812397929673,3.0897686135287863,0.2156429604537453,3.8383763624117355
14,10,3.0,0.4,20,0.31681275828434163,-0.12841729136276445,2.467056849761619,1.543086929777219,14.948682866334341,0.43258731049124144,3.368606407288492,-0.012478063522676996,-0.12913810630031888,0.13095372729221344,1.115893679806799,0.2535817346718967,3.0901026977107287,0.20654621164192632,3.6652088424727554
14,10,3.0,0.45,10,0.3207281257184551,-0.13166507385520448,2.4359392838769693,1.4539845454574092,13.66350774222433,0.44355503319468004,3.3688131575612,-0.025933342501659462,-0.23201416125617952,0.15945008797964944,1.457353403660505,0.25525007880936856,3.0914836466633195,0.2338511068686251,4.653922951191639
14,10,3.0,0.45,14,0.32442270062206924,-0.12841729136276445,2.5263163330988774,1.543086929777219,14.948682866334341,0.43258731049124144,3.368606407288492,-0.00737857750637827,-0.07699693071783473,0.15378834625029003,1.7043489097463613,0.24731782281505255,3.0849177727327444,0.2223406992536019,4.499943158157216
14,10,3.0,0.45,20,0.3216736411355321,-0.12841729136276445,2.5049090953557034,1.543086929777219,14.948682866334341,0.43258731049124144,3.368606407288492,0.00825991985469976,0.08619391423853945,0.12828901631220946,1.3158774216643163,0.2489641662769415,3.0862805350463076,0.2142947499461192,4.283158619915874
14,10,3.0,0.5,10,0.31446640071072784,-0.13963100350117086,2.252124476840066,1.4539845454574092,13.66350774222433,0.44355503319468004,3.3688131575612,-0.05502351461041599,-0.3940637339181953,0.16430580712621357,1.1969805380128635,0.26199551297812707,3.0970670213855365,0.22590905273416073,4.368837948740027
14,10,3.0,0.5,14,0.3186817692588677,-0.12841729136276445,2.4816110500152777,1.543086929777219,14.948682866334341,0.43258731049124144,3.368606407288492,-0.03597150771384605,-0.2919330679740927,0.15830049186090278,1.3458438419199619,0.25364533798783095,3.0901553446009133,0.21668982737817077,4.272271997234714
14,10,3.0,0.5,20,0.31780814412028935,-0.12841729136276445,2.4748080320625747,1.543086929777219,14.948682866334341,0.43258731049124144,3.368606407288492,-0.02033828652391312,-0.1650589246771185,0.1319930549949606,1.056942421091615,0.25537729371705264,3.0915889467909166,0.21870806838623102,4.294866309583246
14,10,4.0,0.4,10,0.32127665991899,-0.1220237573563546,2.632902533731551,1.8015916717865013,16.67672868172379,0.3947240612916807,3.234813202308958,-0.015627597331164922,-0.16192799129281452,0.1677142820402071,1.889355652332627,0.23604021955376764,3.194560145014079,0.16222048800028332,1.8623217628596238
14,10,4.0,0.4,14,0.3224536027290026,-0.12149021056982547,2.654152966042273,1.8194324309232415,16.931595366666894,0.39296430987985964,3.234534766519371,-0.01043536641572207,-0.11429291482432442,0.16630743805883919,1.989653724487606,0.23432656480770198,3.193186633208594,0.16126316824932108,1.861909683274338
14,10,4.0,0.4,20,0.3204824475357111,-0.12149021056982547,2.6379281592529344,1.8194324309232415,16.931595366666894,0.39296430987985964,3.234534766519371,0.010063924506049204,0.12892695123030712,0.1408764274298795,1.6532380249025482,0.23467267952932613,3.193464048286089,0.15271783384189752,1.7591911634015511
14,10,4.0,0.45,10,0.3263856603038404,-0.12776179069289398,2.5546421863199025,1.6209445535243532,14.187098633676415,0.4136682588766336,3.237808867840497,0.001867884718135704,0.021264409630943015,0.1704348973946077,2.2876271400191905,0.2393431352486799,3.197207445173263,0.2018871172447576,3.709835206728078
14,10,4.0,0.45,14,0.33114645561575307,-0.12480161705423307,2.6533827319869743,1.711650637820115,15.416384318031922,0.4038908759781332,3.236263163181778,0.02156788792093911,0.2823971053556074,0.16435644682236905,2.4016526008394403,0.2319436299598212,3.191276674411547,0.1958825688380752,3.688942297939422
14,10,4.0,0.45,20,0.3311640836456984,-0.12149021056982547,2.7258499437315953,1.8194324309232415,16.931595366666894,0.39296430987985964,3.234534766519371,0.036106865677904665,0.48182154418648027,0.1373729636035581,1.7552158484092015,0.22949496316531026,3.1893140156930437,0.18561183736494824,3.5247707058317053
14,10,4.0,0.5,10,0.3192537015498935,-0.12776179069289398,2.498819872658925,1.6209445535243532,14.187098633676415,0.4136682588766336,3.237808867840497,-0.038137811705311386,-0.30275530881520485,0.1774474786067961,1.5754747036759242,0.24779023226564512,3.2039777048423677,0.1983961273683954,3.5488801965760763
14,10,4.0,0.5,14,0.32401097617680974,-0.12480161705423307,2.5962081567902233,1.711650637820115,15.416384318031922,0.4038908759781332,3.236263163181778,-0.017771500777367777,-0.16118475173685518,0.17086822124636725,1.8575459616176508,0.2398678678251014,3.1976280179496013,0.19166746763208709,3.5160396173630453
14,10,4.0,0.5,20,0.3258804872271466,-0.12149021056982547,2.682360049411961,1.8194324309232415,16.931595366666894,0.39296430987985964,3.234534766519371,-0.0024728957283466357,-0.022858590955557482,0.14262786057411225,1.4677681808935905,0.23724997613102072,3.1955297728933223,0.19069865522317997,3.52832001602125
14,10,5.0,0.4,10,0.32425627963711134,-0.14042615855522783,2.3090874447696685,1.8500912384600467,17.007401273077345,0.40269497219538475,2.867663520376155,-0.03566153532929828,-0.3304230036210786,0.18954240401690314,1.927107038454902,0.21809707887561447,3.486462790180476,0.1760204380973387,2.0328923412064057
14,10,5.0,0.4,14,0.32542079396229373,-0.13981760366257998,2.327466538102223,1.8680160470015386,17.26285618267061,0.4009210384764581,2.867457515893318,-0.030498046209864738,-0.29685449699857885,0.18794808609568747,2.0167026487418624,0.2165382698752163,3.4852909109204173,0.17498284622617155,2.032461126284924
14,10,5.0,0.4,20,0.3231358118786216,-0.13981760366257998,2.3111239458690847,1.8680160470015386,17.26285618267061,0.4009210384764581,2.867457515893318,-0.010361642545629879,-0.12144082821901946,0.16200969141410426,1.7088546271232943,0.2168531382052723,3.4855276227454355,0.1647651065826441,1.9093627191440008
14,10,5.0,0.45,10,0.3293972663769402,-0.14745743833829003,2.2338463904496444,1.6557593563036113,14.340432003037042,0.423209337188736,2.870044006988842,-0.01418677636911303,-0.14912934379529721,0.19212310852023662,2.403769342199351,0.2206119128711781,3.4883533742115533,0.21402762546434917,3.9380791874533236
14,10,5.0,0.45,14,0.33375415575793466,-0.1440610884915321,2.316754366169826,1.7467905212021146,15.566234453150948,0.4132960039308182,2.868894079993792,0.0008999537938225721,0.01123702673667285,0.18610709751392074,2.785869764767802,0.21473333407690243,3.483933990262349,0.2097447003818087,3.942970065717498
14,10,5.0,0.45,20,0.3337674292586472,-0.13981760366257998,2.387163136225134,1.8680160470015386,17.26285618267061,0.4009210384764581,2.867457515893318,0.015575055501071189,0.1986155618362148,0.15791546624688313,2.0630404674894023,0.21207745247910492,3.4819373260312587,0.19735794813516483,3.747124457734514
14,10,5.0,0.5,10,0.3228329397597727,-0.14745743833829003,2.189329635709148,1.6557593563036113,14.340432003037042,0.423209337188736,2.870044006988842,-0.05020309487079355,-0.3869622512826805,0.1993312272436334,1.7404053112084603,0.22758158571101172,3.493592893043639,0.21054654368017567,3.780041284811236
14,10,5.0,0.5,14,0.327137837105252,-0.1440610884915321,2.270827192344039,1.7467905212021146,15.566234453150948,0.4132960039308182,2.868894079993792,-0.03452410600254441,-0.3026195025956906,0.19286295758044747,1.9598157739330266,0.22133097174199134,3.4888939399249286,0.20542762307561557,3.7701123306432
14,10,5.0,0.5,20,0.3289824459374302,-0.13981760366257998,2.3529400970950647,1.8680160470015386,17.26285618267061,0.4009210384764581,2.867457515893318,-0.019095760869471956,-0.17094795401157117,0.1634369045890518,1.5836104874245498,0.2185104552815651,3.486773556574948,0.202287747504736,3.7504239842044234
14,20,2.0,0.4,10,0.25525466702292965,-0.12087186920902084,2.111778933289464,0.8986908147225703,9.488767136411,0.4449321517992837,3.731128870611025,-0.029597175970927814,-0.2736436928104492,0.05865799603093658,0.5730325296419072,0.2890058324905316,2.3910098717077064,0.1895886182271247,3.6583096923280576
14,20,2.0,0.4,14,0.2567530700539207,-0.11974980678351678,2.144079201046878,0.9147293536675354,9.720781457198628,0.4423158803082756,3.731074395383219,-0.022924475073843764,-0.22629363426158441,0.05802348014251324,0.6073708022374121,0.28601518558182604,2.3884396414842084,0.18805636189156183,3.653618632276368
14,20,2.0,0.4,20,0.2555487150379543,-0.1190014524501626,2.1474419830714018,0.9147293536675354,9.720781457198628,0.4423158803082756,3.731074395383219,0.006832216813831948,0.07740972589530704,0.03388601321787421,0.3287403337924157,0.2840241579403293,2.3867284986229698,0.17504305125422093,3.382171327553615
14,20,2.0,0.45,10,0.2573180942105415,-0.11977345018523507,2.1483733983832596,0.9023722302787671,9.541840979887468,0.4443283557277604,3.7311163046864984,-0.020027905753247532,-0.20288922435688322,0.05803682999961257,0.6152152807127496,0.28607813633966095,2.3884937429557898,0.19134238002393733,3.7270415574314932
14,20,2.0,0.45,14,0.26028612026975817,-0.11854919881940476,2.1955957767902956,0.9147293536675354,9.720781457198628,0.4423158803082756,3.731074395383219,0.002523102666887045,0.028587015191618364,0.05656698982636277,0.613005094438949,0.2791396014181984,2.3825305509294297,0.18450691022879906,3.642751809500889
14,20,2.0,0.45,20,0.25907285006696057,-0.11854919881940476,2.1853614587613235,0.9147293536675354,9.720781457198628,0.4423158803082756,3.731074395383219,0.0321092772166256,0.36380144479656035,0.033065469560620064,0.3285901297357765,0.27728945080643985,2.380940460510588,0.17177967420260942,3.372821482797987
14,20,2.0,0.5,10,0.24913426531964222,-0.14506162895963678,1.7174373892420822,0.9023722302787671,9.541840979887468,0.4443283557277604,3.7311163046864984,-0.06733901767410122,-0.46420971663594246,0.060946990703909076,0.4376122773971567,0.2997709526082777,2.4002615392026465,0.1900502779187465,3.5659955622868966
14,20,2.0,0.5,14,0.2510705708974288,-0.12258722681694778,2.0480973215287555,0.9147293536675354,9.720781457198628,0.4423158803082756,3.731074395383219,-0.04465178012081583,-0.36424496483219804,0.05932810644524933,0.5078794321086401,0.2921611674282609,2.393721622494721,0.1768884367510566,3.3486050590170966
14,20,2.0,0.5,20,0.2524543054529429,-0.12129489818308879,2.0813266611747783,0.9147293536675354,9.720781457198628,0.4423158803082756,3.731074395383219,-0.015081951184439002,-0.13414565901040124,0.0346312807953808,0.3151205647633275,0.2901350077769145,2.3919803068631107,0.177975099245689,3.390571845216177
14,20,3.0,0.4,10,0.29714231729379503,-0.12759388359702242,2.3288131759689557,1.391391757194648,16.013515679019566,0.4063278173748581,3.184539931852504,-0.036314283759733446,-0.3741128807337763,0.11765476517611506,1.0620896545444773,0.26705134812663944,3.6557640952387054,0.20828353659635623,3.817108302000003
14,20,3.0,0.4,14,0.2984260707308233,-0.12708031161395242,2.3483265577549814,1.4084757130695476,16.305286492628237,0.40430470596533397,3.1814897274846192,-0.0304895010140096,-0.334537250341503,0.11653930266556167,1.112016953823257,0.2647597601058551,3.6539678599051695,0.206864910302188,3.813309406981192
14,20,3.0,0.4,20,0.29605601492372235,-0.12708031161395242,2.32967649483807,1.4084757130695476,16.305286492628237,0.40430470596533397,3.1814897274846192,-0.007782823911766545,-0.10537383041461174,0.08752271034697245,0.7680265760728372,0.26558228148829266,3.654612585639548,0.1971898354509527,3.595970192089918
14,20,3.0,0.45,10,0.2976099672762016,-0.12977476625204648,2.2932807037247,1.3207108172674964,14.829032211277983,0.41496229316245836,3.1975576234637573,-0.021966030217055565,-0.24436181943623014,0.11769540130203948,1.1816191400943932,0.2671347518046374,3.655829469996072,0.2110962518729287,3.8768956166847297
14,20,3.0,0.45,14,0.30227258220494746,-0.12708031161395242,2.3785949087314036,1.4084757130695476,16.305286492628237,0.40430470596533397,3.1814897274846192,-0.0023798411913484863,-0.03260252927063857,0.11329082160061921,1.1801837190231224,0.25806235531002386,3.6487180920907796,0.20268963891782765,3.802128519543323
14,20,3.0,0.45,20,0.29909250685217637,-0.12708031161395242,2.353570769961335,1.4084757130695476,16.305286492628237,0.40430470596533397,3.1814897274846192,0.014189492170529006,0.1943883211648416,0.08564727341336797,0.7676514999460589,0.2602868497782076,3.650461778159706,0.19405825432600787,3.588083329876311
14,20,3.0,0.5,10,0.2909027854284114,-0.1304426551575716,2.2301200866925606,1.3207108172674964,14.829032211277983,0.41496229316245836,3.1975576234637573,-0.05522576607406238,-0.4507938327269827,0.12179302087368105,0.9336901393685829,0.27551669753554675,3.6623994390984653,0.20467453344405584,3.645664473241576
14,20,3.0,0.5,14,0.29572020140852495,-0.12708031161395242,2.32703396500058,1.4084757130695476,16.305286492628237,0.40430470596533397,3.1814897274846192,-0.03503722280089849,-0.3336290227636897,0.11708255316961913,1.0715952965107491,0.26587632489290947,3.6548430683762514,0.19645960754073655,3.5771766427619736
14,20,3.0,0.5,20,0.29456597313272725,-0.12708031161395242,2.3179512970314926,1.4084757130695476,16.305286492628237,0.40430470596533397,3.1814897274846192,-0.01847425219206489,-0.1759142481170198,0.0884654793386328,0.7460898845009989,0.2682381840378725,3.656694377475783,0.19875076317633278,3.599901358472719
14,20,4.0,0.4,10,0.3228465048651086,-0.1312472472273835,2.4598344855628307,1.6824891900376828,14.2680072616627,0.4288015205572897,3.267127727367864,-0.005878353470310627,-0.07077562080274302,0.15125988648573263,1.8006262201645935,0.2349951641830783,2.9353197873440746,0.18430466838397064,2.4596538160032972
14,20,4.0,0.4,14,0.3240168797117384,-0.13064544605663075,2.4801237968240173,1.7001189768501845,14.497127154668311,0.4268306279055383,3.267091512095419,-0.0006822289458767727,-0.008765398889352708,0.14999500683239964,1.9040473485850287,0.2332703043636981,2.933897652868612,0.18320400893216182,2.459000687132434
14,20,4.0,0.4,20,0.32205674345218704,-0.13064544605663075,2.465120317416846,1.7001189768501845,14.497127154668311,0.4268306279055383,3.267091512095419,0.019956810028933125,0.27499717590941714,0.12497030513377516,1.4095109164578652,0.23361865983029206,2.9341848699815793,0.1745824211853153,2.3374267292618027
14,20,4.0,0.45,10,0.324094552850158,-0.13773562126184546,2.3530191382665677,1.5040358142602321,12.034392698157323,0.4500533500246806,3.267516027455936,0.00032623245838814263,0.0038341002498315617,0.1554917576897401,1.9277459858226313,0.24074024429514984,2.940056515872872,0.2144354645172588,3.891243621760085
14,20,4.0,0.45,14,0.32863250012748146,-0.13438462789416608,2.445461994256473,1.5936269904376936,13.136199369382076,0.43907704172972073,3.2673159766123963,0.020186799615292905,0.27287522009635024,0.14990133688203167,1.9283757671529982,0.23314242942082752,2.9337922206319083,0.20662033387054657,3.843775271992376
14,20,4.0,0.45,20,0.32865028630331095,-0.13064544605663075,2.5155893008383257,1.7001189768501845,14.497127154668311,0.4268306279055383,3.267091512095419,0.034850092594646664,0.48022088849947625,0.12319108871234907,1.409099498429284,0.23063036178835294,2.9317210261677995,0.1960521402327584,3.67807071369594
14,20,4.0,0.5,10,0.3162690921209723,-0.13773562126184546,2.296204055447078,1.5040358142602321,12.034392698157323,0.4500533500246806,3.267516027455936,-0.040432299768974556,-0.32572589997291895,0.16202485850811787,1.3535616214343875,0.24953236936196022,2.9473053415308974,0.20829443790711166,3.6769709285808347
14,20,4.0,0.5,14,0.3213680251527309,-0.13438462789416608,2.391404658320166,1.5936269904376936,13.136199369382076,0.43907704172972073,3.2673159766123963,-0.019888276786769077,-0.1837076685479609,0.15596397496947545,1.5802384962004086,0.24137886890993898,2.94058304726214,0.20268907827936933,3.6705743324478535
14,20,4.0,0.5,20,0.32325519768350475,-0.13064544605663075,2.4742936507973163,1.7001189768501845,14.497127154668311,0.4268306279055383,3.267091512095419,-0.004445989904955372,-0.04186384231773674,0.12800004952649968,1.2329465935292272,0.23868720257526466,2.9383638237048935,0.20160072045272837,3.6826356873944026
14,20,5.0,0.4,10,0.32220427839180044,-0.11202041558805388,2.8762996164617074,1.8379554471609376,17.024460597930556,0.41849355301674973,3.737029401112733,-0.03394964371437359,-0.30306657528588976,0.16870560048077365,1.5586282190611134,0.237387288953113,3.405476809615894,0.1562195314456396,1.8181816694032693
14,20,5.0,0.4,14,0.32337733483414244,-0.11149196145432419,2.9004542624951757,1.8558593222607653,17.281521840500865,0.41664438260589276,3.7369903369812256,-0.028832649301566926,-0.26972864683442277,0.16730043713137377,1.6222942245646628,0.23567757706886328,3.404152040813362,0.15530599854474447,1.8178024818699665
14,20,5.0,0.4,20,0.32141269974634756,-0.11149196145432419,2.882832946463349,1.8558593222607653,17.281521840500865,0.41664438260589276,3.7369903369812256,-0.008856706493813538,-0.0986961901176541,0.14202550949958348,1.3563395399421507,0.23602291147894827,3.4044196235145296,0.14683142639846536,1.714658906807899
14,20,5.0,0.45,10,0.32752495592394815,-0.11769474568856349,2.782834135948807,1.643856896285329,14.341359600274483,0.4398816005959716,3.7374786616214704,-0.013488329877833993,-0.13432468680813922,0.17113339255449467,1.87468525130722,0.24033214348601661,3.4077586094554557,0.19522182579363,3.6179425399414433
14,20,5.0,0.45,14,0.33165062819452906,-0.11493580675431424,2.885529214611618,1.7347772699188249,15.574424735447577,0.429545238114974,3.7372621313144485,0.0014638717491235465,0.01712809414596693,0.16582195057084514,2.1883027574812757,0.2338744511618256,3.4027548818036215,0.19004173786551726,3.597776603423817
14,20,5.0,0.45,20,0.33198867893716,-0.11149196145432419,2.9776916165670695,1.8558593222607653,17.281521840500865,0.41664438260589276,3.7369903369812256,0.016009848984000596,0.1912534687090182,0.13858629398456523,1.6995692358886152,0.2309579026704356,3.4004949646724807,0.1796006816915623,3.433793274761113
14,20,5.0,0.5,10,0.3205836255909802,-0.1367720842313314,2.343925863180944,1.643856896285329,14.341359600274483,0.4398816005959716,3.7374786616214704,-0.05159544660934712,-0.37723667734769933,0.1779357944320643,1.3940148313354526,0.24852224793924682,3.414104533909106,0.19161445791127596,3.4598307118239613
14,20,5.0,0.5,14,0.3246563513623306,-0.1212435584986185,2.6777204115633895,1.7347772699188249,15.574424735447577,0.429545238114974,3.7372621313144485,-0.036021725269759,-0.2971021777636908,0.17220080882832556,1.54365495549618,0.24162324995260565,3.408759006985292,0.18557493798537217,3.42483133948317
14,20,5.0,0.5,20,0.32684794713026033,-0.11875245621760444,2.7523468359369128,1.8558593222607653,17.281521840500865,0.41664438260589276,3.7369903369812256,-0.02068504439465524,-0.174186244676502,0.14372244099651277,1.2388835066621302,0.2385115261791646,3.406347919643768,0.1843595396764781,3.436974926433365
16,10,2.0,0.4,10,0.238677844219074,-0.1895598173876771,1.2591162383900354,0.6509933409126085,5.09057982667931,0.3909126680703243,2.062212727662908,-0.05272767102245357,-0.43731541362443055,-0.011866599172562942,-0.0747867301131324,0.4658237414681481,2.61073820205999,0.2037691629189602,2.270995373885591
16,10,2.0,0.4,14,0.2418768955039723,-0.18916326522635016,1.2786673734699268,0.656166352470696,5.141787713018608,0.3900597530320433,2.062026961552515,-0.02961368001947673,-0.30290805296844997,-0.011569013901375103,-0.07450795707075954,0.4539799552132777,2.600078279393763,0.20018655367411164,2.2688607407962076
16,10,2.0,0.4,20,0.24753751007515712,-0.18916326522635016,1.3085918652279402,0.656166352470696,5.141787713018608,0.3900597530320433,2.062026961552515,0.0075641980212763915,0.08237097626140204,-0.021842740786484405,-0.1439090630274146,0.44192174580924704,2.589225163550929,0.20909913615731757,2.795609488015877
16,10,2.0,0.45,10,0.24198265812937048,-0.18964166548386355,1.275999435630144,0.6499288798512233,5.080062580444977,0.39108872818487095,2.0622510732914248,-0.03183255223175685,-0.27010788130131813,-0.011617225320077473,-0.07455312074558217,0.45589818117187697,2.601804779516704,0.2042991649387622,2.3090892035020847
16,10,2.0,0.45,14,0.24536958422198718,-0.19217185677546791,1.2768237157050268,0.6175609351118714,4.763509299855821,0.39653453399434,2.0634370747515223,0.009628992859407104,0.10493274017521044,-0.011256859404535136,-0.07421553578540864,0.44156535723834045,2.5889043891952768,0.19636885820389338,2.2665859886578548
16,10,2.0,0.45,20,0.25015880508897026,-0.18916326522635016,1.3224491805511693,0.656166352470696,5.141787713018608,0.3900597530320433,2.062026961552515,0.028419491710611533,0.3133630895407967,-0.02140496279627313,-0.14352552072721492,0.4328530243392883,2.5810626306221134,0.20608865197579695,2.793529429206051
16,10,2.0,0.5,10,0.23417371459991188,-0.18964166548386355,1.2348220735270727,0.6499288798512233,5.080062580444977,0.39108872818487095,2.0622510732914248,-0.05842593792250106,-0.405822726392689,-0.011941438205271382,-0.07485683809755705,0.4688036322167395,2.6134202024978626,0.1839638577596956,2.0418044817629792
16,10,2.0,0.5,14,0.23921706197136983,-0.19217185677546791,1.2448079858585597,0.6175609351118714,4.763509299855821,0.39653453399434,2.0634370747515223,-0.017243060758961426,-0.14595420977542575,-0.011561006820479114,-0.07450045616721891,0.4536613925109363,2.5997915563909557,0.18487606939667312,2.0962997656892393
16,10,2.0,0.5,20,0.24681558108757695,-0.18916326522635016,1.3047754319119034,0.656166352470696,5.141787713018608,0.3900597530320433,2.062026961552515,0.0018575792758921406,0.015909297731523286,-0.021965686400232887,-0.14401677706351224,0.4444701971925029,2.591518940726058,0.20993840814865505,2.7961893665925572
16,10,3.0,0.4,10,0.3220887751399564,-0.1677126384415523,1.9204800433224598,1.2234283113148567,9.337521727794247,0.4210193580830939,2.510361544576253,-0.05082690017145375,-0.3735395816702637,0.15425000281466938,1.0686780612781093,0.42205396462889433,4.464384874041016,0.2159990979730393,2.571919530631303
16,10,3.0,0.4,14,0.324444471429439,-0.16741767598537122,1.9379343878706607,1.229041246883313,9.398494998516604,0.42027713498968455,2.5103510278473102,-0.032564465933633824,-0.2747864706935804,0.15118080166373504,1.1925858647696435,0.4147427191509565,4.457684513532981,0.21334331143962282,2.5703827001459403
16,10,3.0,0.4,20,0.32725119802377156,-0.16741767598537122,1.9546992042367524,1.229041246883313,9.398494998516604,0.42027713498968455,2.5103510278473102,-0.0031885006721326103,-0.028168930090464367,0.13163263935875036,1.1644042080374903,0.4095091050065365,4.452888099908239,0.21712676005829112,2.823604315209283
16,10,3.0,0.45,10,0.32439946926371666,-0.17356425732234454,1.8690453568515555,1.116773376213461,8.208192044258935,0.4357451146842495,2.510569407588229,-0.03645773626466475,-0.27944196792431014,0.1556809471118774,1.172053992674847,0.42544958537580047,4.467496727161629,0.2352935202108486,3.4182043883169477
16,10,3.0,0.45,14,0.32920850163738735,-0.16942532801913843,1.9430890616319165,1.191298446807493,8.991447317825115,0.4253291615275665,2.5104225354046297,-0.0033338122029059614,-0.029442390496189682,0.1480330256610698,1.4860896386724087,0.40720428976950096,4.450775798193481,0.2225451114812398,3.149889500057942
16,10,3.0,0.45,20,0.33221092468131164,-0.16741767598537122,1.98432407286755,1.229041246883313,9.398494998516604,0.42027713498968455,2.5103510278473102,0.019683596003539527,0.17525179836253396,0.1287115272096302,1.3060543178697595,0.4014413501417826,4.445494153485917,0.22590970156763013,3.4944266008771954
16,10,3.0,0.5,10,0.3148646210316248,-0.17356425732234454,1.8141098051475912,1.116773376213461,8.208192044258935,0.4357451146842495,2.510569407588229,-0.06878572171507846,-0.4263235612870462,0.16102720565850137,0.9836274243934396,0.4380632435987284,4.479056006298087,0.209608236602856,2.9863119042298907
16,10,3.0,0.5,14,0.32230321594582145,-0.16942532801913843,1.90233195776616,1.191298446807493,8.991447317825115,0.4253291615275665,2.5104225354046297,-0.035132316652725315,-0.2446349834402328,0.1528587921662692,1.1759100430528289,0.41874466860480575,4.461352101499423,0.2103430908672197,2.9214149585692644
16,10,3.0,0.5,20,0.32848892550836717,-0.16741767598537122,1.962092255641335,1.229041246883313,9.398494998516604,0.42027713498968455,2.5103510278473102,-0.011857472797839996,-0.08323960579809733,0.13277495916765214,1.0943247245345986,0.41265291314236796,4.455769292694849,0.23039457139989894,3.497688450345729
16,10,4.0,0.4,10,0.3330353172695979,-0.14251377112464778,2.3368641124394425,1.4651155934818045,10.983040475404751,0.4018685246528917,2.8198574880276146,-0.017104712096060348,-0.16913292155892767,0.14656336388330327,1.399516820833476,0.4010216430242919,4.613624510419064,0.1860884946131489,2.1016755042532886
16,10,4.0,0.4,14,0.3353014399473442,-0.14228054309591934,2.3566218728958503,1.470889627531451,11.046041499403472,0.4012093477623708,2.8198468956636815,8.635952136604175e-05,0.0010205936404393424,0.14390185481559503,1.627565914529472,0.39464200830859175,4.60777894610795,0.18395765755895743,2.1008056928917416
16,10,4.0,0.4,20,0.33766480117796416,-0.14228054309591934,2.3732324450738513,1.470889627531451,11.046041499403472,0.4012093477623708,2.8198468956636815,0.02780182831085254,0.34024422499540946,0.12621046376708578,1.4307329985812556,0.3900639798167096,4.6035840937710555,0.18600295961871427,2.2314543363514576
16,10,4.0,0.45,10,0.3343521144674295,-0.151776049667096,2.202930667920228,1.2528294728221088,8.766455073384616,0.4280502624330704,2.8202754213985104,0.0019012790516768074,0.020535893633189466,0.15038185580587338,1.6416893658190626,0.4101237552040895,4.621964436785034,0.21223979837590967,3.091248681400439
16,10,4.0,0.45,14,0.34009956943798914,-0.14830713650760774,2.293211085095308,1.3286238450480519,9.535433159761544,0.4182438499913843,2.8201195157586336,0.03547369326501859,0.43838123736621276,0.14320319710626594,1.626043146117536,0.39296247599702006,4.606239995982967,0.2049464135190231,3.0744259774887452
16,10,4.0,0.45,20,0.3452136092152529,-0.14228054309591934,2.426288245066122,1.470889627531451,11.046041499403472,0.4012093477623708,2.8198468956636815,0.0561332010771729,0.713741669191298,0.12286093235844775,1.429901406143867,0.3808268523251199,4.595119917039414,0.20387031258968724,3.3003218693336636
16,10,4.0,0.5,10,0.324149415739035,-0.151776049667096,2.135708607847028,1.2528294728221088,8.766455073384616,0.4280502624330704,2.8202754213985104,-0.04200704381994569,-0.3124118569220857,0.15719940794935328,1.187812888694343,0.42622749595935816,4.6367191151602745,0.19205452591148853,2.7247700083933966
16,10,4.0,0.5,14,0.3319444862838117,-0.14830713650760774,2.23822328514032,1.3286238450480519,9.535433159761544,0.4182438499913843,2.8201195157586336,-0.007742262352329332,-0.0657147247857393,0.14937207436896638,1.520685263071208,0.40772254287732634,4.619764318493519,0.1946565828788105,2.8466024901384372
16,10,4.0,0.5,20,0.340188489823535,-0.14228054309591934,2.390969857306454,1.470889627531451,11.046041499403472,0.4012093477623708,2.8198468956636815,0.014163586732577116,0.12369260825594497,0.12788925702771947,1.4311497712254198,0.39467333101403046,4.607807646925433,0.20920592995794807,3.3033385079795226
16,10,5.0,0.4,10,0.3403618935596786,-0.18049670616937152,1.8856958710387515,1.56506629639637,11.32383582014699,0.37755567874366314,2.0917593830736094,-0.03228660289994301,-0.295226661089676,0.15410191992280398,1.3538061571243376,0.41971303523311754,4.983104191697246,0.20529443762986355,2.3934234467292823
16,10,5.0,0.4,14,0.34257035588913065,-0.18020941467840354,1.9009570421194237,1.5709036107304626,11.386090689463416,0.3769534243423214,2.0917521152544745,-0.015261555720113895,-0.1642694358450345,0.15129012905800798,1.5538106459740095,0.4130501257307655,4.9770321971841645,0.20297912549069186,2.392460809702665
16,10,5.0,0.4,20,0.3445639295943812,-0.18020941467840354,1.9120195812703789,1.5709036107304626,11.386090689463416,0.3769534243423214,2.0917521152544745,0.012157925692734883,0.14252717395135384,0.13331767765863844,1.489665638734417,0.40826853875075764,4.97267459138295,0.2032369897721238,2.522335422638218
16,10,5.0,0.45,10,0.3412213306066112,-0.19376386537944276,1.761016327468521,1.3178454057981286,8.813772421617397,0.4053719638185045,2.0920926769533374,-0.00870615312530243,-0.09017286523486508,0.15837273225417237,1.6607613005805242,0.4297720838343062,4.992270873350237,0.23022788367466673,3.477604989051011
16,10,5.0,0.45,14,0.3464945127813712,-0.18942050833829358,1.8292344151170419,1.3942268996794738,9.562676162138983,0.3962646848551252,2.0919840640878253,0.019817468385849635,0.24509362757696168,0.1515089250609183,1.869048351963909,0.4135697464523451,4.977505739104341,0.22447387014790698,3.4805873554012146
16,10,5.0,0.45,20,0.35197981264413025,-0.18020941467840354,1.9531710553095305,1.5709036107304626,11.386090689463416,0.3769534243423214,2.0917521152544745,0.04057547432063502,0.519710451480609,0.12971554266462237,1.4887785954130668,0.39848939722809007,4.963762340303706,0.22049838463908755,3.7163332635961566
16,10,5.0,0.5,10,0.3317435955713588,-0.19376386537944276,1.7121024857845084,1.3178454057981286,8.813772421617397,0.4053719638185045,2.0920926769533374,-0.04870772102496246,-0.3609159836407018,0.164960238974319,1.2331836464277892,0.4451445931688749,5.006279051226453,0.21050311494116514,3.105349949249048
16,10,5.0,0.5,14,0.3389578320275426,-0.18942050833829358,1.7894463223706718,1.3942268996794738,9.562676162138983,0.3962646848551252,2.0919840640878253,-0.019553747287267553,-0.16534069377889193,0.15752698388359487,1.5085457343555295,0.4277859218687121,4.990460933930509,0.21433498983519228,3.2477145658188777
16,10,5.0,0.5,20,0.3474946975975901,-0.18020941467840354,1.92828270497254,1.5709036107304626,11.386090689463416,0.3769534243423214,2.0917521152544745,0.0025885245041661342,0.02266814790788063,0.1345763964219544,1.4365038061294535,0.41167125797262516,4.975775600281996,0.22568554216925696,3.719346460218326
16,20,2.0,0.4,10,0.23749179770170525,-0.1896169180995289,1.252482110151411,0.7134328969673536,5.810830295499571,0.3947225942384154,2.081684473065993,-0.03203402037928038,-0.2754932804161149,-0.007884036099650604,-0.05442277735432998,0.4330593533272482,2.613205280392206,0.16409951819718116,2.1199809537214573
16,20,2.0,0.4,14,0.24070525433005496,-0.18922786894674876,1.2720391328710288,0.7186588250943098,5.865429365724004,0.393883301921764,2.0815290269564257,-0.009595195377675725,-0.10053131062086869,-0.00769570959130117,-0.05424322131326816,0.4225753254401692,2.603723984805075,0.1612924402747824,2.118246726687228
16,20,2.0,0.4,20,0.246955262654037,-0.18922786894674876,1.305068138369901,0.7186588250943098,5.865429365724004,0.393883301921764,2.0815290269564257,0.030596089402003424,0.32056303664363234,-0.01729292703203389,-0.12504631221018017,0.4101251605708449,2.5924643899900657,0.1701513433419355,2.700157042992861
16,20,2.0,0.45,10,0.23814518182236166,-0.19230498600196022,1.2383723728303861,0.6780192086821142,5.445197015760232,0.40052494439399977,2.082759021078721,-0.021656454459375807,-0.20244742630829793,-0.007883345350742754,-0.05442211877398669,0.43302088714346354,2.6131704935550775,0.1675712898036854,2.164960781424038
16,20,2.0,0.45,14,0.24293250606103878,-0.19217875314654748,1.2640965875961772,0.6796555905688255,5.46192417516365,0.4002523302855727,2.082708539483327,0.018951256993168464,0.19630373496488582,-0.007569089601869083,-0.054122498080682334,0.41553033639689096,2.5973527142035597,0.1593830906941891,2.117067105956994
16,20,2.0,0.45,20,0.25059466932577945,-0.18922786894674876,1.3243010700305469,0.7186588250943098,5.865429365724004,0.393883301921764,2.0815290269564257,0.058739259272099886,0.6154262093778892,-0.016838583773521654,-0.12464142732315986,0.39910707554706737,2.5824997362143405,0.16686783804686245,2.6977533218138805
16,20,2.0,0.5,10,0.2266819291212787,-0.19230498600196022,1.1787626199092314,0.6780192086821142,5.445197015760232,0.40052494439399977,2.082759021078721,-0.07478092689661342,-0.4698987982222944,-0.008330552841173233,-0.05484849953783997,0.45794423610392543,2.6357094388861,0.15084421797015168,1.8780058645517128
16,20,2.0,0.5,14,0.23307871435818828,-0.19217875314654748,1.2128224922994073,0.6796555905688255,5.46192417516365,0.4002523302855727,2.082708539483327,-0.03417319144453601,-0.2709968442591659,-0.007980423282926141,-0.0545146757312815,0.4384278384492848,2.618060240915025,0.1503256447609327,1.92615449483257
16,20,2.0,0.5,20,0.24375804235859033,-0.18922786894674876,1.2881719997976995,0.7186588250943098,5.865429365724004,0.393883301921764,2.0815290269564257,0.006197705132621856,0.049712612229544186,-0.017707257178584568,-0.12541553958983748,0.42018456453687514,2.6015618626977837,0.17310521477559426,2.702319414272279
16,20,3.0,0.4,10,0.30427495377856917,-0.1592498079460627,1.9106770532597812,1.1160849340730499,9.713121659465456,0.4276198949407597,2.6852145095559106,-0.04653252311384881,-0.427777342739135,0.08981069477978698,0.7532395357351075,0.442631776212677,5.232932186074197,0.20421891488309285,2.7670486546327253
16,20,3.0,0.4,14,0.3067857332020738,-0.15903566210656328,1.9290373563918592,1.1216222230424497,9.78034862630107,0.4268395813530863,2.6839236917005356,-0.027721315978544325,-0.3073237025197604,0.08797932483678639,0.874162044603329,0.43432015721889083,5.225475530592652,0.20153372124288582,2.765527524781099
16,20,3.0,0.4,20,0.3097750381047697,-0.15903566210656328,1.9478338003032436,1.1216222230424497,9.78034862630107,0.4268395813530863,2.6839236917005356,0.0025464290073651252,0.030110886136362657,0.06985430219504618,0.6665838968671006,0.42838553986544214,5.220151235574621,0.2056904718937187,3.097853031979822
16,20,3.0,0.45,10,0.3035118229757259,-0.163630478148039,1.8548611872974794,1.006823469906145,8.422484102686354,0.4437485578263085,2.711894280629324,-0.0316388217533381,-0.3094275684872747,0.09075698954204436,0.8522318490939595,0.4469157981175489,5.236775452808919,0.20827510914614522,2.8039614036117437
16,20,3.0,0.45,14,0.30932475412139104,-0.16065239146231566,1.92542887974344,1.0802791512750711,9.282629216746441,0.4327492852347168,2.693699616268875,0.002448882272063191,0.029000149764547362,0.08618580375578144,0.9439857721658497,0.4261537172628014,5.218148906891652,0.19886525717909342,2.7640158426712933
16,20,3.0,0.45,20,0.3126650899445249,-0.15903566210656328,1.966006151092205,1.1216222230424497,9.78034862630107,0.4268395813530863,2.6839236917005356,0.026113041143544402,0.3122076093275794,0.06826767705889303,0.6662203509646607,0.419261739879661,5.211965517078876,0.20259066678647253,3.0959428020209185
16,20,3.0,0.5,10,0.29332292484437295,-0.163630478148039,1.792593459141513,1.006823469906145,8.422484102686354,0.4437485578263085,2.711894280629324,-0.0676090667462691,-0.4912895336479896,0.09421895966005711,0.6641718514532097,0.4625268359788628,5.250779888023386,0.18273993109597653,2.404970044189713
16,20,3.0,0.5,14,0.30157968901326027,-0.16065239146231566,1.8772187968580725,1.0802791512750711,9.282629216746441,0.4327492852347168,2.693699616268875,-0.032913558471186155,-0.276117442531464,0.08930183514261425,0.8388900284957227,0.4403250770677296,5.2308627843108955,0.1856059681190141,2.5236428579630585
16,20,3.0,0.5,20,0.3083575388021049,-0.15903566210656328,1.938920709466328,1.1216222230424497,9.78034862630107,0.4268395813530863,2.6839236917005356,-0.008920627864921649,-0.07555585478761041,0.07065346501676184,0.6667670076299849,0.432971088818642,5.224265211662053,0.2072336557832033,3.098803990210611
16,20,4.0,0.4,10,0.32934696444387845,-0.17493258221412628,1.8827079568329999,1.303150207983352,8.346110700229488,0.42303752635499436,2.418288925942768,0.0018408729388810219,0.021290855005121838,0.1328932010681121,1.4131125516627212,0.3875602272464094,3.783385628663861,0.20960539584535165,2.563373891023586
16,20,4.0,0.4,14,0.33164280160433446,-0.1746323868230358,1.8990910428339136,1.3088176281503703,8.397840663772138,0.42230983434661895,2.4182790032788577,0.01958348483356942,0.2582648385803512,0.13044717761426305,1.407921445759953,0.3812372368798167,3.7775173443311463,0.20711973752231572,2.5620398568780103
16,20,4.0,0.4,20,0.3343928766674069,-0.1746323868230358,1.9148388380344639,1.3088176281503703,8.397840663772138,0.42230983434661895,2.4182790032788577,0.04822520486231974,0.6359886840937321,0.11288711858128342,1.231686553419604,0.37670307410266135,3.7733091887741463,0.21089653758057203,2.7797107805232524
16,20,4.0,0.45,10,0.32722518863775196,-0.18714959359798602,1.7484686038948114,1.0908009512396726,6.497675983966565,0.45265681866733076,2.4186898296967607,0.009162819551504109,0.10219608138757755,0.1383065759516302,1.4246010640354159,0.4014587021341136,3.796284289101512,0.22949701468507877,3.263479956854396
16,20,4.0,0.45,14,0.3328604815400351,-0.18264905410192053,1.8224046282456774,1.1650770841236442,7.124185669825041,0.4417445550164336,2.4185428015955366,0.043797791005814046,0.5603637132099312,0.1315264500976554,1.4102119494770904,0.3840304830914232,3.7801097311709158,0.21997802442731862,3.1387655949837634
16,20,4.0,0.45,20,0.3385640170548272,-0.1746323868230358,1.9387241004608837,1.3088176281503703,8.397840663772138,0.42230983434661895,2.4182790032788577,0.06485527434067984,0.8553042066327238,0.11114319461180466,1.2282015886198958,0.3714559556875894,3.768439277748086,0.22022202670616053,3.429330423476036
16,20,4.0,0.5,10,0.3161206145116815,-0.18714959359798602,1.6891333207526846,1.0908009512396726,6.497675983966565,0.45265681866733076,2.4186898296967607,-0.036856554718646795,-0.2761700744191375,0.1448424586545447,1.1080582306416544,0.4180666544428644,3.8116969255947466,0.205922665417134,2.848649697563417
16,20,4.0,0.5,14,0.32442687455515196,-0.18264905410192053,1.776230794899806,1.1650770841236442,7.124185669825041,0.4417445550164336,2.4185428015955366,-0.0014702137609546861,-0.012644047340759076,0.1374235921642808,1.4227271642331636,0.3992005923484243,3.794188651744753,0.20970905602099266,2.9133529965634053
16,20,4.0,0.5,20,0.33335723378511073,-0.1746323868230358,1.9089084209959242,1.3088176281503703,8.397840663772138,0.42230983434661895,2.4182790032788577,0.020977193139362083,0.18595613729862465,0.11586666106405374,1.2376406838168865,0.3856305997026621,3.7815947767397735,0.2263114204114356,3.4333743585056977
16,20,5.0,0.4,10,0.331393511869124,-0.1562371297106194,2.121093190094616,1.5691431809560443,11.822680950394428,0.39753723287121057,2.5444478761708207,-0.02857104296791313,-0.25969790207837107,0.1388099614464644,1.2134718014997314,0.37497638395180166,3.895490322890156,0.1910170794813022,2.1705867562725096
16,20,5.0,0.4,14,0.3336728037575092,-0.15598872766243804,2.1390827962875765,1.5749830381869074,11.887685824358888,0.3969037508875013,2.5444386708917004,-0.011807261869447916,-0.12574452185960044,0.13632437689107801,1.387267168375514,0.3690554483624451,3.890413134167287,0.18880548214474513,2.1696684408698
16,20,5.0,0.4,20,0.3360497628044783,-0.15598872766243804,2.154320814332783,1.5749830381869074,11.887685824358888,0.3969037508875013,2.5444386708917004,0.015198138512647175,0.17579742615955796,0.1190731189781633,1.3544442383799236,0.3648057058562224,3.886768935217589,0.19083232713279474,2.3055766245398246
16,20,5.0,0.45,10,0.3324204445935097,-0.16770741119913485,1.9821452267174737,1.3218105144988432,9.20203331393258,0.4267935377887331,2.544869870312176,-0.006161907576353931,-0.0625845056719147,0.14272227011890637,1.4669009562515347,0.38424452507740625,3.903437556578432,0.2178869836157804,3.2045838803174145
16,20,5.0,0.45,14,0.33760367524834556,-0.16395251630731603,2.059155192321258,1.398227429307926,9.983866159740375,0.4172152776965352,2.5447323840672147,0.0218747359682534,0.2645716317668509,0.13664642684613537,1.5545183081085736,0.36982404531732116,3.8910722092791636,0.21098702785342272,3.187598294656834
16,20,5.0,0.45,20,0.3435729560975036,-0.15598872766243804,2.202549897329765,1.5749830381869074,11.887685824358888,0.3969037508875013,2.5444386708917004,0.042247189111138894,0.5288018048173829,0.1160159867690671,1.3536938413664719,0.35639758229865803,3.879558745654649,0.20888276980606024,3.4247180091401757
16,20,5.0,0.5,10,0.32230641411244676,-0.16770741119913485,1.9218376326240103,1.3218105144988432,9.20203331393258,0.4267935377887331,2.544869870312176,-0.04816049477630191,-0.3476166459209358,0.14895092120362063,1.084205575680753,0.3988716881904373,3.915979605071086,0.19761873097057525,2.8320568744921086
16,20,5.0,0.5,14,0.32950121296757096,-0.16395251630731603,2.009735625831732,1.398227429307926,9.983866159740375,0.4172152776965352,2.5447323840672147,-0.019472384463294024,-0.1594086515924788,0.14234547788052554,1.3106219885737376,0.3833546374318326,3.9026745061469343,0.20056390376276667,2.9545855124526708
16,20,5.0,0.5,20,0.3386405022899692,-0.15598872766243804,2.1709293188338092,1.5749830381869074,11.887685824358888,0.3969037508875013,2.5444386708917004,0.0023318178686335678,0.019755227360197383,0.12058490415722423,1.2310892093690076,0.3689469302538413,3.890320079314092,0.21427659266353838,3.4278403803665483
