SMA,ROC,Multiplier,Breadth,Full_Trading_CAGR,Full_Std_MaxDD,Full_Calmar,Return_2022
200,10,1.5,200,0.21195703713231273,-0.2586597827767488,0.8194433431317556,-0.11021397643333326
200,10,1.5,240,0.2610087869337343,-0.16707556876874657,1.5622199514700024,-0.0657631789500003
200,10,1.5,290,0.22339999138519895,-0.26327438854003776,0.8485443366673137,-0.07411903992500007
200,10,1.5,330,0.2806098191647519,-0.17228459489034048,1.6287574599653596,-0.08520808613333354
200,10,2.0,200,0.25967021111030175,-0.2673272674227536,0.971356994794164,-0.16078387669999972
200,10,2.0,240,0.3006227500928673,-0.18100489391834182,1.6608542652359977,-0.09089945654999987
200,10,2.0,290,0.28274028057184775,-0.26182780460036376,1.079871104611687,-0.04907136849999974
200,10,2.0,330,0.3263060623712153,-0.17863351693296656,1.8266788225059907,-0.060160414708333214
200,10,2.5,200,0.2819988046515731,-0.25027113109216786,1.1267732056068458,-0.15440124537499944
200,10,2.5,240,0.3163139836110527,-0.18225458217034307,1.7355612124770166,-0.05303475257499963
200,10,2.5,290,0.3133107923265661,-0.2346974650226819,1.3349560136761032,-0.012735204008333136
200,10,2.5,330,0.34361043281498715,-0.1763255604780352,1.9487272967312677,-0.028270488166666528
200,10,3.0,200,0.2879206229630509,-0.26741393376339556,1.0766851932921317,-0.1614230358499994
200,10,3.0,240,0.3169518447741586,-0.17762469607283732,1.7843906381361991,-0.05193862449999973
200,10,3.0,290,0.32131099811836195,-0.22040278925356213,1.4578354439458119,-0.032822588924999785
200,10,3.0,330,0.3372579089699992,-0.17155279261252512,1.9659132552376526,-0.053966942633333057
200,10,3.5,200,0.2943228283214292,-0.25344652548703334,1.1612817644899502,-0.13969925749166634
200,10,3.5,240,0.3131070752074736,-0.19831715061235056,1.5788199570268246,-0.025310311833333224
200,10,3.5,290,0.32761971532997824,-0.23024635635734556,1.4229094458350857,-0.018485313349999984
200,10,3.5,330,0.33097343365455556,-0.19660867432674806,1.6834121627029737,-0.039629667058333255
200,14,1.5,200,0.19836029043417214,-0.33250364292629014,0.5965657659821336,-0.09355577326666688
200,14,1.5,240,0.2734765991742525,-0.1254634091998495,2.1797319307546803,-0.015543530275000383
200,14,1.5,290,0.21800048605496958,-0.3110623290515541,0.7008257371429863,-0.02747616036666706
200,14,1.5,330,0.29086384358881223,-0.1276582736332085,2.278456658630139,-0.05034285882500062
200,14,2.0,200,0.24494161601084286,-0.3409593372402781,0.7183895240804905,-0.12950399536666696
200,14,2.0,240,0.3098880757264173,-0.13175493130733518,2.3520036225707854,-0.059332237358333664
200,14,2.0,290,0.2705749530977921,-0.3148141629452639,0.8594751600957561,-0.01841263480000024
200,14,2.0,330,0.33030936784608644,-0.13779810790991595,2.3970529991748704,-0.0412793332583338
200,14,2.5,200,0.27180538111856545,-0.34692250627790805,0.7834757797490118,-0.18203517838333336
200,14,2.5,240,0.31249555424878106,-0.13800661226973557,2.2643520416109104,-0.0735556855250001
200,14,2.5,290,0.30645590993968286,-0.3205427083266962,0.9560532870625899,-0.03389946764166703
200,14,2.5,330,0.332523625301109,-0.1314004386971082,2.5306127483151775,-0.07262257240000045
200,14,3.0,200,0.28305984248424787,-0.27875164758844667,1.0154553163472666,-0.1491473538333334
200,14,3.0,240,0.31171263724023324,-0.19472526313824098,1.6007816973339488,-0.027780421491666634
200,14,3.0,290,0.3190921468643948,-0.2635849968490993,1.2105853924875436,0.011875796391666183
200,14,3.0,330,0.3279479731006065,-0.15092769161559233,2.1728813949919727,-0.030388900500000267
200,14,3.5,200,0.28552418498655396,-0.27991003009568777,1.0200569979180345,-0.14669989862500007
200,14,3.5,240,0.30550950505021923,-0.20452631633978186,1.493741785984513,-0.01866294564166665
200,14,3.5,290,0.3212016575004193,-0.264991343711356,1.212121320650726,0.009021482866666467
200,14,3.5,330,0.3199333156689135,-0.16750905654209997,1.9099463770694978,-0.04719055605833332
200,20,1.5,200,0.16561395524168865,-0.2895073817659966,0.5720543435937371,-0.19178408885833323
200,20,1.5,240,0.2290801657682502,-0.17057326876072965,1.3430015584070834,-0.10596495172499977
200,20,1.5,290,0.1869737424493958,-0.2647911350490748,0.7061178328902257,-0.14811925651666671
200,20,1.5,330,0.251920623526936,-0.14215391201508654,1.7721680673845974,-0.21966227159166685
200,20,2.0,200,0.21568860065182682,-0.27793412345609025,0.7760421713237476,-0.18588673379166623
200,20,2.0,240,0.2701497277356486,-0.18413099454293913,1.4671605310460103,-0.10622313750833286
200,20,2.0,290,0.23927804820198828,-0.25593435586481417,0.9349196101221212,-0.14782782854999973
200,20,2.0,330,0.29536088796032556,-0.1486607637363587,1.9868113181776133,-0.23447371637499978
200,20,2.5,200,0.2293503798225658,-0.2776653494502216,0.8259956824885798,-0.2592380449249998
200,20,2.5,240,0.2807422380908575,-0.18270416867277606,1.5365945951330102,-0.1378508959666663
200,20,2.5,290,0.2600495809078365,-0.2600957693294081,0.9998224176360473,-0.17820116250833323
200,20,2.5,330,0.30747487119162176,-0.1559290023928237,1.9718901966487066,-0.2807034566333331
200,20,3.0,200,0.23819761529691896,-0.28702395192098124,0.8298875884842379,-0.1874925962666663
200,20,3.0,240,0.28895613491869265,-0.2216448996945002,1.3036895291385884,-0.06339615587499974
200,20,3.0,290,0.27634655588707857,-0.263307967786877,1.049518395549485,-0.10374642241666665
200,20,3.0,330,0.3130803444469725,-0.16726001370785581,1.8718182397964724,-0.2137741078249996
200,20,3.5,200,0.23979778741913482,-0.2841800424040092,0.843823462726571,-0.1883663792583329
200,20,3.5,240,0.2836787204674158,-0.20078730570117595,1.4128319490954473,-0.06278487282499956
200,20,3.5,290,0.27917405268049444,-0.2623185232296713,1.0642559634878144,-0.08224399356666655
200,20,3.5,330,0.3029540053705255,-0.18166249420267136,1.6676750294561935,-0.1922716789749995
200,25,1.5,200,0.22472420824959394,-0.20180059020440008,1.1135953964355354,-0.13330716581666618
200,25,1.5,240,0.20144136498811815,-0.19268491063151136,1.0454444218175056,-0.062201558458332966
200,25,1.5,290,0.24299592923772262,-0.20323144234243612,1.195661096713003,-0.03661959511666621
200,25,1.5,330,0.22075751883997818,-0.1746335491301151,1.2641186068748866,-0.05948629357499977
200,25,2.0,200,0.2781114573698318,-0.2397570512398857,1.1599719630000416,-0.12255240032499978
200,25,2.0,240,0.24758449646389558,-0.21804747361278887,1.135461431227398,-0.05760233381666641
200,25,2.0,290,0.29655158515341506,-0.25310945670889456,1.1716337627577622,-0.03273314582499986
200,25,2.0,330,0.26804032307960957,-0.18797055103142898,1.4259697681834895,-0.05559984428333317
200,25,2.5,200,0.2894496654782277,-0.22742122607548917,1.2727469219700236,-0.2146815833916664
200,25,2.5,240,0.25964111314302785,-0.21746266727293406,1.1939571807843057,-0.12343672184166635
200,25,2.5,290,0.31622765208887293,-0.23638196125670818,1.337782504247239,-0.10079164839999999
200,25,2.5,330,0.2795960770723067,-0.19279855529231713,1.4501979885087262,-0.13886431082499995
200,25,3.0,200,0.29374963251247554,-0.23642843505418373,1.2424462922370365,-0.1429361347333332
200,25,3.0,240,0.2666852168916247,-0.21232992465051773,1.2559944969159318,-0.046921752249999844
200,25,3.0,290,0.32651228606733507,-0.2313146690497233,1.4115502808736617,-0.024276678808333476
200,25,3.0,330,0.28350857077728553,-0.19986897766494907,1.4184721115277126,-0.06589093336666674
200,25,3.5,200,0.29835121150962807,-0.2461893114319435,1.2118771922886837,-0.14704785948333318
200,25,3.5,240,0.25817390936984497,-0.24954458030989418,1.0345803104568914,-0.04954841095833307
200,25,3.5,290,0.3320356771849249,-0.24981770867008712,1.329111851007392,-0.011730774516666433
200,25,3.5,330,0.2740221640868441,-0.23466743559634318,1.1677042593936888,-0.05334502907499994
250,10,1.5,200,0.2334662962406533,-0.3849939690542479,0.6064154636348512,-0.1336563487666664
250,10,1.5,240,0.2427603401176872,-0.39635560460845737,0.6124811590780953,-0.08920555128333345
250,10,1.5,290,0.2173975237915422,-0.253304075459704,0.8582472405823022,-0.09756141225833347
250,10,1.5,330,0.28428000773732687,-0.16930324445833037,1.6791173060318703,-0.10865045846666668
250,10,2.0,200,0.28302395021082405,-0.3616374565969508,0.7826179093120257,-0.18422624903333312
250,10,2.0,240,0.28923959277760414,-0.37195757313237265,0.777614474526828,-0.11434182888333326
250,10,2.0,290,0.27907177993512655,-0.2394411313467749,1.1655131195105985,-0.07251374083333313
250,10,2.0,330,0.3317077482444788,-0.16582254867936694,2.0003778188566264,-0.08360278704166661
250,10,2.5,200,0.27158170957391214,-0.33335669293282627,0.814688036363013,-0.17784361770833285
250,10,2.5,240,0.2741299496374674,-0.36947753318000776,0.7419394280298839,-0.07647712490833303
250,10,2.5,290,0.30991666425667486,-0.2133883130379244,1.4523600652937116,-0.03617757634166653
250,10,2.5,330,0.34635752339704795,-0.18376771203780165,1.884757227242406,-0.05171286049999992
250,10,3.0,200,0.2709026575303284,-0.3213422812990017,0.8430345874038891,-0.18486540818333302
250,10,3.0,240,0.2751047170322083,-0.3554988672467634,0.7738553969603765,-0.07538099683333313
250,10,3.0,290,0.3180147379037741,-0.19927266857546258,1.595877348244298,-0.056264961258333177
250,10,3.0,330,0.33813239979550325,-0.17892561049732533,1.8897931875468315,-0.07740931496666645
250,10,3.5,200,0.2751340987664952,-0.3018458722568907,0.9115052550141814,-0.16314162982499972
250,10,3.5,240,0.27763684855515325,-0.33274659052268196,0.8343792437333115,-0.048752684166666366
250,10,3.5,290,0.32469632369271784,-0.2090469059007331,1.5532223368419593,-0.041927685683333125
250,10,3.5,330,0.3318671088573595,-0.20501858119904767,1.6187172251238906,-0.0630720393916664
250,14,1.5,200,0.23691634454589905,-0.32443415132979453,0.7302447771753483,-0.10870571346666688
250,14,1.5,240,0.24733756861574396,-0.29653507154020614,0.8340921272181065,-0.03069347047500039
250,14,1.5,290,0.22200564728897687,-0.29701025195909875,0.7474679605320467,-0.04262610056666707
250,14,1.5,330,0.29141430989086237,-0.12422808624121874,2.345800524730062,-0.06549279902500063
250,14,2.0,200,0.283002679486712,-0.25271402539122667,1.1198534748856754,-0.14465393556666697
250,14,2.0,240,0.29092033420116126,-0.22904729926957046,1.2701321304765578,-0.07448217755833368
250,14,2.0,290,0.273049616835636,-0.31654509746046783,0.862593099770677,-0.03356257500000025
250,14,2.0,330,0.331136624818009,-0.1341894133766489,2.4676806946652325,-0.05642927345833381
250,14,2.5,200,0.27100700672281675,-0.30033662884560164,0.9023441721526987,-0.19718511858333337
250,14,2.5,240,0.2800432558807757,-0.26780771152041966,1.0456877970051401,-0.0887056257250001
250,14,2.5,290,0.30835824893573904,-0.3222025075108542,0.9570324306844545,-0.04904940784166704
250,14,2.5,330,0.3356692752865269,-0.12808196097620908,2.6207381018227593,-0.08777251260000045
250,14,3.0,200,0.2653193124189832,-0.3198308947920599,0.8295612360759653,-0.1642972940333334
250,14,3.0,240,0.27466294088718013,-0.2857866551495528,0.9610768590417504,-0.04293036169166664
250,14,3.0,290,0.3200356234469708,-0.2790144399996221,1.1470217220564076,-0.003274143808333824
250,14,3.0,330,0.3311436226526705,-0.14709207301390315,2.25126763031867,-0.04553884070000028
250,14,3.5,200,0.2655412331564242,-0.3181671876017161,0.8345965376191795,-0.16184983882500006
250,14,3.5,240,0.27346596313104543,-0.2959055300248635,0.9241664497046319,-0.03381288584166666
250,14,3.5,290,0.32213796633342384,-0.28010571662564415,1.1500585215258388,-0.006128457333333542
250,14,3.5,330,0.32285145631366263,-0.16384086345791846,1.9705185232778335,-0.06234049625833332
250,20,1.5,200,0.21110941808219286,-0.3850727661923778,0.5482325332161379,-0.13082171286666655
250,20,1.5,240,0.22236617368530287,-0.3471360923391559,0.6405734770674569,-0.04500257573333296
250,20,1.5,290,0.19545962814699203,-0.2647911350490748,0.7381653019115111,-0.0871568805249999
250,20,1.5,330,0.25585101588504333,-0.14146226227196823,1.8086167418499008,-0.15869989560000003
250,20,2.0,200,0.2541357871183172,-0.2910599007803293,0.8731391250975526,-0.1208521241916664
250,20,2.0,240,0.2635291581575727,-0.2910599007803293,0.9054121074426712,-0.03496286557499952
250,20,2.0,290,0.24818029635160732,-0.25593435586481417,0.9697029361806252,-0.08875638134166648
250,20,2.0,330,0.29799717504571954,-0.14706493093675066,2.026296637462003,-0.1754022691666665
250,20,2.5,200,0.23292231542021646,-0.33164076297788725,0.7023331912782597,-0.1942034353249997
250,20,2.5,240,0.24431606402624784,-0.31008886172158806,0.7878904861974886,-0.06659062403333299
250,20,2.5,290,0.26839781059831647,-0.25971792394293325,1.0334204375408853,-0.11912971529999997
250,20,2.5,330,0.3100013930388006,-0.15440921214502074,2.0076612575916006,-0.22163200942499986
250,20,3.0,200,0.23362956758545717,-0.35197907358501407,0.6637598230084216,-0.12245798666666646
250,20,3.0,240,0.2418010547712388,-0.37138290599326446,0.6510828874165366,0.007864116058333715
250,20,3.0,290,0.28415012984478016,-0.25425408045628695,1.1175833612378667,-0.044674975208333134
250,20,3.0,330,0.31552766300753743,-0.1655626943390788,1.9057896120083946,-0.15470266061666632
250,20,3.5,200,0.23431891774124125,-0.36063823719194016,0.6497339815260111,-0.12333176965833306
250,20,3.5,240,0.23711368121643606,-0.38877476038917935,0.6098998838789731,0.008475399108333885
250,20,3.5,290,0.28689689574975996,-0.2623185232296713,1.0936966715788088,-0.02317254635833328
250,20,3.5,330,0.3055013330766905,-0.1799537476175581,1.6976658564841285,-0.13320023176666623
250,25,1.5,200,0.21581306210517348,-0.3239703192147074,0.6661507221658352,-0.16695670119999959
250,25,1.5,240,0.23098258147242046,-0.2691075721165751,0.8583280643339192,-0.09585109384166624
250,25,1.5,290,0.2433458391565837,-0.19174957784617122,1.2690814858106492,-0.07572222663333317
250,25,1.5,330,0.22884366941942602,-0.17114087065042694,1.3371655090318144,-0.09858892509166672
250,25,2.0,200,0.25100469433093453,-0.24288716027759624,1.0334210093446716,-0.1562019357083333
250,25,2.0,240,0.2642318607347114,-0.24941371191621312,1.059411925289321,-0.09125186919999967
250,25,2.0,290,0.2984235748762756,-0.22721751499747264,1.3133827948060912,-0.07183577734166657
250,25,2.0,330,0.27470889998800185,-0.18797055103142898,1.4614464791459278,-0.09470247580000013
250,25,2.5,200,0.23494804669941316,-0.3042298165281484,0.7722715984272204,-0.24783731357499983
250,25,2.5,240,0.2503373527381012,-0.29356194735834146,0.8527581826963513,-0.15733581469166652
250,25,2.5,290,0.3182967777704493,-0.21618103159640253,1.472362193019279,-0.1398942799166667
250,25,2.5,330,0.2836209522292661,-0.19279855529231713,1.4710740534297362,-0.17796694234166666
250,25,3.0,200,0.22752989947051017,-0.3104229133531084,0.7329674765718508,-0.17609186491666684
250,25,3.0,240,0.23966013502081873,-0.30948895462051845,0.7743737908665571,-0.08082084510000001
250,25,3.0,290,0.3283013783677524,-0.22755797550978235,1.4427153240060324,-0.06337931032500044
250,25,3.0,330,0.287477618197709,-0.19986897766494907,1.4383303579989433,-0.1049935648833337
250,25,3.5,200,0.22854236666232142,-0.29687643922242285,0.7698231872523071,-0.18020358966666683
250,25,3.5,240,0.2371819744270096,-0.3028920513341448,0.7830577705235153,-0.08344750380833323
250,25,3.5,290,0.3337387431808696,-0.2253723135093891,1.4808329292274223,-0.05083340603333339
250,25,3.5,330,0.27909748743291773,-0.23466743559634318,1.1893319868760985,-0.0924476605916669
303,10,1.5,200,0.2766168111926468,-0.17492636966487915,1.5813328300506344,-0.1336563487666664
303,10,1.5,240,0.28361047290212116,-0.14486007246488486,1.9578236299092726,-0.08920555128333345
303,10,1.5,290,0.28734694764852486,-0.14486007246488486,1.9836173126185608,-0.09756141225833347
303,10,1.5,330,0.284530888483183,-0.15379708751350568,1.8500408108066215,-0.10865045846666668
303,10,2.0,200,0.32134243355096825,-0.1427114988903986,2.2516926530058865,-0.18422624903333312
303,10,2.0,240,0.3293394454011185,-0.1427114988903986,2.3077288653106276,-0.11434182888333326
303,10,2.0,290,0.33157155380257763,-0.1427114988903986,2.323369569940697,-0.07251374083333313
303,10,2.0,330,0.33147925109084775,-0.15110238660935987,2.193739348060798,-0.08360278704166661
303,10,2.5,200,0.3308636424332283,-0.15966021322312635,2.072298638176337,-0.17784361770833285
303,10,2.5,240,0.343752591496552,-0.15966021322312635,2.1530260079018886,-0.07647712490833303
303,10,2.5,290,0.3470132494794276,-0.15983712248052484,2.171042897257544,-0.03617757634166653
303,10,2.5,330,0.3449433436920222,-0.16976581930542978,2.0318774715858807,-0.05171286049999992
303,10,3.0,200,0.33015196527996515,-0.15605192036234317,2.1156546136271324,-0.18486540818333302
303,10,3.0,240,0.34349401074104935,-0.15605192036234317,2.201152090557277,-0.07538099683333313
303,10,3.0,290,0.34825803504140107,-0.1513119220293206,2.3015901878102976,-0.056264961258333177
303,10,3.0,330,0.33808756875334023,-0.16506318601526132,2.0482312071819666,-0.07740931496666645
303,10,3.5,200,0.3239458031132756,-0.1787118897026787,1.8126706826961607,-0.16314162982499972
303,10,3.5,240,0.3375773740018253,-0.1787118897026787,1.8889474816893808,-0.048752684166666366
303,10,3.5,290,0.34244075516044825,-0.1733112137999563,1.9758718876420138,-0.041927685683333125
303,10,3.5,330,0.33173678139289153,-0.18897443372106426,1.7554585287581899,-0.0630720393916664
303,14,1.5,200,0.28367088719224065,-0.1375678412760006,2.0620436038035614,-0.1495967138166671
303,14,1.5,240,0.2905857309885853,-0.11050303497117307,2.6296628962669706,-0.08231345074166731
303,14,1.5,290,0.2934402985594693,-0.11050303497117307,2.655495377443878,-0.09424608083333398
303,14,1.5,330,0.2930688514204811,-0.11461797600906747,2.556918745426951,-0.11711277929166754
303,14,2.0,200,0.32071288612502014,-0.13036447351879468,2.4601248903811426,-0.19981749911666685
303,14,2.0,240,0.3277681917501636,-0.12053239061429714,2.7193370187024635,-0.13368445702500045
303,14,2.0,290,0.3289231498723184,-0.12053239061429714,2.7289191577131358,-0.09276485446666703
303,14,2.0,330,0.33150621547457737,-0.12418521464335432,2.6694499536569243,-0.11563155292500059
303,14,2.5,200,0.32190299613439777,-0.12010174754459231,2.680252391955239,-0.23333319963333346
303,14,2.5,240,0.3322367173665972,-0.11671341620616496,2.846602628610643,-0.12889242269166684
303,14,2.5,290,0.3342792373860255,-0.11671341620616496,2.8641029305109864,-0.08923620480833376
303,14,2.5,330,0.3346255047344664,-0.12043715706621443,2.778424141566997,-0.12795930956666718
303,14,3.0,200,0.3239895088806881,-0.13468328679093794,2.4055658025601994,-0.20044537508333352
303,14,3.0,240,0.3341999465804759,-0.13468328679093794,2.481376528174855,-0.08311715865833337
303,14,3.0,290,0.3376834347230364,-0.13101858812179032,2.5773704293709656,-0.043460940775000304
303,14,3.0,330,0.3300833361620539,-0.13826068522715274,2.3873983816856525,-0.085725637666667
303,14,3.5,200,0.31714185028023634,-0.1496709124276212,2.1189277538052145,-0.19799791987500018
303,14,3.5,240,0.3269589922078746,-0.1496709124276212,2.184519269006177,-0.07399968280833338
303,14,3.5,290,0.33051474211439014,-0.14554581389233373,2.2708639518748757,-0.046315254300000025
303,14,3.5,330,0.3218638430402627,-0.15370061950766112,2.0940959383980857,-0.10252729322500005
303,20,1.5,200,0.24909377770988939,-0.12966732622064847,1.9210219333590548,-0.1980026873666665
303,20,1.5,240,0.2557428874926684,-0.12966732622064847,1.9723001541458745,-0.12291253014999963
303,20,1.5,290,0.2598838836763211,-0.12966732622064847,2.004235694920473,-0.16506683494166657
303,20,1.5,330,0.2547097826233289,-0.13857818893574445,1.838022163368234,-0.2366098500166667
303,20,2.0,200,0.2920872646514592,-0.13467126816313735,2.1688907265477897,-0.2023056618916663
303,20,2.0,240,0.2976280781445235,-0.13467126816313735,2.210033975353855,-0.1204551191916662
303,20,2.0,290,0.30012844733926114,-0.13467126816313735,2.2286004389272787,-0.17424863495833304
303,20,2.0,330,0.29801179634563124,-0.14313012896322502,2.082103876411657,-0.2608945227833331
303,20,2.5,200,0.2969416161354532,-0.1447212997244681,2.0518169523131307,-0.2756569730249997
303,20,2.5,240,0.3068841727892768,-0.1447212997244681,2.120518357515772,-0.15208287764999967
303,20,2.5,290,0.31112086555393215,-0.1432757291702278,2.1714833863053338,-0.2046219689166665
303,20,2.5,330,0.3091010764841384,-0.15266790899549124,2.024663064542707,-0.3071242630416664
303,20,3.0,200,0.30743317064946796,-0.1542141065635376,1.9935476559195493,-0.20391152436666626
303,20,3.0,240,0.3171210782344711,-0.1542141065635376,2.056368806337534,-0.07762813755833307
303,20,3.0,290,0.32292818380899035,-0.14729124091082968,2.192446623519803,-0.13016722882499993
303,20,3.0,330,0.31464470257001054,-0.1636196762524396,1.9230248450349146,-0.2401949142333331
303,20,3.5,200,0.301092654646256,-0.1684626306597772,1.7872964079157412,-0.20478530735833297
303,20,3.5,240,0.31032063304998103,-0.1684626306597772,1.8420740067670949,-0.07701685450833304
303,20,3.5,290,0.31625097136110636,-0.16139582274848807,1.9594743282416764,-0.10866479997499982
303,20,3.5,330,0.30412340327964893,-0.1779945021523774,1.708611218897622,-0.21869248538333302
303,25,1.5,200,0.21093113380485762,-0.20667618929130926,1.020587492580246,-0.22564295359999947
303,25,1.5,240,0.22080571762148504,-0.16505633420323282,1.3377597332896558,-0.16526632615833284
303,25,1.5,290,0.22553087085626244,-0.16505633420323282,1.366387251631117,-0.14513745894999977
303,25,1.5,330,0.2205801980602473,-0.17081072519690704,1.291372059956815,-0.16800415740833333
303,25,2.0,200,0.2595052747820208,-0.18168360505659775,1.4283362260517682,-0.22916075130833338
303,25,2.0,240,0.2673388945507944,-0.18168360505659775,1.4714530486529782,-0.1682494007166664
303,25,2.0,290,0.2702621607297677,-0.18168360505659775,1.4875429219140393,-0.1488333088583333
303,25,2.0,330,0.2681642943538951,-0.18761830592233486,1.4293077268531702,-0.17170000731666685
303,25,2.5,200,0.2647440988213072,-0.19145866330411465,1.382774193930234,-0.3207961291749999
303,25,2.5,240,0.2774430731021926,-0.19145866330411465,1.44910169283643,-0.23433334620833324
303,25,2.5,290,0.2808808868790311,-0.19145866330411465,1.4670575989182448,-0.21689181143333341
303,25,2.5,330,0.2772385461354694,-0.19561539188464627,1.4172634549072498,-0.2549644738583334
303,25,3.0,200,0.27298162254546554,-0.19771462178054222,1.3806850504383414,-0.24905068051666668
303,25,3.0,240,0.28655197114064146,-0.19771462178054222,1.449321089963221,-0.15781837661666673
303,25,3.0,290,0.2919019576578725,-0.19093729586328845,1.5287843914311796,-0.14037684184166715
303,25,3.0,330,0.28128621109533314,-0.2024649837313932,1.3893079480277473,-0.1819910964000004
303,25,3.5,200,0.2651235215475962,-0.23214047458752624,1.1420822759093399,-0.25316240526666667
303,25,3.5,240,0.27832001003279805,-0.23214047458752624,1.1989292712842297,-0.16044503532499993
303,25,3.5,290,0.28443064364617654,-0.2227014566406205,1.277183579922291,-0.1278309375500001
303,25,3.5,330,0.2722929243170096,-0.23771236030368614,1.1454723009318721,-0.16944519210833361
350,10,1.5,200,0.2082327948353062,-0.29483837040312794,0.7062608389491257,-0.12131750246666645
350,10,1.5,240,0.21845204838061494,-0.29260775580421605,0.7465695766683001,-0.07686670498333349
350,10,1.5,290,0.21599773612240525,-0.29260775580421605,0.7381818555312983,-0.08522256595833351
350,10,1.5,330,0.2056074333568778,-0.29260775580421605,0.7026725344028468,-0.09631161216666674
350,10,2.0,200,0.2767310741887212,-0.2286604496235758,1.210227105930562,-0.1587252375166667
350,10,2.0,240,0.2846439388996307,-0.19346866031657212,1.4712663975336822,-0.08884081736666684
350,10,2.0,290,0.28184382175468925,-0.19346866031657212,1.4567931637791318,-0.047012729316666724
350,10,2.0,330,0.27204169234661446,-0.22085890939256958,1.231744252902513,-0.0581017755250002
350,10,2.5,200,0.2660679771196133,-0.25082311213036157,1.0607793470855604,-0.1575036669916662
350,10,2.5,240,0.2716221935528822,-0.25082311213036157,1.082923304977217,-0.056137174191666396
350,10,2.5,290,0.2686887098572508,-0.25082311213036157,1.0712278767899341,-0.0158376256249999
350,10,2.5,330,0.2583701724863021,-0.25642298099717215,1.0075936699649843,-0.03137290978333329
350,10,3.0,200,0.2559554155454431,-0.27327325442437506,0.9366281236873678,-0.1645254574666664
350,10,3.0,240,0.26177901588585417,-0.27327325442437506,0.9579386626666688,-0.0550410461166665
350,10,3.0,290,0.2573231842348491,-0.27327325442437506,0.9416332556103111,-0.035925010541666545
350,10,3.0,330,0.24390976231980566,-0.2885963423488799,0.8451588829388098,-0.057069364249999824
350,10,3.5,200,0.2534959626741282,-0.2821127467840969,0.8985625979819006,-0.14118884760833308
350,10,3.5,240,0.25920566247184906,-0.2821127467840969,0.9188016685762206,-0.02679990194999973
350,10,3.5,290,0.2524749136134292,-0.2821127467840969,0.8949433036666373,-0.01997490346666649
350,10,3.5,330,0.23870125606820292,-0.3184918349222071,0.7494737066854685,-0.041119257174999764
350,14,1.5,200,0.2512481543819054,-0.31515274263003595,0.7972266155298879,-0.13202557917500038
350,14,1.5,240,0.26289600540609404,-0.31515274263003595,0.8341859988656766,-0.06474231610000059
350,14,1.5,290,0.26081173835560256,-0.31515274263003595,0.8275724849451005,-0.07667494619166727
350,14,1.5,330,0.25886149144872683,-0.31515274263003595,0.8213842255931418,-0.09954164465000083
350,14,2.0,200,0.3240604103721991,-0.23015800480631232,1.4079910479103677,-0.17409758310000029
350,14,2.0,240,0.33295380460685187,-0.21413142917024916,1.5549039479960263,-0.10796454100833411
350,14,2.0,290,0.3305878197896859,-0.21413142917024916,1.5438547301099173,-0.06704493845000069
350,14,2.0,330,0.3287538321815966,-0.21413142917024916,1.5352899546577758,-0.089911636908334
350,14,2.5,200,0.3149679787998352,-0.2629111529115706,1.198001588414067,-0.20990078310833338
350,14,2.5,240,0.3214262721550709,-0.22422869466264883,1.4334751965561565,-0.10546000616666674
350,14,2.5,290,0.3189646628560501,-0.22422869466264883,1.4224970775302916,-0.06580378828333368
350,14,2.5,330,0.3168892667688823,-0.21388539934606496,1.4815843799424468,-0.1045268930416671
350,14,3.0,200,0.3036092885484578,-0.28119924100282895,1.079694552039717,-0.1770129585583334
350,14,3.0,240,0.3111847574669846,-0.2403417159727309,1.2947596558821755,-0.05968474213333329
350,14,3.0,290,0.30791952289716806,-0.24929581663864056,1.2351572001848061,-0.020028524250000217
350,14,3.0,330,0.3037123925972709,-0.2395479603565764,1.2678563079609746,-0.06229322114166692
350,14,3.5,200,0.29698373198828243,-0.28354041347959047,1.0474123541816012,-0.1609427187666667
350,14,3.5,240,0.304592804644612,-0.2443387130446844,1.2466006751411038,-0.03694448169999992
350,14,3.5,290,0.2995832699439993,-0.2681825367812533,1.1170871658521093,-0.009260053191666801
350,14,3.5,330,0.29525110913554986,-0.25852523145295725,1.142059161793171,-0.06547209211666659
350,20,1.5,200,0.22459318738697553,-0.3155443260145857,0.7117643033663484,-0.21845308083333312
350,20,1.5,240,0.2352648815534999,-0.29256154289168834,0.804155184677158,-0.14336292361666647
350,20,1.5,290,0.2334254711464887,-0.2961546914966042,0.7881876527664773,-0.1855172284083334
350,20,1.5,330,0.22594783517091188,-0.30020377734810605,0.7526482083831693,-0.25706024348333356
350,20,2.0,200,0.3035085358833478,-0.24918530838089847,1.2180033319597325,-0.2208651265749996
350,20,2.0,240,0.31053608631376606,-0.24227128911885767,1.2817700662888611,-0.1390145838749995
350,20,2.0,290,0.30833635064771614,-0.24227128911885767,1.2726904280285853,-0.19280809964166631
350,20,2.0,330,0.3020669597729999,-0.24345434643589747,1.2407540230649996,-0.27945398746666633
350,20,2.5,200,0.2815189101496647,-0.3077565347712365,0.9147455158309639,-0.294216437708333
350,20,2.5,240,0.28697334143197395,-0.2963970870706983,0.9682056739090809,-0.17064234233333295
350,20,2.5,290,0.2845838347751919,-0.3007308885910853,0.94630729855672,-0.22318143359999978
350,20,2.5,330,0.28059331000833243,-0.3034051621655935,0.9248138957345402,-0.3256837277249997
350,20,3.0,200,0.27496157336845783,-0.3136500016740303,0.8766509545701182,-0.22247098904999954
350,20,3.0,240,0.2806047340816853,-0.3026034471010366,0.9273018426257182,-0.09618760224166636
350,20,3.0,290,0.27877443133423796,-0.30489499644375206,0.9143293087319231,-0.14872669350833323
350,20,3.0,330,0.2720563637773221,-0.3096225000051907,0.878671168189525,-0.2587543789166664
350,20,3.5,200,0.26756264423971765,-0.3168134804928176,0.8445431167370527,-0.22334477204166625
350,20,3.5,240,0.2731977811439503,-0.3168134804928176,0.8623300394887834,-0.09557631919166631
350,20,3.5,290,0.26946365471307354,-0.3168134804928176,0.85054352578025,-0.1272242646583331
350,20,3.5,330,0.26251557056731545,-0.3170034462663298,0.8281158254246975,-0.2372519500666663
350,25,1.5,200,0.2122921679512515,-0.36943076763231164,0.5746466903984088,-0.21750886764999963
350,25,1.5,240,0.22564646849964043,-0.3093653278235637,0.729385125628333,-0.157132240208333
350,25,1.5,290,0.2231842121525407,-0.3093653278235637,0.721426068404881,-0.13700337299999993
350,25,1.5,330,0.22033360021877102,-0.3287762953718458,0.6701626708506276,-0.15987007145833348
350,25,2.0,200,0.2883572913860093,-0.25277071664571477,1.1407859866543517,-0.2210266653583333
350,25,2.0,240,0.297277674594133,-0.25105982372976576,1.1840909874696437,-0.1601153147666663
350,25,2.0,290,0.294543467348209,-0.25105982372976576,1.1732003272066658,-0.14069922290833345
350,25,2.0,330,0.29257522192584906,-0.25105982372976576,1.1653605805155403,-0.16356592136666676
350,25,2.5,200,0.25144021206722633,-0.3246004718178544,0.774614438047764,-0.3126620432249998
350,25,2.5,240,0.25832875995212423,-0.31172292147455916,0.8287127514721672,-0.2261992602583334
350,25,2.5,290,0.25518606480759143,-0.3169585339716212,0.8051086733964999,-0.20875772548333357
350,25,2.5,330,0.2528610679784056,-0.320250455254747,0.789572860332905,-0.24683038790833353
350,25,3.0,200,0.2347690404655316,-0.36412958459903566,0.6447403627586302,-0.24091659456666684
350,25,3.0,240,0.24318051559123854,-0.3268938208089957,0.7439128552182976,-0.14968429066666689
350,25,3.0,290,0.2407392117118059,-0.3307469284557975,0.7278652982078392,-0.13224275589166706
350,25,3.0,330,0.2352700834010435,-0.34605934655270265,0.6798547293829943,-0.17385701045000032
350,25,3.5,200,0.22621647179774262,-0.3673918350455894,0.6157362527386369,-0.24502831931666683
350,25,3.5,240,0.23471166308497704,-0.3310211287471845,0.7090534189563372,-0.1523109493750001
350,25,3.5,290,0.23179978784083244,-0.32965102552294717,0.7031671977149567,-0.11969685160000001
350,25,3.5,330,0.22614585567148082,-0.35325667455094306,0.6401743320461122,-0.16131110615833352
