Multiplier,Breadth,Full_Trading_CAGR,Full_Std_MaxDD,Full_Calmar,Return_2022
1.5,150,0.2770625809972276,-0.15313696914212607,1.809246862787825,-0.07813403907693682
1.5,160,0.2760539927880592,-0.16627662671440926,1.660209244334741,-0.09230325994871875
1.5,170,0.26881748766006486,-0.19521960963490792,1.3770004363946675,-0.12018854113728544
1.5,180,0.27415111317207286,-0.17555510372652874,1.5616242840716965,-0.10086378186811937
1.5,190,0.2772437378743484,-0.14018118421793596,1.9777528590664846,-0.062297663350539066
1.5,200,0.28017380968469907,-0.14736502681063654,1.9012232125110748,-0.07160525707173684
1.5,210,0.2786941175071209,-0.14952556601785427,1.8638559607515088,-0.07359185147902395
1.5,220,0.28242090479767934,-0.14515615784493593,1.9456350250009884,-0.06918579635124208
1.5,230,0.2868379864850086,-0.11360874433694107,2.5247879303577534,-0.03211366294889716
1.5,240,0.2868379864850086,-0.11360874433694107,2.5247879303577534,-0.03211366294889716
1.5,250,0.28868678756765664,-0.11131533174828342,2.593414429383924,-0.0330036123174969
1.5,260,0.29190139969988427,-0.11131533174828342,2.622292860429674,-0.009036455349303144
1.5,270,0.290293803651412,-0.11104465902502952,2.614207708864049,-0.022830775358603287
1.5,280,0.2905463764602896,-0.11104465902502952,2.6164822244607033,-0.02095022263137967
1.5,290,0.2920926161856676,-0.11104465902502952,2.6304067097889847,-0.009399586745920212
1.5,300,0.2911758343808424,-0.11104465902502952,2.622150735905373,-0.016255965744233696
1.5,310,0.1088420858544985,-0.2573232827348065,0.4229779936651497,-0.08747253654559342
1.5,320,0.23162072191944705,-0.2559800963009825,0.9048387951503323,-0.1531645993553341
1.5,330,0.2920536718335305,-0.11461797600906747,2.548061674116685,-0.03403417895834897
1.5,340,0.26370996735305297,-0.2908906117284004,0.9065605994849859,-0.198404659517067
1.5,350,0.25910453730996386,-0.31515274263003595,0.8221554258029472,-0.07058155425363458
1.5,360,0.26400250037569295,-0.15171505153313825,1.7401206914399552,-0.07466555348924628
1.5,370,0.28373292162940067,-0.2311206377121055,1.2276399218958172,-0.17118697140595862
1.5,380,0.22127357998352393,-0.3028188020078847,0.7307128174219595,-0.13811407157476574
1.5,390,0.22655246601327272,-0.18722611784731968,1.2100473407135597,-0.07339756196538927
1.5,400,0.10409285592272077,-0.32619088344722325,0.31911638615603033,-0.1394545389737955
1.5,410,0.25138846276264615,-0.28473972973430517,0.8828710450670878,-0.18835537006701047
1.5,420,0.2805912681296965,-0.16434537229233448,1.7073268581641956,-0.06982565973305663
1.5,430,0.25946664656289764,-0.3959730664268866,0.6552633715828906,-0.28028561750123215
1.5,440,0.2680065800609299,-0.32996623965853755,0.8122242455418288,-0.14388507972271355
1.5,450,0.27322948694107785,-0.16820389372203415,1.624394542213179,-0.10374006656527325
1.6,150,0.26604191772679076,-0.19094125989611635,1.393318122398133,-0.08655562612551258
1.6,160,0.26496890338962564,-0.20396032513390897,1.2991198323284778,-0.10131643307656231
1.6,170,0.25732427974964156,-0.24229154715732007,1.0620439828326356,-0.13900790158816514
1.6,180,0.2629470114658463,-0.2216143020260985,1.1865074097739425,-0.118390334158197
1.6,190,0.26722313896621497,-0.17849524431750635,1.4970882837129258,-0.07906141574530348
1.6,200,0.26984644528797275,-0.18562930713921816,1.453684493287439,-0.08890052350226753
1.6,210,0.2686718376501669,-0.18744510828317118,1.4333360849528676,-0.09077373927699423
1.6,220,0.27339405351393187,-0.17690191762230664,1.545455567630647,-0.07989717874190884
1.6,230,0.27795952368077237,-0.13960921046942967,1.9909827062709258,-0.041425296755452784
1.6,240,0.2771184131396145,-0.1457201306214323,1.9017167494829046,-0.047729440832543844
1.6,250,0.2769798783455333,-0.14672480508056418,1.887750869346517,-0.048765882544004484
1.6,260,0.28033507674903313,-0.12730518891503925,2.2020710949663074,-0.02351427264718898
1.6,270,0.278657437684352,-0.13612531396631058,2.0470655278217866,-0.0380188211867655
1.6,280,0.2788095166533966,-0.13501757840166484,2.064986796193041,-0.03687612647643202
1.6,290,0.28042371926446297,-0.12699572047511973,2.2081351892436563,-0.0247076477944005
1.6,300,0.27946670053138534,-0.13022352214153018,2.146053922790185,-0.031930774079762365
1.6,310,0.10553679943734506,-0.2869790374145772,0.3677509005122347,-0.1104923897083478
1.6,320,0.22910847321696282,-0.2423910737404539,0.9452017753025272,-0.1222662893105563
1.6,330,0.2807420835309431,-0.14448343915230974,1.9430744809098428,-0.044186719894742925
1.6,340,0.25613424228835746,-0.2850161779351136,0.8986656271373783,-0.18815696637257104
1.6,350,0.25559406999196255,-0.29066073396683023,0.8793553449883277,-0.08225584479630241
1.6,360,0.2583581038740781,-0.17043991449959894,1.5158309873165656,-0.05869645581482539
1.6,370,0.2897987695893425,-0.2153222490371963,1.345883998914021,-0.14564243755522222
1.6,380,0.2139079311068246,-0.31799688372260426,0.6726730419579244,-0.1162425924997996
1.6,390,0.22325375088354238,-0.20600153754901587,1.0837479833393064,-0.08584175781846268
1.6,400,0.10066766745827627,-0.35951110563989436,0.28001267799251356,-0.16614393532398442
1.6,410,0.24774013495527947,-0.2803275172088138,0.8837524671926507,-0.15974775882981573
1.6,420,0.2666466486475334,-0.21748631273179223,1.2260387575578906,-0.09581534184307358
1.6,430,0.2514583264177128,-0.39000196419260164,0.6447616922604283,-0.26716195066848464
1.6,440,0.26768247095790354,-0.312248323899802,0.8572743245334463,-0.13656224653665494
1.6,450,0.2694603251670187,-0.17725046634375616,1.5202235047688535,-0.08524942955501782
1.7,150,0.29021874704423123,-0.14748401434443875,1.9677979904075933,-0.0672637177507151
1.7,160,0.28961770599691716,-0.15828653323429945,1.829705282433713,-0.0794106109410454
1.7,170,0.2832368455678196,-0.19228576553931168,1.4729995471761195,-0.11309886072515861
1.7,180,0.28779498067157383,-0.1687256841841758,1.7056975176193425,-0.08886488103888425
1.7,190,0.29226616623941815,-0.130604635649092,2.2377932053244853,-0.05292913824891648
1.7,200,0.2946590261995581,-0.1375369645785561,2.14239878786375,-0.06248758691132596
1.7,210,0.293587298189915,-0.13919591791992142,2.109166005563569,-0.06419433385775719
1.7,220,0.29734259181266,-0.13361285534793227,2.2254040678823164,-0.054284350858796224
1.7,230,0.30207478944737787,-0.130604635649092,2.312894852055567,-0.019231385797462853
1.7,240,0.30130490734987614,-0.130604635649092,2.307000098828199,-0.024975293572852587
1.7,250,0.30074564514202806,-0.130604635649092,2.3027179980814023,-0.029137760188852682
1.7,260,0.3027756264216459,-0.130604635649092,2.3182609477594824,-0.013988636239067518
1.7,270,0.3013262435433546,-0.1308287835723074,2.3032106186083694,-0.02354112619767933
1.7,280,0.3014662090145688,-0.1308287835723074,2.304280455592192,-0.022496625682359828
1.7,290,0.3024501688002139,-0.1308287835723074,2.3118014288732844,-0.015138771819642061
1.7,300,0.30207113286110454,-0.1308287835723074,2.3089042381423175,-0.017976237970710653
1.7,310,0.15336968549465846,-0.24690901110796887,0.6211587208034002,-0.09743526725423628
1.7,320,0.24489439235157806,-0.22539731037478536,1.086500952226863,-0.10021336906938477
1.7,330,0.3046890664373838,-0.13426794229301525,2.2692614576043444,-0.02875190165372694
1.7,340,0.2793431456589688,-0.2926064096496582,0.9546719977646092,-0.17627596780531612
1.7,350,0.2866847056944819,-0.2656909786148276,1.0790155811428168,-0.06512189732492071
1.7,360,0.285195454936799,-0.17990932771890256,1.5852177235768432,-0.05318644537094548
1.7,370,0.3096180730503224,-0.19277851485052933,1.606081846259603,-0.12206009075338733
1.7,380,0.23212760624883377,-0.28671836512538956,0.8096014573301511,-0.10506193775961244
1.7,390,0.2504629890541361,-0.20790396840884848,1.2047051865868872,-0.0747511198439164
1.7,400,0.15845314151844114,-0.28900576294477126,0.5482698334590698,-0.12693279192957052
1.7,410,0.2617003205898789,-0.2550971094598307,1.0258850880122887,-0.14984762009872366
1.7,420,0.29684285528310594,-0.174680160302949,1.6993507148624627,-0.06530480410299483
1.7,430,0.2805267277144723,-0.3654605522349686,0.7675978323759302,-0.22794306711665827
1.7,440,0.3013062256492931,-0.2758049022157819,1.092461458185249,-0.11574948059001167
1.7,450,0.3003113904426016,-0.1613262246141046,1.8615162609857892,-0.07627611961014459
1.8,150,0.2955502142775439,-0.1499468212576282,1.9710335424166816,-0.06077883765959733
1.8,160,0.2949607856411576,-0.1607475797888752,1.8349314249617763,-0.07304318954916005
1.8,170,0.2887050970020537,-0.19487976672930224,1.4814523941989297,-0.10672068823816928
1.8,180,0.29317346230193486,-0.1712545801463702,1.711916037815522,-0.08241964708328184
1.8,190,0.2992569400196001,-0.13095471766539196,2.2851940377149638,-0.04575382170572065
1.8,200,0.3016936420475538,-0.13732718806583777,2.196896669164412,-0.055338949494022634
1.8,210,0.30095117378601044,-0.1389693339846615,2.165594128984078,-0.057027911832269976
1.8,220,0.30609296948649445,-0.13306652928090995,2.300300241846071,-0.052339300851960036
1.8,230,0.31095869783985997,-0.13095471766539196,2.3745513211246343,-0.016135033740370033
1.8,240,0.31021319691533766,-0.13095471766539196,2.3688585065562644,-0.021723386713921575
1.8,250,0.3096716958539192,-0.13095471766539196,2.364723481327146,-0.025773126647159767
1.8,260,0.3116374093613872,-0.13095471766539196,2.3797341166254533,-0.011034266766050413
1.8,270,0.3100073714651741,-0.13148617337775542,2.3577184087222096,-0.0203585211081534
1.8,280,0.31014300959591257,-0.13148617337775542,2.358749985862635,-0.0193406159812637
1.8,290,0.31032514214409623,-0.13148617337775542,2.3601351698976165,-0.012170110021798713
1.8,300,0.3099567581025391,-0.13148617337775542,2.357333475756752,-0.014935327750450566
1.8,310,0.16794177512533737,-0.2676086480075651,0.6275648278772731,-0.10090014847490412
1.8,320,0.26532454307151987,-0.22445223127600145,1.1820980418112177,-0.09130486759275744
1.8,330,0.3121814527948439,-0.13505537564311748,2.3115070489291765,-0.025381380051262673
1.8,340,0.28689401630544187,-0.28189963471630386,1.017716878541415,-0.1658242421453499
1.8,350,0.30353997704390956,-0.23387498664065184,1.2978727712780065,-0.0681228898934044
1.8,360,0.30013864596915396,-0.1902884371480398,1.5772826266666604,-0.05603353746803
1.8,370,0.3272712750253568,-0.18194471914227095,1.7987401699163816,-0.11376590010719342
1.8,380,0.25851396084391487,-0.2833463115234966,0.9123604237300174,-0.10496699892081697
1.8,390,0.26511628317393354,-0.17669383396622146,1.500427475158051,-0.07962501271021563
1.8,400,0.17682318627958615,-0.3078815455138132,0.5743221341327616,-0.1297171669263214
1.8,410,0.2844148797856969,-0.2584852096315036,1.100313941332112,-0.1303505430043382
1.8,420,0.30766912328403806,-0.17395766590666345,1.7686436621259172,-0.05555206757104646
1.8,430,0.29177890305930165,-0.34211008386422515,0.8528801599870448,-0.20851951245637107
1.8,440,0.3217919982821831,-0.24116555405924345,1.334319901270533,-0.10308754934959723
1.8,450,0.3185650227855401,-0.15524534097649906,2.0520101974188343,-0.07634422911719783
1.9,150,0.3109525153284569,-0.13847330537698693,2.2455773297380577,-0.055826242236307846
1.9,160,0.3103951378748313,-0.14863767404183575,2.08826692072339,-0.06733996265678568
1.9,170,0.3044845001009244,-0.18011834491218856,1.6904691204517062,-0.09866931492809604
1.9,180,0.30870548473640724,-0.15820534282919965,1.9512962028702743,-0.07600008183084848
1.9,190,0.3144594694528722,-0.12462155562937781,2.5233152311793376,-0.041818199076825546
1.9,200,0.3167665101806607,-0.131627503721663,2.4065373970054855,-0.05086365045109029
1.9,210,0.31534718223593083,-0.1331540134393397,2.368288976731385,-0.052442447097745155
1.9,220,0.32023121346864736,-0.1260654236985918,2.5401986054025727,-0.048127089679624147
1.9,230,0.3248580230802476,-0.12315922256097932,2.6377076464525584,-0.014247105078960466
1.9,240,0.3241488167503832,-0.12315922256097932,2.6319491956023735,-0.019476690644204167
1.9,250,0.3236337488104437,-0.12315922256097932,2.6277670651112164,-0.023266440790282356
1.9,260,0.32550378874871244,-0.12315922256097932,2.6429509863749514,-0.00947380291518875
1.9,270,0.3239530316009094,-0.12364225882459841,2.620083413879361,-0.018193439904443907
1.9,280,0.32408205225446074,-0.12364225882459841,2.6211269135272803,-0.017241065256561404
1.9,290,0.3242553048036725,-0.12364225882459841,2.622528154097121,-0.010532180599352079
1.9,300,0.3239048885006288,-0.12364225882459841,2.6196940397225137,-0.013119379731249959
1.9,310,0.17913510001935662,-0.24743605958839854,0.7239652147602971,-0.09627587762879533
1.9,320,0.26854773437457014,-0.222419538870054,1.2073927305975847,-0.08487883730212217
1.9,330,0.32670711402346897,-0.1274134667623102,2.56414900501013,-0.022914203486054236
1.9,340,0.2943673582414652,-0.24758279567749455,1.1889653214228706,-0.15496635354068028
1.9,350,0.3166754862880037,-0.2153708399544449,1.470373084652438,-0.051458081985997474
1.9,360,0.3057142797362997,-0.19328785560337808,1.5816528088739206,-0.04257420877980024
1.9,370,0.32556515045159373,-0.19355057313498136,1.6820676125022165,-0.12460254121222708
1.9,380,0.2584084409907288,-0.34137753128040055,0.756957963875125,-0.11256008473811227
1.9,390,0.2635714151113846,-0.2160127733247606,1.2201658774831932,-0.09975341175968727
1.9,400,0.18545815262049037,-0.2924746435005799,0.6340999356415069,-0.12760779880029124
1.9,410,0.2861262153351085,-0.24938960296062662,1.1473061103524906,-0.12447743281969874
1.9,420,0.3211720919020655,-0.16911923923613978,1.89908666425359,-0.05386957142709301
1.9,430,0.2962073287248106,-0.31440125343636355,0.9421315134316552,-0.20609116496128146
1.9,440,0.33211405176879616,-0.24315395438432344,1.365859143067295,-0.0887444226013826
1.9,450,0.32602652418877076,-0.15721309123539556,2.0737873775448534,-0.06253142678549252
2.0,150,0.317833337084402,-0.12570468035356808,2.528412913428807,-0.04805234552115738
2.0,160,0.3174517435506752,-0.13574724399458002,2.338550192321769,-0.05945544649355411
2.0,170,0.31069368806149056,-0.1732438568444571,1.7933893514067836,-0.09739667351083786
2.0,180,0.3147741419444223,-0.1519440045170002,2.0716456891144,-0.07537059579802584
2.0,190,0.3204052281962737,-0.12341437051171207,2.596174390938267,-0.04163064638326333
2.0,200,0.32253154183616495,-0.13019590488907884,2.4772786986729542,-0.05029171491923538
2.0,210,0.3211412976628716,-0.13170581207713244,2.4383229000918942,-0.05185275881138309
2.0,220,0.325130943259204,-0.1298011200724865,2.504839273171425,-0.05280022426984569
2.0,230,0.32967825967755626,-0.12006441758078142,2.7458448249727527,-0.019273570351392807
2.0,240,0.32967825967755626,-0.12006441758078142,2.7458448249727527,-0.019273570351392807
2.0,250,0.329127908964824,-0.12006441758078142,2.7412610296750164,-0.023360130801118466
2.0,260,0.33096184846916654,-0.12006441758078142,2.756535659255497,-0.009711334849429923
2.0,270,0.3294410078826657,-0.12053239061429714,2.733215579676626,-0.01834043937506359
2.0,280,0.3295675320321554,-0.12053239061429714,2.734265290454325,-0.0173980242895745
2.0,290,0.32914913490952546,-0.12053239061429714,2.7307940482388715,-0.01075929852989804
2.0,300,0.32880477747515724,-0.12053239061429714,2.7279370781529617,-0.013319441742955986
2.0,310,0.19112737586239126,-0.25284702340793536,0.7559012294719896,-0.11254768999728332
2.0,320,0.28435154324117384,-0.22773421235690222,1.248611441813326,-0.09835368247269448
2.0,330,0.3317417735197672,-0.12418521464335432,2.6713467820826455,-0.027968916589125363
2.0,340,0.30867904358095166,-0.22318392152200164,1.3830702564768844,-0.15119220563499625
2.0,350,0.32715284168720404,-0.21413142917024916,1.5278132825008846,-0.03662108187753019
2.0,360,0.3157223549909469,-0.1966878190401292,1.6051952608541138,-0.05580286018364412
2.0,370,0.3434698176297848,-0.19463553704183917,1.7646819427222684,-0.12592806922841843
2.0,380,0.2793724668463635,-0.3415664498239751,0.817915421700044,-0.11885431879604567
2.0,390,0.2826823860637777,-0.21218602737310835,1.332238458693175,-0.09778724867847668
2.0,400,0.203415174725057,-0.284990366836594,0.7137615807263055,-0.13576478105568607
2.0,410,0.3045697492421324,-0.25306152967587764,1.2035402995952278,-0.13689068199850746
2.0,420,0.3273360575793074,-0.16589608766222086,1.9731391028689755,-0.05346436870804762
2.0,430,0.3139380851696634,-0.28222595948038587,1.1123643117297346,-0.19946127418845636
2.0,440,0.34216912377856956,-0.24157531893248418,1.4164076251274638,-0.0872177798269611
2.0,450,0.33557740017056203,-0.15650017411124625,2.1442621522709673,-0.08980862738056838
2.1,150,0.31789097457227045,-0.12817878107128491,2.480059272801788,-0.045247347523182435
2.1,160,0.3175094599497743,-0.13825895386100198,2.296483888262174,-0.05680523696774066
2.1,170,0.31075282391494574,-0.17644961666483064,1.761141961023506,-0.09510312097502427
2.1,180,0.314514603504769,-0.15711495809065024,2.0018119682996973,-0.07502657461529182
2.1,190,0.32043237640547373,-0.12628271111364264,2.537420788480812,-0.04093080008014085
2.1,200,0.3228420505174707,-0.13102246651039223,2.4640205540006686,-0.04758736819679082
2.1,210,0.32145335217131144,-0.13254292882584998,2.425277266912319,-0.0491646344872164
2.1,220,0.32543858644046564,-0.13061292626060586,2.4916261794114716,-0.05016238034865714
2.1,230,0.32998096664701215,-0.12429990734820268,2.6547161111120774,-0.016292576781833726
2.1,240,0.3299627043642397,-0.12432383052055605,2.6540583811056457,-0.01629481356024452
2.1,250,0.32913590962535855,-0.12432383052055605,2.6474080491828014,-0.022500987451476395
2.1,260,0.33096979717666497,-0.12432383052055605,2.662158942423685,-0.008710601306854984
2.1,270,0.3298185311975148,-0.12432383052055605,2.652898722767247,-0.01737833435832642
2.1,280,0.3299448857708698,-0.12432383052055605,2.653915057067967,-0.016428757696401324
2.1,290,0.3295270497641445,-0.12432383052055605,2.6505541888822317,-0.00973958310298095
2.1,300,0.32958491957828717,-0.12432383052055605,2.6510196653230746,-0.012319181290380607
2.1,310,0.19159396673834928,-0.2612002732019634,0.7335136536790924,-0.12425857951496007
2.1,320,0.28024165487307595,-0.2547634611032725,1.1000072524508349,-0.13929956683009478
2.1,330,0.3328608710652219,-0.12805827451508564,2.599292176359989,-0.02493582593513774
2.1,340,0.30480601705103405,-0.237906579239883,1.2812004528201628,-0.15290101334437237
2.1,350,0.32693500003291787,-0.22801095656752696,1.4338565345919854,-0.040847665339874564
2.1,360,0.31441317649443734,-0.19421931670326428,1.6188563621342045,-0.05240063720966384
2.1,370,0.34768602415882666,-0.18987502957120914,1.8311308492959755,-0.12264049745297699
2.1,380,0.28497181098302393,-0.33485810107148534,0.8510225975455445,-0.12376845476191221
2.1,390,0.2839512352534874,-0.22073781840013645,1.286373297115597,-0.11596273724839158
2.1,400,0.2044424230962294,-0.298739241311433,0.684350747490518,-0.14105678300520427
2.1,410,0.30089420799970834,-0.2915569200137439,1.032025609220746,-0.17476443245638262
2.1,420,0.3293915814670243,-0.17245013023631572,1.9100686152897945,-0.0392042456969743
2.1,430,0.30865193606566144,-0.30298789802764997,1.0186939414903449,-0.20384773748290336
2.1,440,0.3405730444651529,-0.2615841884206519,1.3019634195836007,-0.10050400592340905
2.1,450,0.3337965387043538,-0.1982739933206756,1.6835114535898448,-0.08707592311170764
2.2,150,0.3108062098518176,-0.13728618208791588,2.263929298090483,-0.04564803389692368
2.2,160,0.3113070434448071,-0.1463014402485092,2.1278467451586094,-0.056781401713936856
2.2,170,0.30439575247789086,-0.18419373706642878,1.6525847041591413,-0.0946450468272119
2.2,180,0.3088145636037041,-0.16054852604991143,1.92349672215427,-0.07003814579370793
2.2,190,0.3148534981512623,-0.12647711309443782,2.489410854248134,-0.036332430478422655
2.2,200,0.3166617613850977,-0.13568453868343233,2.333808733535264,-0.04769870458538144
2.2,210,0.3152418981970355,-0.13718983282015856,2.2978517556055666,-0.049259654250993976
2.2,220,0.3191921928397683,-0.13420819600678513,2.3783360654339694,-0.051132782893839886
2.2,230,0.3251717321698169,-0.12604403081467525,2.579826510371781,-0.0078624385790854
2.2,240,0.324091608910666,-0.12663085908829647,2.559341468928085,-0.012519149777403418
2.2,250,0.3238820408868417,-0.12663085908829647,2.557686516688693,-0.014050456965025705
2.2,260,0.3257504309623396,-0.12663085908829647,2.5724411356571633,-0.00035771146428490255
2.2,270,0.3245775377093707,-0.12663085908829647,2.563178833707912,-0.008964074005369216
2.2,280,0.32564439483893404,-0.12663085908829647,2.5716037716515094,-0.0011372553583288343
2.2,290,0.32654655514982545,-0.12663085908829647,2.5787281038829,0.005504557594345455
2.2,300,0.3266050417976176,-0.12663085908829647,2.579189971141902,0.002943223843150087
2.2,310,0.1955799623521488,-0.21692947767151538,0.901583152513302,-0.0925678786711325
2.2,320,0.28624415290141814,-0.22942904163163494,1.2476369637676645,-0.12612540953906978
2.2,330,0.32792473482869355,-0.12972895908284646,2.5277681802663423,-0.009224228798793277
2.2,340,0.30277401329107545,-0.2343666805460558,1.2918816471080103,-0.15738329744081608
2.2,350,0.32730290816135454,-0.21972521214419585,1.489601056553129,-0.0511111045086957
2.2,360,0.3161072607295179,-0.19244508169835262,1.6425842528155599,-0.05310636301429969
2.2,370,0.35191583344103017,-0.17746005704839518,1.9830706655586112,-0.12481925244020604
2.2,380,0.2921889262008266,-0.3345163388821045,0.8734668302818069,-0.14042259891319545
2.2,390,0.28492917402391327,-0.23487119866211997,1.213129475418591,-0.1339037907055687
2.2,400,0.20742850965458004,-0.2618679015117335,0.7921112456208604,-0.118887837578773
2.2,410,0.30643716895308515,-0.2674689278986627,1.1456925907639879,-0.16219005707098338
2.2,420,0.3195469532124253,-0.17469996354373074,1.8291186027204671,-0.04857209209259289
2.2,430,0.3028667112426162,-0.32802776111369986,0.9232959741405472,-0.23942082770951317
2.2,440,0.3438614311326953,-0.24551258231244474,1.4005857781052118,-0.09964729065823016
2.2,450,0.33647263798073257,-0.19791514460229256,1.7000853505014442,-0.07581194474450262
2.3,150,0.3103953664382215,-0.13809334233962012,2.247721441015238,-0.046557326327889864
2.3,160,0.3108969415686309,-0.1470868474308636,2.1136964113311647,-0.05766452692682065
2.3,170,0.3039752725921896,-0.1849623872682494,1.643443713512071,-0.09551229509513776
2.3,180,0.30840075521059807,-0.16133538884197696,1.9115505743917542,-0.07092511447756561
2.3,190,0.31444860100427685,-0.13168902504303423,2.3878117474217704,-0.03724006056478144
2.3,200,0.31675282494579693,-0.13600433837709744,2.3289905948995577,-0.04840767262535197
2.3,210,0.3153334270864441,-0.1375034051576593,2.293277222661414,-0.04996192695552897
2.3,220,0.3192824341916751,-0.13452942345936716,2.3733279009265225,-0.051816690874114606
2.3,230,0.32526006606062663,-0.13168902504303423,2.4699101990795054,-0.008729183044335901
2.3,240,0.32418028371708285,-0.13229807769540206,2.4503778842763153,-0.013368983901709488
2.3,250,0.3239707820230078,-0.13229807769540206,2.44879432616478,-0.014893799503053123
2.3,260,0.32583858285369893,-0.13229807769540206,2.4629124514106473,-0.0012591009046766292
2.3,270,0.3246660589468642,-0.13229807769540206,2.4540497080718184,-0.009828978966727346
2.3,280,0.32573258004439465,-0.13229807769540206,2.4621112091616983,-0.0020353401211959687
2.3,290,0.326634457403705,-0.13229807769540206,2.468928219469186,0.004578316559387743
2.3,300,0.3266929257458646,-0.13229807769540206,2.4693701634730454,0.0020278409293902028
2.3,310,0.21472028381230124,-0.20905239837893072,1.0271122717429764,-0.08785514355765082
2.3,320,0.2890096038034726,-0.21078763487455812,1.3710937265151497,-0.11760699279559754
2.3,330,0.3280167258472597,-0.13551288994292077,2.4205573800796607,-0.010102747516678542
2.3,340,0.30123745431265414,-0.24027057030526114,1.2537426199552248,-0.15660096168253543
2.3,350,0.3240394806423954,-0.22015084532418105,1.471897508116465,-0.05252528291120204
2.3,360,0.3151296811878206,-0.1926198476485616,1.636018743835684,-0.056302167381447776
2.3,370,0.35330278113740965,-0.1835473793691338,1.9248587604559542,-0.1364371222333956
2.3,380,0.3033640241407751,-0.3388453266142645,0.8952876144758501,-0.14562668108402346
2.3,390,0.2963497477127881,-0.24332188577644592,1.217932972889508,-0.14336060264443512
2.3,400,0.2236914094905249,-0.2604728607876557,0.8587896981439613,-0.11691910797219346
2.3,410,0.30461685334400257,-0.2567773134589507,1.186307502172304,-0.1582292838282187
2.3,420,0.3199827917546112,-0.18295741719437789,1.7489468132065649,-0.04412497514023235
2.3,430,0.3007221384268104,-0.3390330838451759,0.8869993896057038,-0.24235031052295586
2.3,440,0.3392859397798875,-0.2473809050989304,1.3715122419986427,-0.10772200501563901
2.3,450,0.33416644281523955,-0.19960388187745473,1.674148015920845,-0.0845931358589421
2.4,150,0.3162791648815386,-0.12388567191183489,2.5529922871679904,-0.0351386702927892
2.4,160,0.3150210856352589,-0.14463920132205094,2.1779786030056876,-0.05830213013420594
2.4,170,0.3099479279829629,-0.16950338982661958,1.828564775607144,-0.082709531387819
2.4,180,0.3142797699333568,-0.14668748680747415,2.1425124717410005,-0.05899953545387887
2.4,190,0.31931001031404005,-0.1200625840389433,2.659529718354797,-0.032981273256360646
2.4,200,0.32255941271158073,-0.1277888871988727,2.5241585538623124,-0.04355236938379236
2.4,210,0.32283515239759075,-0.11866361629541222,2.720590880981538,-0.03337214939899079
2.4,220,0.32716428581873847,-0.11866361629541222,2.7570732801894837,-0.03526750373118503
2.4,230,0.33308013663254377,-0.11866361629541222,2.806927237101414,0.006640546915620586
2.4,240,0.33203002416298455,-0.11920354065789297,2.785404043625607,0.0022550044613866864
2.4,250,0.33182629465116387,-0.11920354065789297,2.7836949541917173,0.0007979855843567354
2.4,260,0.33364281228094295,-0.11920354065789297,2.798933743406816,0.01382645487791762
2.4,270,0.3325024348201213,-0.11920354065789297,2.7893671025626947,0.005637612830886198
2.4,280,0.3336028161506148,-0.11920354065789297,2.7985982153670665,0.013538689636615616
2.4,290,0.33447986773087646,-0.11920354065789297,2.805955812091301,0.019858288295833477
2.4,300,0.33538719718495535,-0.11920354065789297,2.813567410279335,0.017421212537271764
2.4,310,0.22555475706648664,-0.20480957216319484,1.1012901139540576,-0.07659211667574636
2.4,320,0.29802920471865435,-0.22185366366293902,1.3433594009583198,-0.09555593855342974
2.4,330,0.33721709497802665,-0.12205213411844469,2.7628938847621995,0.0060891580461797865
2.4,340,0.30397969749772025,-0.23660982495356303,1.2847298186259983,-0.15546057163997135
2.4,350,0.32925613991920843,-0.21472288143439053,1.5334003424307345,-0.05605865312362321
2.4,360,0.3193087447828622,-0.18911327098779324,1.688452339251605,-0.05952376745653808
2.4,370,0.3591971759601078,-0.17573438589068208,2.0439777573385736,-0.13001309879510936
2.4,380,0.31393412246667696,-0.3679549210947962,0.8531863673207896,-0.14643766277641868
2.4,390,0.3065408709238193,-0.2491407556409646,1.2303923143171875,-0.14435949746954313
2.4,400,0.2342542971071364,-0.2489126663388272,0.9411103924629638,-0.10387812876273195
2.4,410,0.3153308846300953,-0.24649826108391473,1.2792418220051787,-0.12673222752191746
2.4,420,0.32942763793267615,-0.16701120934641756,1.9724881893967465,-0.02293934052401516
2.4,430,0.302224882198435,-0.3238349090632147,0.9332683837968769,-0.2289332960315078
2.4,440,0.341837668681507,-0.24375443121251453,1.402385454004238,-0.11161090048224011
2.4,450,0.33824272824526447,-0.197118386790525,1.7159369744878763,-0.08811025719895664
2.5,150,0.3131410333597744,-0.11950337036391188,2.620353153272554,-0.04331682240893281
2.5,160,0.3122815212281509,-0.13826769144555598,2.2585284961607552,-0.06411098097451616
2.5,170,0.3059365543969943,-0.17178049555455124,1.7809737561261136,-0.09742703820710753
2.5,180,0.3103310216671653,-0.148511601536164,2.0896079394281983,-0.07340781703722067
2.5,190,0.31578622742999585,-0.1213892980544563,2.6014338371767454,-0.04442715057646651
2.5,200,0.31907665803317387,-0.12922561188435025,2.4691441068101097,-0.05479313831974414
2.5,210,0.3190066215581857,-0.12158754934086344,2.623678355946378,-0.04693398717695706
2.5,220,0.3241549830413699,-0.11710767505135732,2.768008013985526,-0.04328031436947808
2.5,230,0.3301338110772758,-0.11710767505135732,2.8190621232339925,-0.0008373751865617941
2.5,240,0.32907263767599404,-0.11763824676579422,2.7973269470017192,-0.005302703131521828
2.5,250,0.3294343604566887,-0.11671341620616496,2.8225920478136732,-0.008189813206073324
2.5,260,0.33140018864044873,-0.11671341620616496,2.839435254427449,0.005895280479450744
2.5,270,0.33025068435790805,-0.11671341620616496,2.8295863071520975,-0.002352816381253283
2.5,280,0.3313598731700691,-0.11671341620616496,2.8390898316672373,0.005605432956471199
2.5,290,0.33224391469657966,-0.11671341620616496,2.8466642953000125,0.01197076050371583
2.5,300,0.33315844753970647,-0.11671341620616496,2.8545000083898544,0.009516049960022078
2.5,310,0.23685014326504072,-0.1982869846899765,1.194481542171606,-0.061434221522464
2.5,320,0.29725197861749475,-0.2088195046108361,1.4234876151605893,-0.09703626987906966
2.5,330,0.33409059597750357,-0.12043715706621443,2.773982748478743,-0.002040287930069425
2.5,340,0.29862628153219695,-0.2632723377844255,1.1342865872096302,-0.16151480375938929
2.5,350,0.31837701436732924,-0.21388539934606496,1.4885401964824987,-0.07775523207900824
2.5,360,0.3196544589401724,-0.21415678207921587,1.4926188927415491,-0.06228250039387661
2.5,370,0.35673025477749754,-0.17845404194821604,1.9990035018708843,-0.13073004937810304
2.5,380,0.3112758976777046,-0.36615390227612565,0.8501231196573833,-0.16520569570283702
2.5,390,0.30990649867312636,-0.254802362283656,1.2162622665488725,-0.1489143831372682
2.5,400,0.24109381803602026,-0.24094312348013058,1.0006254362179468,-0.09302641771286013
2.5,410,0.3082490433203928,-0.2621474253520497,1.1758614180796594,-0.1392793119816687
2.5,420,0.3251193143736153,-0.16552424636517313,1.9641793967534507,-0.033510280917026264
2.5,430,0.2958179200717408,-0.35352924027318805,0.8367565858007923,-0.24243458633144097
2.5,440,0.32910799331691565,-0.2824383350812314,1.1652383987544102,-0.1405357993947541
2.5,450,0.3376609585638246,-0.22374833851718118,1.509110462234321,-0.09218618819732916
2.6,150,0.3180776136748733,-0.10485431332568654,3.0335195910052533,-0.032220221781111794
2.6,160,0.317233233447866,-0.12359897166150557,2.5666332752076375,-0.052894067563154665
2.6,170,0.3110017113382424,-0.1563755524781377,1.988812870104631,-0.08550605240079374
2.6,180,0.31560829339744023,-0.13146360340859356,2.400727541420863,-0.05980980660740734
2.6,190,0.3209091102285109,-0.11283079346977908,2.8441624875612,-0.03174055163953771
2.6,200,0.3238578430926353,-0.11824057733790733,2.738973797185682,-0.04426993834425592
2.6,210,0.3237889938876706,-0.11087196857924761,2.9203864424598622,-0.03655457468249865
2.6,220,0.3287872889131904,-0.10903026618196367,3.0155598112955913,-0.033163186004889836
2.6,230,0.3346695045103927,-0.09948670412725029,3.3639621238464943,0.008535471733467881
2.6,240,0.33312864256137287,-0.10041802695455637,3.3174187211637647,0.004192687183063527
2.6,250,0.3337579590654718,-0.09965703427826862,3.34906573813477,0.003243521168449815
2.6,260,0.3356939832782777,-0.09965703427826862,3.3684926077664716,0.01713125708982543
2.6,270,0.3345618765548719,-0.09965703427826862,3.357132579529582,0.00899873105820161
2.6,280,0.3356542765458448,-0.09965703427826862,3.3680941739507304,0.01684547085748096
2.6,290,0.3391546170661539,-0.09706868055658473,3.493965459522743,0.02268888601684463
2.6,300,0.33935036423357157,-0.09706868055658473,3.4959820437216345,0.018097480617507912
2.6,310,0.24361429144054147,-0.1970785492595474,1.2361278909137274,-0.05001312693788231
2.6,320,0.302144454989026,-0.20162489118158305,1.498547392726998,-0.09260413915577576
2.6,330,0.33807815498784466,-0.10217739426129192,3.3087372939194193,0.005235118627784555
2.6,340,0.3000500471608567,-0.2663300995566328,1.1266096008688409,-0.1526633183414318
2.6,350,0.3172841296993738,-0.2140165298052253,1.48252160703723,-0.05954159362282788
2.6,360,0.31717866627202884,-0.24270210853732893,1.3068640737550288,-0.06611253905662616
2.6,370,0.3558451639832114,-0.17755331509165956,2.0041595044255356,-0.12641648090923943
2.6,380,0.3128347361005517,-0.3285598249593058,0.95213934369273,-0.16109502254764577
2.6,390,0.313624334674945,-0.24472434777035895,1.281541201487804,-0.1401617744911328
2.6,400,0.24864650312509484,-0.23140273673437087,1.0745184202835,-0.08639468139354375
2.6,410,0.3126108818690534,-0.25772616461526493,1.2129574905043912,-0.13747343698339634
2.6,420,0.32848888473627924,-0.13796646629792375,2.380932798749392,-0.03554586457910458
2.6,430,0.29789764010039654,-0.33411033440260096,0.8916145638926322,-0.2298686442634736
2.6,440,0.32815324289381254,-0.25673994380335874,1.278154221086651,-0.11434493100623418
2.6,450,0.33489456267040274,-0.25367676430976077,1.3201625445737244,-0.09704720944091993
2.7,150,0.3167951349410918,-0.10654562840693356,2.973328325880671,-0.02827131090272699
2.7,160,0.3159468548787623,-0.12025252996753118,2.6273613949250767,-0.04911783676168648
2.7,170,0.3089628354727796,-0.15313283918692622,2.0176131854750943,-0.08182949951869502
2.7,180,0.3137008313694978,-0.12801755469198264,2.450451675352489,-0.05596956514518263
2.7,190,0.31903769229531975,-0.10934039756037102,2.9178391464981352,-0.0278199222805862
2.7,200,0.3220061173306694,-0.1148708814244385,2.803200544277911,-0.04051405727329185
2.7,210,0.321936811218696,-0.10747418003755804,2.9954805061661474,-0.03276843986401635
2.7,220,0.3269679235109053,-0.10654562840693356,3.068806561092351,-0.02942887824364118
2.7,230,0.3328878593683293,-0.10654562840693356,3.1243690083362097,0.012430486993131845
2.7,240,0.331755978527178,-0.10723887020876868,3.0936168749384216,0.008072773872760388
2.7,250,0.3323883615122334,-0.10621940241744753,3.129262205843812,0.007101728428235002
2.7,260,0.33433376739097187,-0.10621940241744753,3.1475771825285137,0.021001607555034357
2.7,270,0.3331961841697031,-0.10621940241744753,3.1368674327523096,0.012861970577841367
2.7,280,0.3330973600933407,-0.10621940241744753,3.135937055870937,0.012156412000118142
2.7,290,0.3366292957656336,-0.10278135911470439,3.2751979411943175,0.018092672211213967
2.7,300,0.3368267957372735,-0.10278135911470439,3.277119495582594,0.013497327362226468
2.7,310,0.24969133340794514,-0.19248624795582195,1.297190506125157,-0.0483856729392524
2.7,320,0.30011611365351887,-0.20452940561778624,1.4673494637458637,-0.09572027968706942
2.7,330,0.33281041863300764,-0.10961108108504176,3.036284427984034,0.0004514380883033948
2.7,340,0.2971639193769613,-0.2657284108715177,1.118299388470896,-0.168332455068481
2.7,350,0.31421488883475934,-0.21394485865585383,1.4686723056065456,-0.07831063344694855
2.7,360,0.31763289765067637,-0.24472274547755093,1.2979296102242106,-0.06800366041489202
2.7,370,0.3536636189848874,-0.17956219866427967,1.9695883744780731,-0.12808931306646884
2.7,380,0.3149156726481359,-0.32206174780011215,0.9778114749709069,-0.1453157383121724
2.7,390,0.31733124887879893,-0.23625529537090043,1.3431709472611661,-0.13302607720082243
2.7,400,0.254984074344355,-0.2266113903907904,1.1252041387003364,-0.08391844607051088
2.7,410,0.3103189103518422,-0.2609924321683904,1.1889958179002935,-0.14101015281707915
2.7,420,0.3226729443288605,-0.1381357015407258,2.335912734578096,-0.041350180374630674
2.7,430,0.29331935200299375,-0.3661064138812215,0.8011860510538814,-0.263353004556309
2.7,440,0.32400936313865647,-0.28252061791202504,1.1468520971434046,-0.14130937489669315
2.7,450,0.3368200689829044,-0.25404696481290806,1.325818118830722,-0.09480208236480545
2.8,150,0.3136612017302687,-0.12468516007742429,2.5156257692214385,-0.029116356199031492
2.8,160,0.31280329947452534,-0.12468516007742429,2.5087452210053507,-0.05055706521917095
2.8,170,0.30573867511223396,-0.15755308883539976,1.9405438342859018,-0.08426366175560158
2.8,180,0.3098657200929229,-0.13634881525176493,2.272595618236675,-0.062411995390146045
2.8,190,0.31527594491552824,-0.12468516007742429,2.528576333540856,-0.03337537228020859
2.8,200,0.3189606660030091,-0.12468516007742429,2.5581285359456394,-0.04166337888092275
2.8,210,0.3188906004178058,-0.12468516007742429,2.5575665958947162,-0.0336980301968237
2.8,220,0.3233565817062434,-0.12468516007742429,2.593384661859137,-0.0347550864634438
2.8,230,0.32935225299890725,-0.12468516007742429,2.641471148566463,0.008266309929727106
2.8,240,0.3288296624484164,-0.12534567634890878,2.6233825691210533,0.008297728780735833
2.8,250,0.3288464402099678,-0.12437378403014251,2.644017328686168,0.002797366323071671
2.8,260,0.3308163637758914,-0.12437378403014251,2.659856064970385,0.017082418236997566
2.8,270,0.3296644689641326,-0.12437378403014251,2.6505945086002773,0.008717227740086297
2.8,280,0.3295643982631602,-0.12437378403014251,2.6497899121834942,0.007992117771923764
2.8,290,0.33314055681524724,-0.12107067090702277,2.751620638751439,0.014169831674056539
2.8,300,0.3333405096741666,-0.12107067090702277,2.75327217712503,0.009449597493864407
2.8,310,0.25348613401728093,-0.18896441201763617,1.3414490660475418,-0.04460145579544166
2.8,320,0.30815179734114206,-0.19600112355127794,1.5721940352067583,-0.09595717552970695
2.8,330,0.329088968139996,-0.12759394678296032,2.579189502616315,-0.004120168916540805
2.8,340,0.2934117498596658,-0.2698006652709037,1.0875130703071265,-0.18352465488839337
2.8,350,0.3103828548799479,-0.23557728258830224,1.3175415365596894,-0.10037170594488129
2.8,360,0.31383445420942224,-0.25553808003546435,1.228131846986826,-0.08119188915449208
2.8,370,0.3545762792659197,-0.20547939148458716,1.7256050677593924,-0.13668553720465432
2.8,380,0.3176043293832522,-0.3324447716245347,0.955359676229039,-0.1535245361486279
2.8,390,0.3148929909270939,-0.2677095504697368,1.176248626074664,-0.13848370547554933
2.8,400,0.25873411409238845,-0.22166184096804148,1.167246978381326,-0.07951190875472605
2.8,410,0.31914487310431583,-0.25068991890077497,1.2730662425665225,-0.1396661686502556
2.8,420,0.3190885213546233,-0.17273122030329288,1.8473123781233445,-0.04273907202396609
2.8,430,0.2884883319917042,-0.3833582100665698,0.7525294213514,-0.2815562620330368
2.8,440,0.3195062631357155,-0.31003151393155076,1.030560600385471,-0.16771816829428837
2.8,450,0.33315617532273367,-0.2657218121626409,1.253778049348911,-0.10450750047995651
2.9,150,0.3155292405376171,-0.13278854527698797,2.376178155122073,-0.021540844627264653
2.9,160,0.31467708961509455,-0.13278854527698797,2.369760802475088,-0.04336363566799208
2.9,170,0.30761628315849254,-0.15405639075176195,1.9967771648900214,-0.08050818461331773
2.9,180,0.3117156523518627,-0.13278854527698797,2.347458899422724,-0.058417276314701526
2.9,190,0.3170903387559534,-0.13278854527698797,2.3879344268327083,-0.029101339478961884
2.9,200,0.32075132731322786,-0.13278854527698797,2.415504489819978,-0.03760840388568534
2.9,210,0.3206817094967209,-0.13278854527698797,2.4149802140523526,-0.029559294677708972
2.9,220,0.3251194183687076,-0.13278854527698797,2.4483995791243167,-0.03070137180060965
2.9,230,0.3310779760386977,-0.13278854527698797,2.493272106777669,0.012764320764573664
2.9,240,0.3305585825694828,-0.13349784577491114,2.4761342076398223,0.012813338751602475
2.9,250,0.33057525757768635,-0.1324541932889528,2.495770419714282,0.0072308397154548865
2.9,260,0.33253316769997077,-0.1324541932889528,2.5105522101104016,0.02166315043588675
2.9,270,0.33138828535056053,-0.1324541932889528,2.5019086004142355,0.013211726582863605
2.9,280,0.331288825488266,-0.1324541932889528,2.5011577003496557,0.012479141750126509
2.9,290,0.33484331621929164,-0.12890820003285003,2.597533098235509,0.018632097666908907
2.9,300,0.33504206730844643,-0.12890820003285003,2.599074901542856,0.013864150178538287
2.9,310,0.2579971999903925,-0.18532962297423602,1.3920990926866479,-0.04475764242735983
2.9,320,0.3113239675139179,-0.1811454330709534,1.7186409960000175,-0.08576812155845806
2.9,330,0.3282779503690956,-0.13591263488136437,2.415360063143823,0.0003234652812397263
2.9,340,0.2892999111479799,-0.28551572998523506,1.0132538447634412,-0.19919993464739696
2.9,350,0.30774294865120644,-0.23848338421229298,1.2904167293150286,-0.10123356321589559
2.9,360,0.3118443522534631,-0.23833441372698533,1.3084319103437752,-0.08384926422051123
2.9,370,0.356882151700481,-0.21352095532261434,1.6714151131501753,-0.12600617393967248
2.9,380,0.31959225338050956,-0.32151388843365925,0.9940231662697017,-0.134894700465935
2.9,390,0.31437091307953713,-0.26673352087559477,1.178595446299982,-0.12198425064130435
2.9,400,0.26384741308587656,-0.21445403475809574,1.2303215156734941,-0.0788340638896362
2.9,410,0.3227283283631679,-0.22287517236536203,1.4480227875454668,-0.12699167887930404
2.9,420,0.3182475734845569,-0.1842495737961837,1.727263553057666,-0.037723566290981655
2.9,430,0.2840168368195235,-0.4025047355084701,0.7056235908895209,-0.3008130014098754
2.9,440,0.31699242440878606,-0.3116552121000522,1.017125374778011,-0.16864556354504592
2.9,450,0.3310601791582821,-0.24678451865246445,1.3414949242602179,-0.10671223776705445
3.0,150,0.3172924283746945,-0.13502900189063036,2.349809477460941,-0.029517647361960813
3.0,160,0.31644566310003586,-0.13502900189063036,2.3435384892820865,-0.05149570558159213
3.0,170,0.31026098296177707,-0.15302030356229926,2.027580495783426,-0.08320778628251262
3.0,180,0.31432174713730054,-0.13502900189063036,2.327809157560775,-0.06079154205146151
3.0,190,0.31964684281482714,-0.13502900189063036,2.3672458385920083,-0.03102622851699949
3.0,200,0.3232747034149961,-0.13502900189063036,2.3941131082109264,-0.03959330926469829
3.0,210,0.3232057107171331,-0.13502900189063036,2.393602160955915,-0.03143041234967325
3.0,220,0.32760394287794425,-0.13502900189063036,2.426174660931687,-0.0325543740814928
3.0,230,0.33351065948933134,-0.13502900189063036,2.4699187198278003,0.011514624549499105
3.0,240,0.3329957326325206,-0.13576250556866984,2.4527812832983438,0.011559459559704712
3.0,250,0.3330122640875133,-0.13468328679093794,2.472558192052674,0.005906778385408202
3.0,260,0.33495338947698117,-0.13468328679093794,2.486970710752793,0.020539041867579363
3.0,270,0.3338183049560921,-0.13468328679093794,2.47854290543311,0.01197052757957487
3.0,280,0.3337196985219393,-0.13468328679093794,2.477810769794737,0.011227793134392008
3.0,290,0.3372439126085156,-0.13101858812179032,2.5740157747313335,0.01748896593286224
3.0,300,0.33685222177976826,-0.13101858812179032,2.5710261926089615,0.01265626205760087
3.0,310,0.2680459246940059,-0.1813832534077231,1.4777876108081365,-0.03981006759869513
3.0,320,0.3164175317440858,-0.18211542884791476,1.7374559297132766,-0.07732415009630166
3.0,330,0.3298838998445681,-0.13826068522715274,2.3859559158309662,-0.0011231851922610416
3.0,340,0.28985721927806773,-0.291033264648878,0.9959590688980892,-0.20321753096198342
3.0,350,0.30627702304044746,-0.23652345225088017,1.2949118581085979,-0.10159255003203972
3.0,360,0.3130533151583921,-0.23785071270778027,1.3161756447751518,-0.08396445720390636
3.0,370,0.361448737626096,-0.21513335464191335,1.6801148210035708,-0.11081903239251428
3.0,380,0.32520293329589367,-0.3211965803472316,1.012473211714555,-0.1309521951676388
3.0,390,0.3210627703986064,-0.26658793615355925,1.2043409579256756,-0.1102549684160305
3.0,400,0.2747420289872009,-0.20763692454538843,1.3231848313527859,-0.07113021597998224
3.0,410,0.3300323511254395,-0.21602427790931245,1.527755835221391,-0.10781293912573377
3.0,420,0.3225338039057526,-0.1842495737961837,1.7505267299154703,-0.03769793942508378
3.0,430,0.2870069291942736,-0.4033055729434089,0.7116364078473716,-0.30150266334887504
3.0,440,0.3156072905067573,-0.308936852045137,1.021591591995136,-0.16656480785475344
3.0,450,0.3326705794917524,-0.2462659478436998,1.3508590302663035,-0.10446538772556209
3.1,150,0.3199994400327668,-0.13396136745801046,2.388744203682969,-0.028409148775016258
3.1,160,0.31916086316146774,-0.13396136745801046,2.382484362601831,-0.049954917041462966
3.1,170,0.3132030384237998,-0.14540379146494053,2.1540225001582485,-0.08146186657978959
3.1,180,0.3172213696146211,-0.13396136745801046,2.368006356116457,-0.059515974514233926
3.1,190,0.32188188571816934,-0.13396136745801046,2.4027963570845277,-0.03038100388915183
3.1,200,0.32548107922137226,-0.13396136745801046,2.4296637560331917,-0.038795173676843986
3.1,210,0.32541262754505484,-0.13396136745801046,2.4291527753107913,-0.030796827254032783
3.1,220,0.32977668787107906,-0.13396136745801046,2.4617297817181956,-0.03190980904734323
3.1,230,0.33545495691074745,-0.13396136745801046,2.504117144190053,0.009920353862670758
3.1,240,0.3349435664879359,-0.13468328679093794,2.4868977767661096,0.009958213463458612
3.1,250,0.3342039840119233,-0.13468328679093794,2.4814065054017522,0.004451132675249612
3.1,260,0.3361369647777728,-0.13468328679093794,2.4957585516868264,0.01887494914155439
3.1,270,0.33500663467222624,-0.13468328679093794,2.487366047074869,0.010428499442936503
3.1,280,0.33490844235019046,-0.13468328679093794,2.4866369861470035,0.009696345778974763
3.1,290,0.33841796366482035,-0.13101858812179032,2.582976725029572,0.01589980219221438
3.1,300,0.3380278949423636,-0.13101858812179032,2.579999523641215,0.011134606411811023
3.1,310,0.2711082881567486,-0.18058209281600876,1.5013021719322692,-0.030923495950591885
3.1,320,0.3197666220716504,-0.18211542884791476,1.7558458615754553,-0.0793560038703063
3.1,330,0.3311512755162236,-0.13826068522715268,2.3951224816524315,-0.002503985148398503
3.1,340,0.28954031533583846,-0.29599701827490815,0.9781865946599739,-0.20540377729620066
3.1,350,0.3051695906502274,-0.2324801895760988,1.3126692265980575,-0.09950208202626709
3.1,360,0.31014412126624014,-0.23785071270778027,1.3039444689294601,-0.08298711908424042
3.1,370,0.36143053145476944,-0.21513335464191335,1.680030193627417,-0.10651385549916982
3.1,380,0.3251180790678463,-0.31277994621087646,1.0394466876998931,-0.1352294048675126
3.1,390,0.31853930365944794,-0.2628011946201258,1.2120922970684762,-0.1099318880669489
3.1,400,0.2779478006412899,-0.2067953104331147,1.3440720684581895,-0.06290031796859363
3.1,410,0.3337929590179638,-0.21602427790931245,1.5451641002965923,-0.11011769137584645
3.1,420,0.3240628879705121,-0.1842495737961837,1.7588257128289992,-0.03872879378701882
3.1,430,0.2860813523044563,-0.41079187099188047,0.6964143463055793,-0.3057490645386919
3.1,440,0.312896001388713,-0.3080210830994578,1.0158265734286802,-0.1655995150024485
3.1,450,0.329442947294071,-0.2462659478436998,1.3377527432382248,-0.10345694369151434
3.2,150,0.319339276868291,-0.13443757272125095,2.375372229684805,-0.03036292976651266
3.2,160,0.3184987119700051,-0.13443757272125095,2.369119774502289,-0.05184866703257544
3.2,170,0.31216604358167155,-0.14971647965400875,2.085047980710473,-0.08596785752178812
3.2,180,0.31619927010833204,-0.13443757272125095,2.352015613700153,-0.06404410054658866
3.2,190,0.3208767380897328,-0.13443757272125095,2.3868084761917965,-0.03489803813424928
3.2,200,0.32448878994207275,-0.13443757272125095,2.4136763508433967,-0.04316566389601757
3.2,210,0.32442009558676865,-0.13443757272125095,2.413165374976207,-0.0351750681576326
3.2,220,0.32879948460623787,-0.13443757272125095,2.445741007895061,-0.036209157709666616
3.2,230,0.33437342985645513,-0.13443757272125095,2.4872022239627936,0.004663877161144063
3.2,240,0.3338600759195598,-0.13516464765637662,2.4700251264540576,0.004681659170311669
3.2,250,0.33311764611161543,-0.13516464765637662,2.464532345458306,-0.000820159943252242
3.2,260,0.3350580496161124,-0.13516464765637662,2.4788881961791986,0.013589875459671613
3.2,270,0.3339233864917157,-0.13516464765637662,2.4704935223937774,0.005151495820660512
3.2,280,0.33379502905876923,-0.13516464765637662,2.4695438847838544,0.004199047005712277
3.2,290,0.33731830987094313,-0.1314740656598773,2.5656642485186683,0.010503367945932438
3.2,300,0.336926722074244,-0.1314740656598773,2.5626858071452028,0.005742636665750855
3.2,310,0.2744486909822481,-0.17842637680454546,1.538162103033056,-0.01528997033203432
3.2,320,0.31325817219499297,-0.20946790322795347,1.495494858007385,-0.07854694634384783
3.2,330,0.32996422030851646,-0.1387680052540268,2.3778119437869596,-0.008091919942627538
3.2,340,0.2902733847866412,-0.29599701827490815,0.9806632055902972,-0.20540377729620066
3.2,350,0.3070344153720952,-0.23832153068893266,1.2883200879271353,-0.0991493707986155
3.2,360,0.3109092659101389,-0.23622888703350262,1.3161356759304585,-0.08247599305157108
3.2,370,0.3636438865100837,-0.21513335464191335,1.6903184869466856,-0.10602474318139839
3.2,380,0.3257516812291814,-0.31277994621087646,1.0414723999266864,-0.12074020236182946
3.2,390,0.3178458314608923,-0.2722509849103902,1.1674735779762537,-0.0990354105733463
3.2,400,0.28235492916302785,-0.20271687835078217,1.3928535771670658,-0.04266251110106337
3.2,410,0.3263596769623449,-0.24630462152416494,1.3250245770574214,-0.11210556528638904
3.2,420,0.3225016209458347,-0.18515161829146579,1.741824478348077,-0.046380405476579276
3.2,430,0.28603538247273974,-0.41899112110920034,0.6826764770468519,-0.31423057302444635
3.2,440,0.3154495439794047,-0.3066736161572782,1.0286165074520979,-0.1654629855230176
3.2,450,0.33037932552691185,-0.2439954835050362,1.354038692769871,-0.10378721630133196
3.3,150,0.31843149290183215,-0.13516464765637662,2.3558785408990013,-0.03739699211231267
3.3,160,0.31758818493895524,-0.13516464765637662,2.34963942455091,-0.05888032408204716
3.3,170,0.31123452413310804,-0.15726523760130384,1.979042087623614,-0.09332917855576948
3.3,180,0.31528118761316604,-0.1358429667379498,2.320923896055396,-0.07126291731831037
3.3,190,0.31997394550955627,-0.13516464765637662,2.367290197974048,-0.04186457160159223
3.3,200,0.3235975935018669,-0.13516464765637662,2.3940993381977766,-0.04996904524970837
3.3,210,0.32352868030214,-0.13516464765637662,2.3935894918664924,-0.041928561861855534
3.3,220,0.3279218915703679,-0.13516464765637662,2.4260921569079947,-0.04284819765647324
3.3,230,0.3331441083873934,-0.13516464765637662,2.4647281235425673,-0.0044634055595489455
3.3,240,0.3331441083873934,-0.13516464765637662,2.4647281235425673,-0.0044634055595489455
3.3,250,0.33239978977123297,-0.13516464765637662,2.459221368417864,-0.009977934475650057
3.3,260,0.3343451171402205,-0.13516464765637662,2.473613647780239,0.004465389681547107
3.3,270,0.33320757974818216,-0.13516464765637662,2.4651977090583754,-0.003992483535266791
3.3,280,0.33307889628271337,-0.13516464765637662,2.4642456593345754,-0.004947132610913363
3.3,290,0.33661106135339547,-0.1314740656598773,2.560284871878888,0.00154935480329065
3.3,300,0.3357954624776158,-0.1314740656598773,2.554081375609977,-0.0063307667421108335
3.3,310,0.27637262434131293,-0.17825726361299207,1.5504143771741925,-0.015270505952062459
3.3,320,0.31294612621490825,-0.21430179435655441,1.4603056738490476,-0.07948838239193969
3.3,330,0.3287444497154104,-0.1387680052540268,2.369021945034198,-0.0206674988152418
3.3,340,0.2881036739490772,-0.30611490076498593,0.9411618749335678,-0.21903996381868943
3.3,350,0.30184024297954193,-0.2495864422434744,1.209361535291622,-0.12276634092821206
3.3,360,0.3093702918760932,-0.23622888703350262,1.3096209179202436,-0.08912423489602361
3.3,370,0.36296174259478886,-0.21432217749913807,1.6935332910018077,-0.10061852214444891
3.3,380,0.32416137671538303,-0.31277994621087646,1.0363879802474076,-0.11773002112484786
3.3,390,0.32260563209634063,-0.26980165531511835,1.195714057867989,-0.0980844907839925
3.3,400,0.28452999893290554,-0.2024986138240051,1.4050960328064037,-0.04259940417811156
3.3,410,0.3260089742218546,-0.2458436926853749,1.326082319464154,-0.11312314034130048
3.3,420,0.3210286362098147,-0.18515161829146579,1.7338689187390803,-0.06174472211174529
3.3,430,0.28287302950164994,-0.4360831042551019,0.6486677120519064,-0.33524675451855035
3.3,440,0.3100201800588427,-0.32247697200207326,0.9613715302959664,-0.18628902271808023
3.3,450,0.32867231052807067,-0.2439954835050362,1.3470426001606162,-0.11063226634145408
3.4,150,0.31711261165751203,-0.13503022575082835,2.348456502195892,-0.037368990698050046
3.4,160,0.31626529902876976,-0.13503022575082835,2.3421815172876554,-0.05883711331529311
3.4,170,0.30988098658252694,-0.16335955966876406,1.8969259418356477,-0.09325963653886686
3.4,180,0.31394727062781125,-0.14195278558800062,2.2116316303859094,-0.07120981745096588
3.4,190,0.3186623509771018,-0.13503022575082835,2.359933483079043,-0.041833655846594084
3.4,200,0.3223029260237993,-0.13503022575082835,2.3868946691872215,-0.049933281365664516
3.4,210,0.3222336933950818,-0.13503022575082835,2.3863819496954743,-0.04189855271885392
3.4,220,0.3266470782367934,-0.13503022575082835,2.419066371403068,-0.042818078448039795
3.4,230,0.3318927812904169,-0.13503022575082835,2.457914733126934,-0.004460268105706524
3.4,240,0.3318927812904169,-0.13503022575082835,2.457914733126934,-0.004460268105706524
3.4,250,0.3311451475041405,-0.13503022575082835,2.4523779447366367,-0.009970920703667938
3.4,260,0.3330991168962758,-0.13503022575082835,2.46684855219708,0.004462250833009455
3.4,270,0.33195653485800514,-0.13503022575082835,2.458386876065552,-0.003989677105817182
3.4,280,0.3318272791587129,-0.13503022575082835,2.4574296407608376,-0.004943655131663231
3.4,290,0.33537503650461886,-0.13134688068934622,2.5533536445210894,0.0015482868852943967
3.4,300,0.334555858317388,-0.13134688068934622,2.5471168904928887,-0.006326403158172783
3.4,310,0.27450691841604913,-0.1860155440464147,1.4757203212412937,-0.017601221022636896
3.4,320,0.3119763933760291,-0.21458346787943045,1.4538696594805782,-0.07865682819934616
3.4,330,0.3274075270028849,-0.13862632445703166,2.3617990903622887,-0.02065269969909943
3.4,340,0.28662457199125346,-0.31603572926846046,0.9069372398327047,-0.22879051834910347
3.4,350,0.29889370178881247,-0.25971016714631356,1.150874088115403,-0.13218966659456638
3.4,360,0.30869669816796463,-0.23814448922181317,1.296257995205749,-0.08977653163917376
3.4,370,0.36515231316315844,-0.21699449008755142,1.6827722815258088,-0.10164740473583454
3.4,380,0.325672699181472,-0.3209693163487435,1.014653683679901,-0.12361202842827297
3.4,390,0.32359744414979597,-0.27336457283262044,1.1837577956670078,-0.10086890656577964
3.4,400,0.28329796994777334,-0.20903876023823204,1.3552413419641,-0.04524753182608232
3.4,410,0.325562799996024,-0.24965536176660724,1.3040489004212918,-0.11155684798822654
3.4,420,0.31916999929657575,-0.184899479806553,1.7261811641141462,-0.061691097262055704
3.4,430,0.28329894099618347,-0.4327066451886868,0.6547136360077106,-0.3322773263253498
3.4,440,0.3074931246689201,-0.33113434491957283,0.9286053512317038,-0.19536379063839354
3.4,450,0.3285378948467119,-0.2439954835050362,1.3464917060234467,-0.11063226634145408
3.5,150,0.31234407411514575,-0.1496709124276212,2.086872252256704,-0.036109194033052634
3.5,160,0.31148208834654945,-0.1496709124276212,2.0811130452430286,-0.05798368085326455
3.5,170,0.30419481233564283,-0.16825585744005928,1.8079299999645568,-0.09689842268874842
3.5,180,0.30834478220771433,-0.1496709124276212,2.0601516834931144,-0.07440586213587976
3.5,190,0.31315502182608546,-0.1496709124276212,2.092290457422867,-0.0444161101585774
3.5,200,0.3168677200703687,-0.1496709124276212,2.117096200797209,-0.05259073744000323
3.5,210,0.3167971266961702,-0.1496709124276212,2.116624543525576,-0.04440116772038012
3.5,220,0.32129642809388836,-0.1496709124276212,2.1466858381668708,-0.04529251417868776
3.5,230,0.3266943186215332,-0.1496709124276212,2.1827508987727864,-0.005823492518278593
3.5,240,0.3266943186215332,-0.1496709124276212,2.1827508987727864,-0.005823492518278593
3.5,250,0.3259327191505139,-0.1496709124276212,2.1776624052327502,-0.011438409454626626
3.5,260,0.32792309204409653,-0.1496709124276212,2.190960733286607,0.003267844998156702
3.5,270,0.3267592609773926,-0.1496709124276212,2.1831847997546543,-0.005343997698309321
3.5,280,0.32664012849373125,-0.1496709124276212,2.1823888369203996,-0.006223514563395887
3.5,290,0.3302533958329641,-0.14554581389233373,2.269068322894303,0.0004141631349647021
3.5,300,0.3294191816188301,-0.14554581389233373,2.2633366965986057,-0.007606570524716737
3.5,310,0.27512825930071694,-0.1860155440464147,1.4790605844857072,-0.023486283226351268
3.5,320,0.306839061110183,-0.21727214899561978,1.412233747070679,-0.09113158001423326
3.5,330,0.3218638430402627,-0.15370061950766112,2.0940959383980857,-0.022259806659817905
3.5,340,0.2877995230135937,-0.31440075234457776,0.9153906944159295,-0.22746762251675837
3.5,350,0.29866853590644915,-0.2585262090295137,1.1552737226435437,-0.13136094067042886
3.5,360,0.30957324533677144,-0.2303036500227396,1.344196000828493,-0.08813818258697174
3.5,370,0.36571347703675205,-0.21552177863845645,1.6968748093446564,-0.0997482065095153
3.5,380,0.32845297895812275,-0.315528728819375,1.0409606129594187,-0.12116988911249467
3.5,390,0.3246718834279336,-0.27336457283262044,1.1876882218630735,-0.0956384680181411
3.5,400,0.28399839653858416,-0.20636860030074697,1.376170580818521,-0.05204254490629058
3.5,410,0.31979902056514686,-0.2651993514216343,1.2058816088758295,-0.12624470847843852
3.5,420,0.3124564963262333,-0.2057585306130352,1.5185591352898131,-0.0646120086293515
3.5,430,0.284691613967033,-0.4302267383594125,0.6617245944607025,-0.33020726818968305
3.5,440,0.3072352330423498,-0.3296095643711458,0.9321186829894228,-0.19423909101801765
3.5,450,0.32950832201984825,-0.2369204056054657,1.3907975599559186,-0.10856948623163407
